run_id,condition,seed,bank,scenario_id,traffic_type,term_reason,completion,collision,timeout,mean_U,min_U,min_U_vehicle,min_U_role,min_U_speed_class,ggi,gini,C_max,C_mean,episode_length,role_V0,speed_class_V0,U_V0,C_V0,role_V1,speed_class_V1,U_V1,C_V1,role_V2,speed_class_V2,U_V2,C_V2,role_V3,speed_class_V3,U_V3,C_V3
c64_920104,c64,920104,H1,H1_00000,heterogeneous,success,1,0,0,1.0,1.0,V1,ramp,fast,1.0,0.0,0.0,0.0,69,ramp,slow,1.0,0.0,ramp,fast,1.0,0.0,mainline,fast,1.0,0.0,mainline,slow,1.0,0.0
c64_920104,c64,920104,H1,H1_00001,heterogeneous,success,1,0,0,1.0,1.0,V1,ramp,fast,1.0,0.0,0.0,0.0,68,ramp,slow,1.0,0.0,ramp,fast,1.0,0.0,mainline,fast,1.0,0.0,mainline,slow,1.0,0.0
c64_920104,c64,920104,H1,H1_00002,heterogeneous,success,1,0,0,1.0,1.0,V1,ramp,fast,1.0,0.0,0.0,0.0,74,ramp,slow,1.0,0.0,ramp,fast,1.0,0.0,mainline,slow,1.0,0.0,mainline,fast,1.0,0.0
c64_920104,c64,920104,H1,H1_00003,heterogeneous,success,1,0,0,1.0,1.0,V1,ramp,fast,1.0,0.0,0.0,0.0,69,ramp,slow,1.0,0.0,ramp,fast,1.0,0.0,mainline,fast,1.0,0.0,mainline,slow,1.0,0.0
c64_920104,c64,920104,H1,H1_00004,heterogeneous,success,1,0,0,1.0,1.0,V0,ramp,fast,1.0,0.0,0.0,0.0,69,ramp,fast,1.0,0.0,ramp,slow,1.0,0.0,mainline,slow,1.0,0.0,mainline,fast,1.0,0.0
c64_920104,c64,920104,H1,H1_00005,heterogeneous,success,1,0,0,1.0,1.0,V0,ramp,fast,1.0,0.0,0.0,0.0,68,ramp,fast,1.0,0.0,ramp,slow,1.0,0.0,mainline,fast,1.0,0.0,mainline,slow,1.0,0.0
c64_920104,c64,920104,H1,H1_00006,heterogeneous,success,1,0,0,1.0,1.0,V1,ramp,fast,1.0,0.0,0.0,0.0,69,ramp,slow,1.0,0.0,ramp,fast,1.0,0.0,mainline,fast,1.0,0.0,mainline,slow,1.0,0.0
c64_920104,c64,920104,H1,H1_00007,heterogeneous,success,1,0,0,1.0,1.0,V1,ramp,fast,1.0,0.0,0.0,0.0,69,ramp,slow,1.0,0.0,ramp,fast,1.0,0.0,mainline,fast,1.0,0.0,mainline,slow,1.0,0.0
c64_920104,c64,920104,H1,H1_00008,heterogeneous,success,1,0,0,1.0,1.0,V0,ramp,fast,1.0,0.0,0.0,0.0,73,ramp,fast,1.0,0.0,ramp,slow,1.0,0.0,mainline,fast,1.0,0.0,mainline,slow,1.0,0.0
c64_920104,c64,920104,H1,H1_00009,heterogeneous,success,1,0,0,1.0,1.0,V1,ramp,fast,1.0,0.0,0.0,0.0,68,ramp,slow,1.0,0.0,ramp,fast,1.0,0.0,mainline,slow,1.0,0.0,mainline,fast,1.0,0.0
c64_920104,c64,920104,H1,H1_00010,heterogeneous,success,1,0,0,1.0,1.0,V0,ramp,fast,1.0,0.0,0.0,0.0,68,ramp,fast,1.0,0.0,ramp,slow,1.0,0.0,mainline,fast,1.0,0.0,mainline,slow,1.0,0.0
c64_920104,c64,920104,H1,H1_00011,heterogeneous,success,1,0,0,1.0,1.0,V1,ramp,fast,1.0,0.0,0.0,0.0,72,ramp,slow,1.0,0.0,ramp,fast,1.0,0.0,mainline,fast,1.0,0.0,mainline,slow,1.0,0.0
c64_920104,c64,920104,H1,H1_00012,heterogeneous,success,1,0,0,1.0,1.0,V0,ramp,fast,1.0,0.0,0.0,0.0,71,ramp,fast,1.0,0.0,ramp,slow,1.0,0.0,mainline,fast,1.0,0.0,mainline,slow,1.0,0.0
c64_920104,c64,920104,H1,H1_00013,heterogeneous,success,1,0,0,1.0,1.0,V0,ramp,fast,1.0,0.0,0.0,0.0,69,ramp,fast,1.0,0.0,ramp,slow,1.0,0.0,mainline,fast,1.0,0.0,mainline,slow,1.0,0.0
c64_920104,c64,920104,H1,H1_00014,heterogeneous,success,1,0,0,1.0,1.0,V1,ramp,fast,1.0,0.0,0.0,0.0,70,ramp,slow,1.0,0.0,ramp,fast,1.0,0.0,mainline,slow,1.0,0.0,mainline,fast,1.0,0.0
c64_920104,c64,920104,H1,H1_00015,heterogeneous,success,1,0,0,1.0,1.0,V0,ramp,fast,1.0,0.0,0.0,0.0,69,ramp,fast,1.0,0.0,ramp,slow,1.0,0.0,mainline,fast,1.0,0.0,mainline,slow,1.0,0.0
c64_920104,c64,920104,H1,H1_00016,heterogeneous,success,1,0,0,1.0,1.0,V1,ramp,fast,1.0,0.0,0.0,0.0,70,ramp,slow,1.0,0.0,ramp,fast,1.0,0.0,mainline,slow,1.0,0.0,mainline,fast,1.0,0.0
c64_920104,c64,920104,H1,H1_00017,heterogeneous,success,1,0,0,1.0,1.0,V0,ramp,fast,1.0,0.0,0.0,0.0,69,ramp,fast,1.0,0.0,ramp,slow,1.0,0.0,mainline,fast,1.0,0.0,mainline,slow,1.0,0.0
c64_920104,c64,920104,H1,H1_00018,heterogeneous,success,1,0,0,1.0,1.0,V1,ramp,fast,1.0,0.0,0.0,0.0,69,ramp,slow,1.0,0.0,ramp,fast,1.0,0.0,mainline,fast,1.0,0.0,mainline,slow,1.0,0.0
c64_920104,c64,920104,H1,H1_00019,heterogeneous,success,1,0,0,1.0,1.0,V1,ramp,fast,1.0,0.0,0.0,0.0,69,ramp,slow,1.0,0.0,ramp,fast,1.0,0.0,mainline,fast,1.0,0.0,mainline,slow,1.0,0.0
c64_920104,c64,920104,H1,H1_00020,heterogeneous,success,1,0,0,1.0,1.0,V1,ramp,fast,1.0,0.0,0.0,0.0,69,ramp,slow,1.0,0.0,ramp,fast,1.0,0.0,mainline,slow,1.0,0.0,mainline,fast,1.0,0.0
c64_920104,c64,920104,H1,H1_00021,heterogeneous,success,1,0,0,1.0,1.0,V1,ramp,fast,1.0,0.0,0.0,0.0,69,ramp,slow,1.0,0.0,ramp,fast,1.0,0.0,mainline,slow,1.0,0.0,mainline,fast,1.0,0.0
c64_920104,c64,920104,H1,H1_00022,heterogeneous,success,1,0,0,1.0,1.0,V1,ramp,fast,1.0,0.0,0.0,0.0,73,ramp,slow,1.0,0.0,ramp,fast,1.0,0.0,mainline,slow,1.0,0.0,mainline,fast,1.0,0.0
c64_920104,c64,920104,H1,H1_00023,heterogeneous,success,1,0,0,1.0,1.0,V0,ramp,fast,1.0,0.0,0.0,0.0,72,ramp,fast,1.0,0.0,ramp,slow,1.0,0.0,mainline,slow,1.0,0.0,mainline,fast,1.0,0.0
c64_920104,c64,920104,H1,H1_00024,heterogeneous,success,1,0,0,1.0,1.0,V1,ramp,fast,1.0,0.0,0.0,0.0,69,ramp,slow,1.0,0.0,ramp,fast,1.0,0.0,mainline,fast,1.0,0.0,mainline,slow,1.0,0.0
c64_920104,c64,920104,H1,H1_00025,heterogeneous,success,1,0,0,1.0,1.0,V1,ramp,fast,1.0,0.0,0.0,0.0,69,ramp,slow,1.0,0.0,ramp,fast,1.0,0.0,mainline,slow,1.0,0.0,mainline,fast,1.0,0.0
c64_920104,c64,920104,H1,H1_00026,heterogeneous,success,1,0,0,1.0,1.0,V1,ramp,fast,1.0,0.0,0.0,0.0,70,ramp,slow,1.0,0.0,ramp,fast,1.0,0.0,mainline,fast,1.0,0.0,mainline,slow,1.0,0.0
c64_920104,c64,920104,H1,H1_00027,heterogeneous,success,1,0,0,1.0,1.0,V0,ramp,fast,1.0,0.0,0.0,0.0,69,ramp,fast,1.0,0.0,ramp,slow,1.0,0.0,mainline,fast,1.0,0.0,mainline,slow,1.0,0.0
c64_920104,c64,920104,H1,H1_00028,heterogeneous,success,1,0,0,1.0,1.0,V0,ramp,fast,1.0,0.0,0.0,0.0,69,ramp,fast,1.0,0.0,ramp,slow,1.0,0.0,mainline,slow,1.0,0.0,mainline,fast,1.0,0.0
c64_920104,c64,920104,H1,H1_00029,heterogeneous,success,1,0,0,1.0,1.0,V0,ramp,fast,1.0,0.0,0.0,0.0,69,ramp,fast,1.0,0.0,ramp,slow,1.0,0.0,mainline,slow,1.0,0.0,mainline,fast,1.0,0.0
c64_920104,c64,920104,H1,H1_00030,heterogeneous,success,1,0,0,1.0,1.0,V0,ramp,fast,1.0,0.0,0.0,0.0,69,ramp,fast,1.0,0.0,ramp,slow,1.0,0.0,mainline,slow,1.0,0.0,mainline,fast,1.0,0.0
c64_920104,c64,920104,H1,H1_00031,heterogeneous,success,1,0,0,1.0,1.0,V0,ramp,fast,1.0,0.0,0.0,0.0,70,ramp,fast,1.0,0.0,ramp,slow,1.0,0.0,mainline,fast,1.0,0.0,mainline,slow,1.0,0.0
c64_920104,c64,920104,H1,H1_00032,heterogeneous,success,1,0,0,1.0,1.0,V0,ramp,fast,1.0,0.0,0.0,0.0,72,ramp,fast,1.0,0.0,ramp,slow,1.0,0.0,mainline,slow,1.0,0.0,mainline,fast,1.0,0.0
c64_920104,c64,920104,H1,H1_00033,heterogeneous,success,1,0,0,1.0,1.0,V1,ramp,fast,1.0,0.0,0.0,0.0,69,ramp,slow,1.0,0.0,ramp,fast,1.0,0.0,mainline,slow,1.0,0.0,mainline,fast,1.0,0.0
c64_920104,c64,920104,H1,H1_00034,heterogeneous,collision,0,1,0,0.5,0.0,V2,mainline,fast,0.30000000000000004,0.5,0.3192136350331204,0.0798034087582801,37,ramp,slow,1.0,0.0,ramp,fast,1.0,0.0,mainline,fast,0.0,0.3192136350331204,mainline,slow,0.0,0.0
c64_920104,c64,920104,H1,H1_00035,heterogeneous,success,1,0,0,1.0,1.0,V0,ramp,fast,1.0,0.0,0.0,0.0,72,ramp,fast,1.0,0.0,ramp,slow,1.0,0.0,mainline,fast,1.0,0.0,mainline,slow,1.0,0.0
c64_920104,c64,920104,H1,H1_00036,heterogeneous,success,1,0,0,1.0,1.0,V1,ramp,fast,1.0,0.0,0.0,0.0,69,ramp,slow,1.0,0.0,ramp,fast,1.0,0.0,mainline,slow,1.0,0.0,mainline,fast,1.0,0.0
c64_920104,c64,920104,H1,H1_00037,heterogeneous,success,1,0,0,1.0,1.0,V1,ramp,fast,1.0,0.0,0.0,0.0,72,ramp,slow,1.0,0.0,ramp,fast,1.0,0.0,mainline,slow,1.0,0.0,mainline,fast,1.0,0.0
c64_920104,c64,920104,H1,H1_00038,heterogeneous,success,1,0,0,1.0,1.0,V1,ramp,fast,1.0,0.0,0.0,0.0,68,ramp,slow,1.0,0.0,ramp,fast,1.0,0.0,mainline,slow,1.0,0.0,mainline,fast,1.0,0.0
c64_920104,c64,920104,H1,H1_00039,heterogeneous,success,1,0,0,1.0,1.0,V1,ramp,fast,1.0,0.0,0.0,0.0,69,ramp,slow,1.0,0.0,ramp,fast,1.0,0.0,mainline,fast,1.0,0.0,mainline,slow,1.0,0.0
c64_920104,c64,920104,H1,H1_00040,heterogeneous,success,1,0,0,1.0,1.0,V1,ramp,fast,1.0,0.0,0.0,0.0,68,ramp,slow,1.0,0.0,ramp,fast,1.0,0.0,mainline,fast,1.0,0.0,mainline,slow,1.0,0.0
c64_920104,c64,920104,H1,H1_00041,heterogeneous,success,1,0,0,1.0,1.0,V0,ramp,fast,1.0,0.0,0.0,0.0,73,ramp,fast,1.0,0.0,ramp,slow,1.0,0.0,mainline,fast,1.0,0.0,mainline,slow,1.0,0.0
c64_920104,c64,920104,H1,H1_00042,heterogeneous,success,1,0,0,1.0,1.0,V1,ramp,fast,1.0,0.0,0.0,0.0,69,ramp,slow,1.0,0.0,ramp,fast,1.0,0.0,mainline,slow,1.0,0.0,mainline,fast,1.0,0.0
c64_920104,c64,920104,H1,H1_00043,heterogeneous,success,1,0,0,1.0,1.0,V1,ramp,fast,1.0,0.0,0.0,0.0,69,ramp,slow,1.0,0.0,ramp,fast,1.0,0.0,mainline,slow,1.0,0.0,mainline,fast,1.0,0.0
c64_920104,c64,920104,H1,H1_00044,heterogeneous,success,1,0,0,1.0,1.0,V0,ramp,fast,1.0,0.0,0.0,0.0,69,ramp,fast,1.0,0.0,ramp,slow,1.0,0.0,mainline,slow,1.0,0.0,mainline,fast,1.0,0.0
c64_920104,c64,920104,H1,H1_00045,heterogeneous,success,1,0,0,1.0,1.0,V1,ramp,fast,1.0,0.0,0.0,0.0,69,ramp,slow,1.0,0.0,ramp,fast,1.0,0.0,mainline,slow,1.0,0.0,mainline,fast,1.0,0.0
c64_920104,c64,920104,H1,H1_00046,heterogeneous,success,1,0,0,1.0,1.0,V0,ramp,fast,1.0,0.0,0.0,0.0,68,ramp,fast,1.0,0.0,ramp,slow,1.0,0.0,mainline,fast,1.0,0.0,mainline,slow,1.0,0.0
c64_920104,c64,920104,H1,H1_00047,heterogeneous,success,1,0,0,1.0,1.0,V0,ramp,fast,1.0,0.0,0.0,0.0,69,ramp,fast,1.0,0.0,ramp,slow,1.0,0.0,mainline,slow,1.0,0.0,mainline,fast,1.0,0.0
c64_920104,c64,920104,H1,H1_00048,heterogeneous,success,1,0,0,1.0,1.0,V0,ramp,fast,1.0,0.0,0.0,0.0,70,ramp,fast,1.0,0.0,ramp,slow,1.0,0.0,mainline,fast,1.0,0.0,mainline,slow,1.0,0.0
c64_920104,c64,920104,H1,H1_00049,heterogeneous,success,1,0,0,1.0,1.0,V1,ramp,fast,1.0,0.0,0.0,0.0,73,ramp,slow,1.0,0.0,ramp,fast,1.0,0.0,mainline,fast,1.0,0.0,mainline,slow,1.0,0.0
c64_920104,c64,920104,H1,H1_00050,heterogeneous,collision,0,1,0,0.5,0.0,V3,mainline,fast,0.30000000000000004,0.5,0.20451543679164882,0.051128859197912206,41,ramp,fast,1.0,0.0,ramp,slow,1.0,0.0,mainline,slow,0.0,0.0,mainline,fast,0.0,0.20451543679164882
c64_920104,c64,920104,H1,H1_00051,heterogeneous,success,1,0,0,1.0,1.0,V0,ramp,fast,1.0,0.0,0.0,0.0,72,ramp,fast,1.0,0.0,ramp,slow,1.0,0.0,mainline,fast,1.0,0.0,mainline,slow,1.0,0.0
c64_920104,c64,920104,H1,H1_00052,heterogeneous,success,1,0,0,1.0,1.0,V1,ramp,fast,1.0,0.0,0.0,0.0,68,ramp,slow,1.0,0.0,ramp,fast,1.0,0.0,mainline,slow,1.0,0.0,mainline,fast,1.0,0.0
c64_920104,c64,920104,H1,H1_00053,heterogeneous,success,1,0,0,1.0,1.0,V1,ramp,fast,1.0,0.0,0.0,0.0,68,ramp,slow,1.0,0.0,ramp,fast,1.0,0.0,mainline,fast,1.0,0.0,mainline,slow,1.0,0.0
c64_920104,c64,920104,H1,H1_00054,heterogeneous,success,1,0,0,1.0,1.0,V1,ramp,fast,1.0,0.0,0.0,0.0,70,ramp,slow,1.0,0.0,ramp,fast,1.0,0.0,mainline,fast,1.0,0.0,mainline,slow,1.0,0.0
c64_920104,c64,920104,H1,H1_00055,heterogeneous,success,1,0,0,1.0,1.0,V0,ramp,fast,1.0,0.0,0.0,0.0,69,ramp,fast,1.0,0.0,ramp,slow,1.0,0.0,mainline,slow,1.0,0.0,mainline,fast,1.0,0.0
c64_920104,c64,920104,H1,H1_00056,heterogeneous,success,1,0,0,1.0,1.0,V1,ramp,fast,1.0,0.0,0.0,0.0,69,ramp,slow,1.0,0.0,ramp,fast,1.0,0.0,mainline,fast,1.0,0.0,mainline,slow,1.0,0.0
c64_920104,c64,920104,H1,H1_00057,heterogeneous,success,1,0,0,1.0,1.0,V1,ramp,fast,1.0,0.0,0.0,0.0,72,ramp,slow,1.0,0.0,ramp,fast,1.0,0.0,mainline,slow,1.0,0.0,mainline,fast,1.0,0.0
c64_920104,c64,920104,H1,H1_00058,heterogeneous,success,1,0,0,1.0,1.0,V0,ramp,fast,1.0,0.0,0.0,0.0,72,ramp,fast,1.0,0.0,ramp,slow,1.0,0.0,mainline,slow,1.0,0.0,mainline,fast,1.0,0.0
c64_920104,c64,920104,H1,H1_00059,heterogeneous,success,1,0,0,1.0,1.0,V0,ramp,fast,1.0,0.0,0.0,0.0,69,ramp,fast,1.0,0.0,ramp,slow,1.0,0.0,mainline,fast,1.0,0.0,mainline,slow,1.0,0.0
c64_920104,c64,920104,H1,H1_00060,heterogeneous,success,1,0,0,1.0,1.0,V1,ramp,fast,1.0,0.0,0.0,0.0,68,ramp,slow,1.0,0.0,ramp,fast,1.0,0.0,mainline,fast,1.0,0.0,mainline,slow,1.0,0.0
c64_920104,c64,920104,H1,H1_00061,heterogeneous,success,1,0,0,1.0,1.0,V1,ramp,fast,1.0,0.0,0.0,0.0,68,ramp,slow,1.0,0.0,ramp,fast,1.0,0.0,mainline,fast,1.0,0.0,mainline,slow,1.0,0.0
c64_920104,c64,920104,H1,H1_00062,heterogeneous,success,1,0,0,1.0,1.0,V0,ramp,fast,1.0,0.0,0.0,0.0,74,ramp,fast,1.0,0.0,ramp,slow,1.0,0.0,mainline,fast,1.0,0.0,mainline,slow,1.0,0.0
c64_920104,c64,920104,H1,H1_00063,heterogeneous,success,1,0,0,1.0,1.0,V1,ramp,fast,1.0,0.0,0.0,0.0,70,ramp,slow,1.0,0.0,ramp,fast,1.0,0.0,mainline,slow,1.0,0.0,mainline,fast,1.0,0.0
c64_920104,c64,920104,H1,H1_00064,heterogeneous,success,1,0,0,1.0,1.0,V1,ramp,fast,1.0,0.0,0.0,0.0,74,ramp,slow,1.0,0.0,ramp,fast,1.0,0.0,mainline,slow,1.0,0.0,mainline,fast,1.0,0.0
c64_920104,c64,920104,H1,H1_00065,heterogeneous,success,1,0,0,1.0,1.0,V1,ramp,fast,1.0,0.0,0.0,0.0,68,ramp,slow,1.0,0.0,ramp,fast,1.0,0.0,mainline,slow,1.0,0.0,mainline,fast,1.0,0.0
c64_920104,c64,920104,H1,H1_00066,heterogeneous,success,1,0,0,1.0,1.0,V0,ramp,fast,1.0,0.0,0.0,0.0,68,ramp,fast,1.0,0.0,ramp,slow,1.0,0.0,mainline,slow,1.0,0.0,mainline,fast,1.0,0.0
c64_920104,c64,920104,H1,H1_00067,heterogeneous,success,1,0,0,1.0,1.0,V0,ramp,fast,1.0,0.0,0.0,0.0,68,ramp,fast,1.0,0.0,ramp,slow,1.0,0.0,mainline,fast,1.0,0.0,mainline,slow,1.0,0.0
c64_920104,c64,920104,H1,H1_00068,heterogeneous,success,1,0,0,1.0,1.0,V1,ramp,fast,1.0,0.0,0.0,0.0,73,ramp,slow,1.0,0.0,ramp,fast,1.0,0.0,mainline,fast,1.0,0.0,mainline,slow,1.0,0.0
c64_920104,c64,920104,H1,H1_00069,heterogeneous,success,1,0,0,1.0,1.0,V0,ramp,fast,1.0,0.0,0.0,0.0,69,ramp,fast,1.0,0.0,ramp,slow,1.0,0.0,mainline,slow,1.0,0.0,mainline,fast,1.0,0.0
c64_920104,c64,920104,H1,H1_00070,heterogeneous,success,1,0,0,1.0,1.0,V0,ramp,fast,1.0,0.0,0.0,0.0,68,ramp,fast,1.0,0.0,ramp,slow,1.0,0.0,mainline,fast,1.0,0.0,mainline,slow,1.0,0.0
c64_920104,c64,920104,H1,H1_00071,heterogeneous,collision,0,1,0,0.5,0.0,V1,ramp,fast,0.30000000000000004,0.5,0.3506729815727404,0.0876682453931851,38,ramp,slow,0.0,0.0,ramp,fast,0.0,0.3506729815727404,mainline,fast,1.0,0.0,mainline,slow,1.0,0.0
c64_920104,c64,920104,H1,H1_00072,heterogeneous,success,1,0,0,1.0,1.0,V0,ramp,fast,1.0,0.0,0.0,0.0,70,ramp,fast,1.0,0.0,ramp,slow,1.0,0.0,mainline,slow,1.0,0.0,mainline,fast,1.0,0.0
c64_920104,c64,920104,H1,H1_00073,heterogeneous,success,1,0,0,1.0,1.0,V0,ramp,fast,1.0,0.0,0.0,0.0,72,ramp,fast,1.0,0.0,ramp,slow,1.0,0.0,mainline,slow,1.0,0.0,mainline,fast,1.0,0.0
c64_920104,c64,920104,H1,H1_00074,heterogeneous,success,1,0,0,1.0,1.0,V1,ramp,fast,1.0,0.0,0.0,0.0,73,ramp,slow,1.0,0.0,ramp,fast,1.0,0.0,mainline,fast,1.0,0.0,mainline,slow,1.0,0.0
c64_920104,c64,920104,H1,H1_00075,heterogeneous,success,1,0,0,1.0,1.0,V1,ramp,fast,1.0,0.0,0.0,0.0,69,ramp,slow,1.0,0.0,ramp,fast,1.0,0.0,mainline,slow,1.0,0.0,mainline,fast,1.0,0.0
c64_920104,c64,920104,H1,H1_00076,heterogeneous,success,1,0,0,1.0,1.0,V0,ramp,fast,1.0,0.0,0.0,0.0,69,ramp,fast,1.0,0.0,ramp,slow,1.0,0.0,mainline,fast,1.0,0.0,mainline,slow,1.0,0.0
c64_920104,c64,920104,H1,H1_00077,heterogeneous,success,1,0,0,1.0,1.0,V1,ramp,fast,1.0,0.0,0.0,0.0,69,ramp,slow,1.0,0.0,ramp,fast,1.0,0.0,mainline,slow,1.0,0.0,mainline,fast,1.0,0.0
c64_920104,c64,920104,H1,H1_00078,heterogeneous,success,1,0,0,1.0,1.0,V0,ramp,fast,1.0,0.0,0.0,0.0,68,ramp,fast,1.0,0.0,ramp,slow,1.0,0.0,mainline,slow,1.0,0.0,mainline,fast,1.0,0.0
c64_920104,c64,920104,H1,H1_00079,heterogeneous,success,1,0,0,1.0,1.0,V1,ramp,fast,1.0,0.0,0.0,0.0,69,ramp,slow,1.0,0.0,ramp,fast,1.0,0.0,mainline,fast,1.0,0.0,mainline,slow,1.0,0.0
c64_920104,c64,920104,H1,H1_00080,heterogeneous,success,1,0,0,1.0,1.0,V0,ramp,fast,1.0,0.0,0.0,0.0,71,ramp,fast,1.0,0.0,ramp,slow,1.0,0.0,mainline,slow,1.0,0.0,mainline,fast,1.0,0.0
c64_920104,c64,920104,H1,H1_00081,heterogeneous,success,1,0,0,1.0,1.0,V0,ramp,fast,1.0,0.0,0.0,0.0,70,ramp,fast,1.0,0.0,ramp,slow,1.0,0.0,mainline,slow,1.0,0.0,mainline,fast,1.0,0.0
c64_920104,c64,920104,H1,H1_00082,heterogeneous,success,1,0,0,1.0,1.0,V1,ramp,fast,1.0,0.0,0.0,0.0,72,ramp,slow,1.0,0.0,ramp,fast,1.0,0.0,mainline,fast,1.0,0.0,mainline,slow,1.0,0.0
c64_920104,c64,920104,H1,H1_00083,heterogeneous,success,1,0,0,1.0,1.0,V0,ramp,fast,1.0,0.0,0.0,0.0,69,ramp,fast,1.0,0.0,ramp,slow,1.0,0.0,mainline,fast,1.0,0.0,mainline,slow,1.0,0.0
c64_920104,c64,920104,H1,H1_00084,heterogeneous,success,1,0,0,1.0,1.0,V1,ramp,fast,1.0,0.0,0.0,0.0,68,ramp,slow,1.0,0.0,ramp,fast,1.0,0.0,mainline,slow,1.0,0.0,mainline,fast,1.0,0.0
c64_920104,c64,920104,H1,H1_00085,heterogeneous,success,1,0,0,1.0,1.0,V1,ramp,fast,1.0,0.0,0.0,0.0,69,ramp,slow,1.0,0.0,ramp,fast,1.0,0.0,mainline,fast,1.0,0.0,mainline,slow,1.0,0.0
c64_920104,c64,920104,H1,H1_00086,heterogeneous,success,1,0,0,1.0,1.0,V0,ramp,fast,1.0,0.0,0.0,0.0,69,ramp,fast,1.0,0.0,ramp,slow,1.0,0.0,mainline,fast,1.0,0.0,mainline,slow,1.0,0.0
c64_920104,c64,920104,H1,H1_00087,heterogeneous,success,1,0,0,1.0,1.0,V1,ramp,fast,1.0,0.0,0.0,0.0,69,ramp,slow,1.0,0.0,ramp,fast,1.0,0.0,mainline,slow,1.0,0.0,mainline,fast,1.0,0.0
c64_920104,c64,920104,H1,H1_00088,heterogeneous,success,1,0,0,1.0,1.0,V0,ramp,fast,1.0,0.0,0.0,0.0,70,ramp,fast,1.0,0.0,ramp,slow,1.0,0.0,mainline,fast,1.0,0.0,mainline,slow,1.0,0.0
c64_920104,c64,920104,H1,H1_00089,heterogeneous,success,1,0,0,1.0,1.0,V1,ramp,fast,1.0,0.0,0.0,0.0,68,ramp,slow,1.0,0.0,ramp,fast,1.0,0.0,mainline,fast,1.0,0.0,mainline,slow,1.0,0.0
c64_920104,c64,920104,H1,H1_00090,heterogeneous,success,1,0,0,1.0,1.0,V1,ramp,fast,1.0,0.0,0.0,0.0,68,ramp,slow,1.0,0.0,ramp,fast,1.0,0.0,mainline,slow,1.0,0.0,mainline,fast,1.0,0.0
c64_920104,c64,920104,H1,H1_00091,heterogeneous,success,1,0,0,1.0,1.0,V0,ramp,fast,1.0,0.0,0.0,0.0,73,ramp,fast,1.0,0.0,ramp,slow,1.0,0.0,mainline,fast,1.0,0.0,mainline,slow,1.0,0.0
c64_920104,c64,920104,H1,H1_00092,heterogeneous,success,1,0,0,1.0,1.0,V1,ramp,fast,1.0,0.0,0.0,0.0,69,ramp,slow,1.0,0.0,ramp,fast,1.0,0.0,mainline,fast,1.0,0.0,mainline,slow,1.0,0.0
c64_920104,c64,920104,H1,H1_00093,heterogeneous,success,1,0,0,1.0,1.0,V0,ramp,fast,1.0,0.0,0.0,0.0,69,ramp,fast,1.0,0.0,ramp,slow,1.0,0.0,mainline,fast,1.0,0.0,mainline,slow,1.0,0.0
c64_920104,c64,920104,H1,H1_00094,heterogeneous,success,1,0,0,1.0,1.0,V1,ramp,fast,1.0,0.0,0.0,0.0,72,ramp,slow,1.0,0.0,ramp,fast,1.0,0.0,mainline,slow,1.0,0.0,mainline,fast,1.0,0.0
c64_920104,c64,920104,H1,H1_00095,heterogeneous,success,1,0,0,1.0,1.0,V1,ramp,fast,1.0,0.0,0.0,0.0,68,ramp,slow,1.0,0.0,ramp,fast,1.0,0.0,mainline,slow,1.0,0.0,mainline,fast,1.0,0.0
c64_920104,c64,920104,H1,H1_00096,heterogeneous,success,1,0,0,1.0,1.0,V0,ramp,fast,1.0,0.0,0.0,0.0,69,ramp,fast,1.0,0.0,ramp,slow,1.0,0.0,mainline,slow,1.0,0.0,mainline,fast,1.0,0.0
c64_920104,c64,920104,H1,H1_00097,heterogeneous,success,1,0,0,1.0,1.0,V1,ramp,fast,1.0,0.0,0.0,0.0,72,ramp,slow,1.0,0.0,ramp,fast,1.0,0.0,mainline,fast,1.0,0.0,mainline,slow,1.0,0.0
c64_920104,c64,920104,H1,H1_00098,heterogeneous,success,1,0,0,1.0,1.0,V1,ramp,fast,1.0,0.0,0.0,0.0,69,ramp,slow,1.0,0.0,ramp,fast,1.0,0.0,mainline,slow,1.0,0.0,mainline,fast,1.0,0.0
c64_920104,c64,920104,H1,H1_00099,heterogeneous,success,1,0,0,1.0,1.0,V1,ramp,fast,1.0,0.0,0.0,0.0,69,ramp,slow,1.0,0.0,ramp,fast,1.0,0.0,mainline,slow,1.0,0.0,mainline,fast,1.0,0.0
c64_920104,c64,920104,H1,H1_00100,heterogeneous,success,1,0,0,1.0,1.0,V1,ramp,fast,1.0,0.0,0.0,0.0,69,ramp,slow,1.0,0.0,ramp,fast,1.0,0.0,mainline,slow,1.0,0.0,mainline,fast,1.0,0.0
c64_920104,c64,920104,H1,H1_00101,heterogeneous,success,1,0,0,1.0,1.0,V0,ramp,fast,1.0,0.0,0.0,0.0,73,ramp,fast,1.0,0.0,ramp,slow,1.0,0.0,mainline,fast,1.0,0.0,mainline,slow,1.0,0.0
c64_920104,c64,920104,H1,H1_00102,heterogeneous,success,1,0,0,1.0,1.0,V1,ramp,fast,1.0,0.0,0.0,0.0,68,ramp,slow,1.0,0.0,ramp,fast,1.0,0.0,mainline,fast,1.0,0.0,mainline,slow,1.0,0.0
c64_920104,c64,920104,H1,H1_00103,heterogeneous,success,1,0,0,1.0,1.0,V1,ramp,fast,1.0,0.0,0.0,0.0,69,ramp,slow,1.0,0.0,ramp,fast,1.0,0.0,mainline,fast,1.0,0.0,mainline,slow,1.0,0.0
c64_920104,c64,920104,H1,H1_00104,heterogeneous,success,1,0,0,1.0,1.0,V0,ramp,fast,1.0,0.0,0.0,0.0,69,ramp,fast,1.0,0.0,ramp,slow,1.0,0.0,mainline,slow,1.0,0.0,mainline,fast,1.0,0.0
c64_920104,c64,920104,H1,H1_00105,heterogeneous,success,1,0,0,1.0,1.0,V0,ramp,fast,1.0,0.0,0.0,0.0,68,ramp,fast,1.0,0.0,ramp,slow,1.0,0.0,mainline,fast,1.0,0.0,mainline,slow,1.0,0.0
c64_920104,c64,920104,H1,H1_00106,heterogeneous,success,1,0,0,1.0,1.0,V1,ramp,fast,1.0,0.0,0.0,0.0,69,ramp,slow,1.0,0.0,ramp,fast,1.0,0.0,mainline,fast,1.0,0.0,mainline,slow,1.0,0.0
c64_920104,c64,920104,H1,H1_00107,heterogeneous,success,1,0,0,1.0,1.0,V0,ramp,fast,1.0,0.0,0.0,0.0,73,ramp,fast,1.0,0.0,ramp,slow,1.0,0.0,mainline,slow,1.0,0.0,mainline,fast,1.0,0.0
c64_920104,c64,920104,H1,H1_00108,heterogeneous,success,1,0,0,1.0,1.0,V1,ramp,fast,1.0,0.0,0.0,0.0,68,ramp,slow,1.0,0.0,ramp,fast,1.0,0.0,mainline,slow,1.0,0.0,mainline,fast,1.0,0.0
c64_920104,c64,920104,H1,H1_00109,heterogeneous,success,1,0,0,1.0,1.0,V0,ramp,fast,1.0,0.0,0.0,0.0,72,ramp,fast,1.0,0.0,ramp,slow,1.0,0.0,mainline,fast,1.0,0.0,mainline,slow,1.0,0.0
c64_920104,c64,920104,H1,H1_00110,heterogeneous,success,1,0,0,1.0,1.0,V0,ramp,fast,1.0,0.0,0.0,0.0,68,ramp,fast,1.0,0.0,ramp,slow,1.0,0.0,mainline,slow,1.0,0.0,mainline,fast,1.0,0.0
c64_920104,c64,920104,H1,H1_00111,heterogeneous,success,1,0,0,1.0,1.0,V1,ramp,fast,1.0,0.0,0.0,0.0,73,ramp,slow,1.0,0.0,ramp,fast,1.0,0.0,mainline,fast,1.0,0.0,mainline,slow,1.0,0.0
c64_920104,c64,920104,H1,H1_00112,heterogeneous,success,1,0,0,1.0,1.0,V0,ramp,fast,1.0,0.0,0.0,0.0,69,ramp,fast,1.0,0.0,ramp,slow,1.0,0.0,mainline,slow,1.0,0.0,mainline,fast,1.0,0.0
c64_920104,c64,920104,H1,H1_00113,heterogeneous,success,1,0,0,1.0,1.0,V1,ramp,fast,1.0,0.0,0.0,0.0,69,ramp,slow,1.0,0.0,ramp,fast,1.0,0.0,mainline,fast,1.0,0.0,mainline,slow,1.0,0.0
c64_920104,c64,920104,H1,H1_00114,heterogeneous,success,1,0,0,1.0,1.0,V0,ramp,fast,1.0,0.0,0.0,0.0,69,ramp,fast,1.0,0.0,ramp,slow,1.0,0.0,mainline,slow,1.0,0.0,mainline,fast,1.0,0.0
c64_920104,c64,920104,H1,H1_00115,heterogeneous,success,1,0,0,1.0,1.0,V0,ramp,fast,1.0,0.0,0.0,0.0,69,ramp,fast,1.0,0.0,ramp,slow,1.0,0.0,mainline,fast,1.0,0.0,mainline,slow,1.0,0.0
c64_920104,c64,920104,H1,H1_00116,heterogeneous,success,1,0,0,1.0,1.0,V1,ramp,fast,1.0,0.0,0.0,0.0,68,ramp,slow,1.0,0.0,ramp,fast,1.0,0.0,mainline,slow,1.0,0.0,mainline,fast,1.0,0.0
c64_920104,c64,920104,H1,H1_00117,heterogeneous,success,1,0,0,1.0,1.0,V0,ramp,fast,1.0,0.0,0.0,0.0,69,ramp,fast,1.0,0.0,ramp,slow,1.0,0.0,mainline,slow,1.0,0.0,mainline,fast,1.0,0.0
c64_920104,c64,920104,H1,H1_00118,heterogeneous,success,1,0,0,1.0,1.0,V1,ramp,fast,1.0,0.0,0.0,0.0,73,ramp,slow,1.0,0.0,ramp,fast,1.0,0.0,mainline,fast,1.0,0.0,mainline,slow,1.0,0.0
c64_920104,c64,920104,H1,H1_00119,heterogeneous,success,1,0,0,1.0,1.0,V1,ramp,fast,1.0,0.0,0.0,0.0,69,ramp,slow,1.0,0.0,ramp,fast,1.0,0.0,mainline,fast,1.0,0.0,mainline,slow,1.0,0.0
c64_920104,c64,920104,H1,H1_00120,heterogeneous,success,1,0,0,1.0,1.0,V0,ramp,fast,1.0,0.0,0.0,0.0,74,ramp,fast,1.0,0.0,ramp,slow,1.0,0.0,mainline,fast,1.0,0.0,mainline,slow,1.0,0.0
c64_920104,c64,920104,H1,H1_00121,heterogeneous,success,1,0,0,1.0,1.0,V0,ramp,fast,1.0,0.0,0.0,0.0,69,ramp,fast,1.0,0.0,ramp,slow,1.0,0.0,mainline,slow,1.0,0.0,mainline,fast,1.0,0.0
c64_920104,c64,920104,H1,H1_00122,heterogeneous,success,1,0,0,1.0,1.0,V1,ramp,fast,1.0,0.0,0.0,0.0,68,ramp,slow,1.0,0.0,ramp,fast,1.0,0.0,mainline,fast,1.0,0.0,mainline,slow,1.0,0.0
c64_920104,c64,920104,H1,H1_00123,heterogeneous,success,1,0,0,1.0,1.0,V1,ramp,fast,1.0,0.0,0.0,0.0,69,ramp,slow,1.0,0.0,ramp,fast,1.0,0.0,mainline,fast,1.0,0.0,mainline,slow,1.0,0.0
c64_920104,c64,920104,H1,H1_00124,heterogeneous,success,1,0,0,1.0,1.0,V1,ramp,fast,1.0,0.0,0.0,0.0,68,ramp,slow,1.0,0.0,ramp,fast,1.0,0.0,mainline,slow,1.0,0.0,mainline,fast,1.0,0.0
c64_920104,c64,920104,H1,H1_00125,heterogeneous,success,1,0,0,1.0,1.0,V0,ramp,fast,1.0,0.0,0.0,0.0,69,ramp,fast,1.0,0.0,ramp,slow,1.0,0.0,mainline,fast,1.0,0.0,mainline,slow,1.0,0.0
c64_920104,c64,920104,H1,H1_00126,heterogeneous,success,1,0,0,1.0,1.0,V0,ramp,fast,1.0,0.0,0.0,0.0,69,ramp,fast,1.0,0.0,ramp,slow,1.0,0.0,mainline,fast,1.0,0.0,mainline,slow,1.0,0.0
c64_920104,c64,920104,H1,H1_00127,heterogeneous,success,1,0,0,1.0,1.0,V0,ramp,fast,1.0,0.0,0.0,0.0,69,ramp,fast,1.0,0.0,ramp,slow,1.0,0.0,mainline,slow,1.0,0.0,mainline,fast,1.0,0.0
c64_920104,c64,920104,H1,H1_00128,heterogeneous,success,1,0,0,1.0,1.0,V1,ramp,fast,1.0,0.0,0.0,0.0,70,ramp,slow,1.0,0.0,ramp,fast,1.0,0.0,mainline,fast,1.0,0.0,mainline,slow,1.0,0.0
c64_920104,c64,920104,H1,H1_00129,heterogeneous,success,1,0,0,1.0,1.0,V1,ramp,fast,1.0,0.0,0.0,0.0,69,ramp,slow,1.0,0.0,ramp,fast,1.0,0.0,mainline,slow,1.0,0.0,mainline,fast,1.0,0.0
c64_920104,c64,920104,H1,H1_00130,heterogeneous,success,1,0,0,1.0,1.0,V0,ramp,fast,1.0,0.0,0.0,0.0,68,ramp,fast,1.0,0.0,ramp,slow,1.0,0.0,mainline,fast,1.0,0.0,mainline,slow,1.0,0.0
c64_920104,c64,920104,H1,H1_00131,heterogeneous,success,1,0,0,1.0,1.0,V1,ramp,fast,1.0,0.0,0.0,0.0,69,ramp,slow,1.0,0.0,ramp,fast,1.0,0.0,mainline,fast,1.0,0.0,mainline,slow,1.0,0.0
c64_920104,c64,920104,H1,H1_00132,heterogeneous,success,1,0,0,1.0,1.0,V0,ramp,fast,1.0,0.0,0.0,0.0,68,ramp,fast,1.0,0.0,ramp,slow,1.0,0.0,mainline,slow,1.0,0.0,mainline,fast,1.0,0.0
c64_920104,c64,920104,H1,H1_00133,heterogeneous,success,1,0,0,1.0,1.0,V1,ramp,fast,1.0,0.0,0.0,0.0,69,ramp,slow,1.0,0.0,ramp,fast,1.0,0.0,mainline,fast,1.0,0.0,mainline,slow,1.0,0.0
c64_920104,c64,920104,H1,H1_00134,heterogeneous,success,1,0,0,1.0,1.0,V0,ramp,fast,1.0,0.0,0.0,0.0,73,ramp,fast,1.0,0.0,ramp,slow,1.0,0.0,mainline,slow,1.0,0.0,mainline,fast,1.0,0.0
c64_920104,c64,920104,H1,H1_00135,heterogeneous,success,1,0,0,1.0,1.0,V0,ramp,fast,1.0,0.0,0.0,0.0,72,ramp,fast,1.0,0.0,ramp,slow,1.0,0.0,mainline,fast,1.0,0.0,mainline,slow,1.0,0.0
c64_920104,c64,920104,H1,H1_00136,heterogeneous,success,1,0,0,1.0,1.0,V0,ramp,fast,1.0,0.0,0.0,0.0,69,ramp,fast,1.0,0.0,ramp,slow,1.0,0.0,mainline,fast,1.0,0.0,mainline,slow,1.0,0.0
c64_920104,c64,920104,H1,H1_00137,heterogeneous,success,1,0,0,1.0,1.0,V0,ramp,fast,1.0,0.0,0.0,0.0,69,ramp,fast,1.0,0.0,ramp,slow,1.0,0.0,mainline,slow,1.0,0.0,mainline,fast,1.0,0.0
c64_920104,c64,920104,H1,H1_00138,heterogeneous,success,1,0,0,1.0,1.0,V0,ramp,fast,1.0,0.0,0.0,0.0,70,ramp,fast,1.0,0.0,ramp,slow,1.0,0.0,mainline,slow,1.0,0.0,mainline,fast,1.0,0.0
c64_920104,c64,920104,H1,H1_00139,heterogeneous,success,1,0,0,1.0,1.0,V1,ramp,fast,1.0,0.0,0.0,0.0,70,ramp,slow,1.0,0.0,ramp,fast,1.0,0.0,mainline,fast,1.0,0.0,mainline,slow,1.0,0.0
c64_920104,c64,920104,H1,H1_00140,heterogeneous,success,1,0,0,1.0,1.0,V0,ramp,fast,1.0,0.0,0.0,0.0,68,ramp,fast,1.0,0.0,ramp,slow,1.0,0.0,mainline,fast,1.0,0.0,mainline,slow,1.0,0.0
c64_920104,c64,920104,H1,H1_00141,heterogeneous,success,1,0,0,1.0,1.0,V0,ramp,fast,1.0,0.0,0.0,0.0,70,ramp,fast,1.0,0.0,ramp,slow,1.0,0.0,mainline,slow,1.0,0.0,mainline,fast,1.0,0.0
c64_920104,c64,920104,H1,H1_00142,heterogeneous,success,1,0,0,1.0,1.0,V1,ramp,fast,1.0,0.0,0.0,0.0,68,ramp,slow,1.0,0.0,ramp,fast,1.0,0.0,mainline,slow,1.0,0.0,mainline,fast,1.0,0.0
c64_920104,c64,920104,H1,H1_00143,heterogeneous,success,1,0,0,1.0,1.0,V1,ramp,fast,1.0,0.0,0.0,0.0,68,ramp,slow,1.0,0.0,ramp,fast,1.0,0.0,mainline,slow,1.0,0.0,mainline,fast,1.0,0.0
c64_920104,c64,920104,H1,H1_00144,heterogeneous,success,1,0,0,1.0,1.0,V0,ramp,fast,1.0,0.0,0.0,0.0,73,ramp,fast,1.0,0.0,ramp,slow,1.0,0.0,mainline,fast,1.0,0.0,mainline,slow,1.0,0.0
c64_920104,c64,920104,H1,H1_00145,heterogeneous,collision,0,1,0,0.5,0.0,V2,mainline,fast,0.30000000000000004,0.5,0.32496494959511363,0.08124123739877841,38,ramp,slow,1.0,0.0,ramp,fast,1.0,0.0,mainline,fast,0.0,0.32496494959511363,mainline,slow,0.0,0.0
c64_920104,c64,920104,H1,H1_00146,heterogeneous,success,1,0,0,1.0,1.0,V1,ramp,fast,1.0,0.0,0.0,0.0,68,ramp,slow,1.0,0.0,ramp,fast,1.0,0.0,mainline,slow,1.0,0.0,mainline,fast,1.0,0.0
c64_920104,c64,920104,H1,H1_00147,heterogeneous,success,1,0,0,1.0,1.0,V0,ramp,fast,1.0,0.0,0.0,0.0,69,ramp,fast,1.0,0.0,ramp,slow,1.0,0.0,mainline,slow,1.0,0.0,mainline,fast,1.0,0.0
c64_920104,c64,920104,H1,H1_00148,heterogeneous,success,1,0,0,1.0,1.0,V1,ramp,fast,1.0,0.0,0.0,0.0,72,ramp,slow,1.0,0.0,ramp,fast,1.0,0.0,mainline,fast,1.0,0.0,mainline,slow,1.0,0.0
c64_920104,c64,920104,H1,H1_00149,heterogeneous,success,1,0,0,1.0,1.0,V0,ramp,fast,1.0,0.0,0.0,0.0,70,ramp,fast,1.0,0.0,ramp,slow,1.0,0.0,mainline,slow,1.0,0.0,mainline,fast,1.0,0.0
c64_920104,c64,920104,H1,H1_00150,heterogeneous,success,1,0,0,1.0,1.0,V0,ramp,fast,1.0,0.0,0.0,0.0,69,ramp,fast,1.0,0.0,ramp,slow,1.0,0.0,mainline,fast,1.0,0.0,mainline,slow,1.0,0.0
c64_920104,c64,920104,H1,H1_00151,heterogeneous,success,1,0,0,1.0,1.0,V0,ramp,fast,1.0,0.0,0.0,0.0,69,ramp,fast,1.0,0.0,ramp,slow,1.0,0.0,mainline,slow,1.0,0.0,mainline,fast,1.0,0.0
c64_920104,c64,920104,H1,H1_00152,heterogeneous,success,1,0,0,1.0,1.0,V1,ramp,fast,1.0,0.0,0.0,0.0,69,ramp,slow,1.0,0.0,ramp,fast,1.0,0.0,mainline,slow,1.0,0.0,mainline,fast,1.0,0.0
c64_920104,c64,920104,H1,H1_00153,heterogeneous,success,1,0,0,1.0,1.0,V1,ramp,fast,1.0,0.0,0.0,0.0,70,ramp,slow,1.0,0.0,ramp,fast,1.0,0.0,mainline,slow,1.0,0.0,mainline,fast,1.0,0.0
c64_920104,c64,920104,H1,H1_00154,heterogeneous,success,1,0,0,1.0,1.0,V0,ramp,fast,1.0,0.0,0.0,0.0,70,ramp,fast,1.0,0.0,ramp,slow,1.0,0.0,mainline,slow,1.0,0.0,mainline,fast,1.0,0.0
c64_920104,c64,920104,H1,H1_00155,heterogeneous,success,1,0,0,1.0,1.0,V0,ramp,fast,1.0,0.0,0.0,0.0,69,ramp,fast,1.0,0.0,ramp,slow,1.0,0.0,mainline,slow,1.0,0.0,mainline,fast,1.0,0.0
c64_920104,c64,920104,H1,H1_00156,heterogeneous,success,1,0,0,1.0,1.0,V1,ramp,fast,1.0,0.0,0.0,0.0,68,ramp,slow,1.0,0.0,ramp,fast,1.0,0.0,mainline,fast,1.0,0.0,mainline,slow,1.0,0.0
c64_920104,c64,920104,H1,H1_00157,heterogeneous,success,1,0,0,1.0,1.0,V1,ramp,fast,1.0,0.0,0.0,0.0,68,ramp,slow,1.0,0.0,ramp,fast,1.0,0.0,mainline,fast,1.0,0.0,mainline,slow,1.0,0.0
c64_920104,c64,920104,H1,H1_00158,heterogeneous,success,1,0,0,1.0,1.0,V1,ramp,fast,1.0,0.0,0.0,0.0,69,ramp,slow,1.0,0.0,ramp,fast,1.0,0.0,mainline,fast,1.0,0.0,mainline,slow,1.0,0.0
c64_920104,c64,920104,H1,H1_00159,heterogeneous,success,1,0,0,1.0,1.0,V0,ramp,fast,1.0,0.0,0.0,0.0,70,ramp,fast,1.0,0.0,ramp,slow,1.0,0.0,mainline,fast,1.0,0.0,mainline,slow,1.0,0.0
c64_920104,c64,920104,H1,H1_00160,heterogeneous,success,1,0,0,1.0,1.0,V1,ramp,fast,1.0,0.0,0.0,0.0,69,ramp,slow,1.0,0.0,ramp,fast,1.0,0.0,mainline,fast,1.0,0.0,mainline,slow,1.0,0.0
c64_920104,c64,920104,H1,H1_00161,heterogeneous,success,1,0,0,1.0,1.0,V0,ramp,fast,1.0,0.0,0.0,0.0,71,ramp,fast,1.0,0.0,ramp,slow,1.0,0.0,mainline,fast,1.0,0.0,mainline,slow,1.0,0.0
c64_920104,c64,920104,H1,H1_00162,heterogeneous,collision,0,1,0,0.5,0.0,V1,ramp,fast,0.30000000000000004,0.5,0.0,0.0,53,ramp,slow,1.0,0.0,ramp,fast,0.0,0.0,mainline,fast,0.0,0.0,mainline,slow,1.0,0.0
c64_920104,c64,920104,H1,H1_00163,heterogeneous,collision,0,1,0,0.5,0.0,V1,ramp,fast,0.30000000000000004,0.5,0.25318088724670573,0.06329522181167643,42,ramp,slow,0.0,0.0,ramp,fast,0.0,0.25318088724670573,mainline,fast,1.0,0.0,mainline,slow,1.0,0.0
c64_920104,c64,920104,H1,H1_00164,heterogeneous,success,1,0,0,1.0,1.0,V0,ramp,fast,1.0,0.0,0.0,0.0,69,ramp,fast,1.0,0.0,ramp,slow,1.0,0.0,mainline,slow,1.0,0.0,mainline,fast,1.0,0.0
c64_920104,c64,920104,H1,H1_00165,heterogeneous,success,1,0,0,1.0,1.0,V1,ramp,fast,1.0,0.0,0.0,0.0,72,ramp,slow,1.0,0.0,ramp,fast,1.0,0.0,mainline,fast,1.0,0.0,mainline,slow,1.0,0.0
c64_920104,c64,920104,H1,H1_00166,heterogeneous,success,1,0,0,1.0,1.0,V0,ramp,fast,1.0,0.0,0.0,0.0,72,ramp,fast,1.0,0.0,ramp,slow,1.0,0.0,mainline,fast,1.0,0.0,mainline,slow,1.0,0.0
c64_920104,c64,920104,H1,H1_00167,heterogeneous,success,1,0,0,1.0,1.0,V0,ramp,fast,1.0,0.0,0.0,0.0,68,ramp,fast,1.0,0.0,ramp,slow,1.0,0.0,mainline,fast,1.0,0.0,mainline,slow,1.0,0.0
c64_920104,c64,920104,H1,H1_00168,heterogeneous,success,1,0,0,1.0,1.0,V1,ramp,fast,1.0,0.0,0.0,0.0,74,ramp,slow,1.0,0.0,ramp,fast,1.0,0.0,mainline,fast,1.0,0.0,mainline,slow,1.0,0.0
c64_920104,c64,920104,H1,H1_00169,heterogeneous,success,1,0,0,1.0,1.0,V0,ramp,fast,1.0,0.0,0.0,0.0,70,ramp,fast,1.0,0.0,ramp,slow,1.0,0.0,mainline,fast,1.0,0.0,mainline,slow,1.0,0.0
c64_920104,c64,920104,H1,H1_00170,heterogeneous,success,1,0,0,1.0,1.0,V0,ramp,fast,1.0,0.0,0.0,0.0,68,ramp,fast,1.0,0.0,ramp,slow,1.0,0.0,mainline,fast,1.0,0.0,mainline,slow,1.0,0.0
c64_920104,c64,920104,H1,H1_00171,heterogeneous,success,1,0,0,1.0,1.0,V0,ramp,fast,1.0,0.0,0.0,0.0,69,ramp,fast,1.0,0.0,ramp,slow,1.0,0.0,mainline,slow,1.0,0.0,mainline,fast,1.0,0.0
c64_920104,c64,920104,H1,H1_00172,heterogeneous,success,1,0,0,1.0,1.0,V1,ramp,fast,1.0,0.0,0.0,0.0,69,ramp,slow,1.0,0.0,ramp,fast,1.0,0.0,mainline,fast,1.0,0.0,mainline,slow,1.0,0.0
c64_920104,c64,920104,H1,H1_00173,heterogeneous,success,1,0,0,1.0,1.0,V1,ramp,fast,1.0,0.0,0.0,0.0,69,ramp,slow,1.0,0.0,ramp,fast,1.0,0.0,mainline,slow,1.0,0.0,mainline,fast,1.0,0.0
c64_920104,c64,920104,H1,H1_00174,heterogeneous,success,1,0,0,1.0,1.0,V1,ramp,fast,1.0,0.0,0.0,0.0,68,ramp,slow,1.0,0.0,ramp,fast,1.0,0.0,mainline,slow,1.0,0.0,mainline,fast,1.0,0.0
c64_920104,c64,920104,H1,H1_00175,heterogeneous,success,1,0,0,1.0,1.0,V1,ramp,fast,1.0,0.0,0.0,0.0,69,ramp,slow,1.0,0.0,ramp,fast,1.0,0.0,mainline,fast,1.0,0.0,mainline,slow,1.0,0.0
c64_920104,c64,920104,H1,H1_00176,heterogeneous,success,1,0,0,1.0,1.0,V1,ramp,fast,1.0,0.0,0.0,0.0,70,ramp,slow,1.0,0.0,ramp,fast,1.0,0.0,mainline,fast,1.0,0.0,mainline,slow,1.0,0.0
c64_920104,c64,920104,H1,H1_00177,heterogeneous,success,1,0,0,1.0,1.0,V1,ramp,fast,1.0,0.0,0.0,0.0,72,ramp,slow,1.0,0.0,ramp,fast,1.0,0.0,mainline,slow,1.0,0.0,mainline,fast,1.0,0.0
c64_920104,c64,920104,H1,H1_00178,heterogeneous,success,1,0,0,1.0,1.0,V0,ramp,fast,1.0,0.0,0.0,0.0,70,ramp,fast,1.0,0.0,ramp,slow,1.0,0.0,mainline,fast,1.0,0.0,mainline,slow,1.0,0.0
c64_920104,c64,920104,H1,H1_00179,heterogeneous,success,1,0,0,1.0,1.0,V0,ramp,fast,1.0,0.0,0.0,0.0,69,ramp,fast,1.0,0.0,ramp,slow,1.0,0.0,mainline,fast,1.0,0.0,mainline,slow,1.0,0.0
c64_920104,c64,920104,H1,H1_00180,heterogeneous,success,1,0,0,1.0,1.0,V1,ramp,fast,1.0,0.0,0.0,0.0,69,ramp,slow,1.0,0.0,ramp,fast,1.0,0.0,mainline,slow,1.0,0.0,mainline,fast,1.0,0.0
c64_920104,c64,920104,H1,H1_00181,heterogeneous,success,1,0,0,1.0,1.0,V1,ramp,fast,1.0,0.0,0.0,0.0,69,ramp,slow,1.0,0.0,ramp,fast,1.0,0.0,mainline,slow,1.0,0.0,mainline,fast,1.0,0.0
c64_920104,c64,920104,H1,H1_00182,heterogeneous,success,1,0,0,1.0,1.0,V0,ramp,fast,1.0,0.0,0.0,0.0,69,ramp,fast,1.0,0.0,ramp,slow,1.0,0.0,mainline,fast,1.0,0.0,mainline,slow,1.0,0.0
c64_920104,c64,920104,H1,H1_00183,heterogeneous,success,1,0,0,1.0,1.0,V1,ramp,fast,1.0,0.0,0.0,0.0,70,ramp,slow,1.0,0.0,ramp,fast,1.0,0.0,mainline,fast,1.0,0.0,mainline,slow,1.0,0.0
c64_920104,c64,920104,H1,H1_00184,heterogeneous,success,1,0,0,1.0,1.0,V1,ramp,fast,1.0,0.0,0.0,0.0,68,ramp,slow,1.0,0.0,ramp,fast,1.0,0.0,mainline,slow,1.0,0.0,mainline,fast,1.0,0.0
c64_920104,c64,920104,H1,H1_00185,heterogeneous,success,1,0,0,1.0,1.0,V1,ramp,fast,1.0,0.0,0.0,0.0,69,ramp,slow,1.0,0.0,ramp,fast,1.0,0.0,mainline,fast,1.0,0.0,mainline,slow,1.0,0.0
c64_920104,c64,920104,H1,H1_00186,heterogeneous,success,1,0,0,1.0,1.0,V1,ramp,fast,1.0,0.0,0.0,0.0,69,ramp,slow,1.0,0.0,ramp,fast,1.0,0.0,mainline,slow,1.0,0.0,mainline,fast,1.0,0.0
c64_920104,c64,920104,H1,H1_00187,heterogeneous,success,1,0,0,1.0,1.0,V0,ramp,fast,1.0,0.0,0.0,0.0,74,ramp,fast,1.0,0.0,ramp,slow,1.0,0.0,mainline,fast,1.0,0.0,mainline,slow,1.0,0.0
c64_920104,c64,920104,H1,H1_00188,heterogeneous,success,1,0,0,1.0,1.0,V0,ramp,fast,1.0,0.0,0.0,0.0,68,ramp,fast,1.0,0.0,ramp,slow,1.0,0.0,mainline,slow,1.0,0.0,mainline,fast,1.0,0.0
c64_920104,c64,920104,H1,H1_00189,heterogeneous,success,1,0,0,1.0,1.0,V1,ramp,fast,1.0,0.0,0.0,0.0,69,ramp,slow,1.0,0.0,ramp,fast,1.0,0.0,mainline,slow,1.0,0.0,mainline,fast,1.0,0.0
c64_920104,c64,920104,H1,H1_00190,heterogeneous,success,1,0,0,1.0,1.0,V1,ramp,fast,1.0,0.0,0.0,0.0,69,ramp,slow,1.0,0.0,ramp,fast,1.0,0.0,mainline,slow,1.0,0.0,mainline,fast,1.0,0.0
c64_920104,c64,920104,H1,H1_00191,heterogeneous,success,1,0,0,1.0,1.0,V1,ramp,fast,1.0,0.0,0.0,0.0,70,ramp,slow,1.0,0.0,ramp,fast,1.0,0.0,mainline,fast,1.0,0.0,mainline,slow,1.0,0.0
c64_920104,c64,920104,H1,H1_00192,heterogeneous,success,1,0,0,1.0,1.0,V0,ramp,fast,1.0,0.0,0.0,0.0,70,ramp,fast,1.0,0.0,ramp,slow,1.0,0.0,mainline,fast,1.0,0.0,mainline,slow,1.0,0.0
c64_920104,c64,920104,H1,H1_00193,heterogeneous,success,1,0,0,1.0,1.0,V1,ramp,fast,1.0,0.0,0.0,0.0,69,ramp,slow,1.0,0.0,ramp,fast,1.0,0.0,mainline,slow,1.0,0.0,mainline,fast,1.0,0.0
c64_920104,c64,920104,H1,H1_00194,heterogeneous,success,1,0,0,1.0,1.0,V1,ramp,fast,1.0,0.0,0.0,0.0,69,ramp,slow,1.0,0.0,ramp,fast,1.0,0.0,mainline,fast,1.0,0.0,mainline,slow,1.0,0.0
c64_920104,c64,920104,H1,H1_00195,heterogeneous,success,1,0,0,1.0,1.0,V1,ramp,fast,1.0,0.0,0.0,0.0,68,ramp,slow,1.0,0.0,ramp,fast,1.0,0.0,mainline,slow,1.0,0.0,mainline,fast,1.0,0.0
c64_920104,c64,920104,H1,H1_00196,heterogeneous,success,1,0,0,1.0,1.0,V1,ramp,fast,1.0,0.0,0.0,0.0,69,ramp,slow,1.0,0.0,ramp,fast,1.0,0.0,mainline,slow,1.0,0.0,mainline,fast,1.0,0.0
c64_920104,c64,920104,H1,H1_00197,heterogeneous,success,1,0,0,1.0,1.0,V0,ramp,fast,1.0,0.0,0.0,0.0,70,ramp,fast,1.0,0.0,ramp,slow,1.0,0.0,mainline,fast,1.0,0.0,mainline,slow,1.0,0.0
c64_920104,c64,920104,H1,H1_00198,heterogeneous,success,1,0,0,1.0,1.0,V1,ramp,fast,1.0,0.0,0.0,0.0,70,ramp,slow,1.0,0.0,ramp,fast,1.0,0.0,mainline,slow,1.0,0.0,mainline,fast,1.0,0.0
c64_920104,c64,920104,H1,H1_00199,heterogeneous,success,1,0,0,1.0,1.0,V1,ramp,fast,1.0,0.0,0.0,0.0,73,ramp,slow,1.0,0.0,ramp,fast,1.0,0.0,mainline,fast,1.0,0.0,mainline,slow,1.0,0.0
c64_920104,c64,920104,H1,H1_00200,heterogeneous,success,1,0,0,1.0,1.0,V0,ramp,fast,1.0,0.0,0.0,0.0,72,ramp,fast,1.0,0.0,ramp,slow,1.0,0.0,mainline,slow,1.0,0.0,mainline,fast,1.0,0.0
c64_920104,c64,920104,H1,H1_00201,heterogeneous,success,1,0,0,1.0,1.0,V1,ramp,fast,1.0,0.0,0.0,0.0,69,ramp,slow,1.0,0.0,ramp,fast,1.0,0.0,mainline,fast,1.0,0.0,mainline,slow,1.0,0.0
c64_920104,c64,920104,H1,H1_00202,heterogeneous,success,1,0,0,1.0,1.0,V0,ramp,fast,1.0,0.0,0.0,0.0,70,ramp,fast,1.0,0.0,ramp,slow,1.0,0.0,mainline,slow,1.0,0.0,mainline,fast,1.0,0.0
c64_920104,c64,920104,H1,H1_00203,heterogeneous,success,1,0,0,1.0,1.0,V1,ramp,fast,1.0,0.0,0.0,0.0,72,ramp,slow,1.0,0.0,ramp,fast,1.0,0.0,mainline,slow,1.0,0.0,mainline,fast,1.0,0.0
c64_920104,c64,920104,H1,H1_00204,heterogeneous,collision,0,1,0,0.5,0.0,V1,ramp,fast,0.30000000000000004,0.5,0.0,0.0,53,ramp,slow,1.0,0.0,ramp,fast,0.0,0.0,mainline,slow,1.0,0.0,mainline,fast,0.0,0.0
c64_920104,c64,920104,H1,H1_00205,heterogeneous,success,1,0,0,1.0,1.0,V1,ramp,fast,1.0,0.0,0.0,0.0,73,ramp,slow,1.0,0.0,ramp,fast,1.0,0.0,mainline,fast,1.0,0.0,mainline,slow,1.0,0.0
c64_920104,c64,920104,H1,H1_00206,heterogeneous,success,1,0,0,1.0,1.0,V1,ramp,fast,1.0,0.0,0.0,0.0,70,ramp,slow,1.0,0.0,ramp,fast,1.0,0.0,mainline,fast,1.0,0.0,mainline,slow,1.0,0.0
c64_920104,c64,920104,H1,H1_00207,heterogeneous,success,1,0,0,1.0,1.0,V1,ramp,fast,1.0,0.0,0.0,0.0,73,ramp,slow,1.0,0.0,ramp,fast,1.0,0.0,mainline,fast,1.0,0.0,mainline,slow,1.0,0.0
c64_920104,c64,920104,H1,H1_00208,heterogeneous,success,1,0,0,1.0,1.0,V0,ramp,fast,1.0,0.0,0.0,0.0,71,ramp,fast,1.0,0.0,ramp,slow,1.0,0.0,mainline,fast,1.0,0.0,mainline,slow,1.0,0.0
c64_920104,c64,920104,H1,H1_00209,heterogeneous,success,1,0,0,1.0,1.0,V0,ramp,fast,1.0,0.0,0.0,0.0,69,ramp,fast,1.0,0.0,ramp,slow,1.0,0.0,mainline,fast,1.0,0.0,mainline,slow,1.0,0.0
c64_920104,c64,920104,H1,H1_00210,heterogeneous,success,1,0,0,1.0,1.0,V0,ramp,fast,1.0,0.0,0.0,0.0,69,ramp,fast,1.0,0.0,ramp,slow,1.0,0.0,mainline,fast,1.0,0.0,mainline,slow,1.0,0.0
c64_920104,c64,920104,H1,H1_00211,heterogeneous,success,1,0,0,1.0,1.0,V1,ramp,fast,1.0,0.0,0.0,0.0,73,ramp,slow,1.0,0.0,ramp,fast,1.0,0.0,mainline,fast,1.0,0.0,mainline,slow,1.0,0.0
c64_920104,c64,920104,H1,H1_00212,heterogeneous,success,1,0,0,1.0,1.0,V1,ramp,fast,1.0,0.0,0.0,0.0,69,ramp,slow,1.0,0.0,ramp,fast,1.0,0.0,mainline,slow,1.0,0.0,mainline,fast,1.0,0.0
c64_920104,c64,920104,H1,H1_00213,heterogeneous,success,1,0,0,1.0,1.0,V0,ramp,fast,1.0,0.0,0.0,0.0,69,ramp,fast,1.0,0.0,ramp,slow,1.0,0.0,mainline,slow,1.0,0.0,mainline,fast,1.0,0.0
c64_920104,c64,920104,H1,H1_00214,heterogeneous,success,1,0,0,1.0,1.0,V0,ramp,fast,1.0,0.0,0.0,0.0,69,ramp,fast,1.0,0.0,ramp,slow,1.0,0.0,mainline,slow,1.0,0.0,mainline,fast,1.0,0.0
c64_920104,c64,920104,H1,H1_00215,heterogeneous,success,1,0,0,1.0,1.0,V1,ramp,fast,1.0,0.0,0.0,0.0,68,ramp,slow,1.0,0.0,ramp,fast,1.0,0.0,mainline,fast,1.0,0.0,mainline,slow,1.0,0.0
c64_920104,c64,920104,H1,H1_00216,heterogeneous,success,1,0,0,1.0,1.0,V0,ramp,fast,1.0,0.0,0.0,0.0,69,ramp,fast,1.0,0.0,ramp,slow,1.0,0.0,mainline,fast,1.0,0.0,mainline,slow,1.0,0.0
c64_920104,c64,920104,H1,H1_00217,heterogeneous,collision,0,1,0,0.5,0.0,V0,ramp,fast,0.30000000000000004,0.5,0.0,0.0,54,ramp,fast,0.0,0.0,ramp,slow,0.0,0.0,mainline,slow,1.0,0.0,mainline,fast,1.0,0.0
c64_920104,c64,920104,H1,H1_00218,heterogeneous,success,1,0,0,1.0,1.0,V0,ramp,fast,1.0,0.0,0.0,0.0,68,ramp,fast,1.0,0.0,ramp,slow,1.0,0.0,mainline,slow,1.0,0.0,mainline,fast,1.0,0.0
c64_920104,c64,920104,H1,H1_00219,heterogeneous,success,1,0,0,1.0,1.0,V0,ramp,fast,1.0,0.0,0.0,0.0,69,ramp,fast,1.0,0.0,ramp,slow,1.0,0.0,mainline,fast,1.0,0.0,mainline,slow,1.0,0.0
c64_920104,c64,920104,H1,H1_00220,heterogeneous,success,1,0,0,1.0,1.0,V1,ramp,fast,1.0,0.0,0.0,0.0,70,ramp,slow,1.0,0.0,ramp,fast,1.0,0.0,mainline,slow,1.0,0.0,mainline,fast,1.0,0.0
c64_920104,c64,920104,H1,H1_00221,heterogeneous,success,1,0,0,1.0,1.0,V1,ramp,fast,1.0,0.0,0.0,0.0,69,ramp,slow,1.0,0.0,ramp,fast,1.0,0.0,mainline,slow,1.0,0.0,mainline,fast,1.0,0.0
c64_920104,c64,920104,H1,H1_00222,heterogeneous,success,1,0,0,1.0,1.0,V0,ramp,fast,1.0,0.0,0.0,0.0,69,ramp,fast,1.0,0.0,ramp,slow,1.0,0.0,mainline,slow,1.0,0.0,mainline,fast,1.0,0.0
c64_920104,c64,920104,H1,H1_00223,heterogeneous,success,1,0,0,1.0,1.0,V0,ramp,fast,1.0,0.0,0.0,0.0,68,ramp,fast,1.0,0.0,ramp,slow,1.0,0.0,mainline,slow,1.0,0.0,mainline,fast,1.0,0.0
c64_920104,c64,920104,H1,H1_00224,heterogeneous,success,1,0,0,1.0,1.0,V1,ramp,fast,1.0,0.0,0.0,0.0,72,ramp,slow,1.0,0.0,ramp,fast,1.0,0.0,mainline,slow,1.0,0.0,mainline,fast,1.0,0.0
c64_920104,c64,920104,H1,H1_00225,heterogeneous,success,1,0,0,1.0,1.0,V0,ramp,fast,1.0,0.0,0.0,0.0,70,ramp,fast,1.0,0.0,ramp,slow,1.0,0.0,mainline,slow,1.0,0.0,mainline,fast,1.0,0.0
c64_920104,c64,920104,H1,H1_00226,heterogeneous,success,1,0,0,1.0,1.0,V1,ramp,fast,1.0,0.0,0.0,0.0,71,ramp,slow,1.0,0.0,ramp,fast,1.0,0.0,mainline,fast,1.0,0.0,mainline,slow,1.0,0.0
c64_920104,c64,920104,H1,H1_00227,heterogeneous,success,1,0,0,1.0,1.0,V0,ramp,fast,1.0,0.0,0.0,0.0,70,ramp,fast,1.0,0.0,ramp,slow,1.0,0.0,mainline,fast,1.0,0.0,mainline,slow,1.0,0.0
c64_920104,c64,920104,H1,H1_00228,heterogeneous,success,1,0,0,1.0,1.0,V0,ramp,fast,1.0,0.0,0.0,0.0,70,ramp,fast,1.0,0.0,ramp,slow,1.0,0.0,mainline,slow,1.0,0.0,mainline,fast,1.0,0.0
c64_920104,c64,920104,H1,H1_00229,heterogeneous,success,1,0,0,1.0,1.0,V1,ramp,fast,1.0,0.0,0.0,0.0,72,ramp,slow,1.0,0.0,ramp,fast,1.0,0.0,mainline,slow,1.0,0.0,mainline,fast,1.0,0.0
c64_920104,c64,920104,H1,H1_00230,heterogeneous,success,1,0,0,1.0,1.0,V1,ramp,fast,1.0,0.0,0.0,0.0,69,ramp,slow,1.0,0.0,ramp,fast,1.0,0.0,mainline,fast,1.0,0.0,mainline,slow,1.0,0.0
c64_920104,c64,920104,H1,H1_00231,heterogeneous,success,1,0,0,1.0,1.0,V1,ramp,fast,1.0,0.0,0.0,0.0,73,ramp,slow,1.0,0.0,ramp,fast,1.0,0.0,mainline,slow,1.0,0.0,mainline,fast,1.0,0.0
c64_920104,c64,920104,H1,H1_00232,heterogeneous,success,1,0,0,1.0,1.0,V0,ramp,fast,1.0,0.0,0.0,0.0,69,ramp,fast,1.0,0.0,ramp,slow,1.0,0.0,mainline,fast,1.0,0.0,mainline,slow,1.0,0.0
c64_920104,c64,920104,H1,H1_00233,heterogeneous,success,1,0,0,1.0,1.0,V0,ramp,fast,1.0,0.0,0.0,0.0,73,ramp,fast,1.0,0.0,ramp,slow,1.0,0.0,mainline,slow,1.0,0.0,mainline,fast,1.0,0.0
c64_920104,c64,920104,H1,H1_00234,heterogeneous,success,1,0,0,1.0,1.0,V0,ramp,fast,1.0,0.0,0.0,0.0,70,ramp,fast,1.0,0.0,ramp,slow,1.0,0.0,mainline,fast,1.0,0.0,mainline,slow,1.0,0.0
c64_920104,c64,920104,H1,H1_00235,heterogeneous,success,1,0,0,1.0,1.0,V0,ramp,fast,1.0,0.0,0.0,0.0,69,ramp,fast,1.0,0.0,ramp,slow,1.0,0.0,mainline,fast,1.0,0.0,mainline,slow,1.0,0.0
c64_920104,c64,920104,H1,H1_00236,heterogeneous,success,1,0,0,1.0,1.0,V0,ramp,fast,1.0,0.0,0.0,0.0,69,ramp,fast,1.0,0.0,ramp,slow,1.0,0.0,mainline,slow,1.0,0.0,mainline,fast,1.0,0.0
c64_920104,c64,920104,H1,H1_00237,heterogeneous,success,1,0,0,1.0,1.0,V0,ramp,fast,1.0,0.0,0.0,0.0,72,ramp,fast,1.0,0.0,ramp,slow,1.0,0.0,mainline,fast,1.0,0.0,mainline,slow,1.0,0.0
c64_920104,c64,920104,H1,H1_00238,heterogeneous,success,1,0,0,1.0,1.0,V0,ramp,fast,1.0,0.0,0.0,0.0,73,ramp,fast,1.0,0.0,ramp,slow,1.0,0.0,mainline,slow,1.0,0.0,mainline,fast,1.0,0.0
c64_920104,c64,920104,H1,H1_00239,heterogeneous,success,1,0,0,1.0,1.0,V0,ramp,fast,1.0,0.0,0.0,0.0,69,ramp,fast,1.0,0.0,ramp,slow,1.0,0.0,mainline,slow,1.0,0.0,mainline,fast,1.0,0.0
c64_920104,c64,920104,H1,H1_00240,heterogeneous,success,1,0,0,1.0,1.0,V1,ramp,fast,1.0,0.0,0.0,0.0,69,ramp,slow,1.0,0.0,ramp,fast,1.0,0.0,mainline,slow,1.0,0.0,mainline,fast,1.0,0.0
c64_920104,c64,920104,H1,H1_00241,heterogeneous,success,1,0,0,1.0,1.0,V0,ramp,fast,1.0,0.0,0.0,0.0,69,ramp,fast,1.0,0.0,ramp,slow,1.0,0.0,mainline,slow,1.0,0.0,mainline,fast,1.0,0.0
c64_920104,c64,920104,H1,H1_00242,heterogeneous,success,1,0,0,1.0,1.0,V0,ramp,fast,1.0,0.0,0.0,0.0,69,ramp,fast,1.0,0.0,ramp,slow,1.0,0.0,mainline,slow,1.0,0.0,mainline,fast,1.0,0.0
c64_920104,c64,920104,H1,H1_00243,heterogeneous,success,1,0,0,1.0,1.0,V0,ramp,fast,1.0,0.0,0.0,0.0,72,ramp,fast,1.0,0.0,ramp,slow,1.0,0.0,mainline,slow,1.0,0.0,mainline,fast,1.0,0.0
c64_920104,c64,920104,H1,H1_00244,heterogeneous,success,1,0,0,1.0,1.0,V1,ramp,fast,1.0,0.0,0.0,0.0,69,ramp,slow,1.0,0.0,ramp,fast,1.0,0.0,mainline,slow,1.0,0.0,mainline,fast,1.0,0.0
c64_920104,c64,920104,H1,H1_00245,heterogeneous,success,1,0,0,1.0,1.0,V0,ramp,fast,1.0,0.0,0.0,0.0,70,ramp,fast,1.0,0.0,ramp,slow,1.0,0.0,mainline,fast,1.0,0.0,mainline,slow,1.0,0.0
c64_920104,c64,920104,H1,H1_00246,heterogeneous,success,1,0,0,1.0,1.0,V0,ramp,fast,1.0,0.0,0.0,0.0,69,ramp,fast,1.0,0.0,ramp,slow,1.0,0.0,mainline,slow,1.0,0.0,mainline,fast,1.0,0.0
c64_920104,c64,920104,H1,H1_00247,heterogeneous,success,1,0,0,1.0,1.0,V1,ramp,fast,1.0,0.0,0.0,0.0,69,ramp,slow,1.0,0.0,ramp,fast,1.0,0.0,mainline,fast,1.0,0.0,mainline,slow,1.0,0.0
c64_920104,c64,920104,H1,H1_00248,heterogeneous,success,1,0,0,1.0,1.0,V0,ramp,fast,1.0,0.0,0.0,0.0,68,ramp,fast,1.0,0.0,ramp,slow,1.0,0.0,mainline,fast,1.0,0.0,mainline,slow,1.0,0.0
c64_920104,c64,920104,H1,H1_00249,heterogeneous,success,1,0,0,1.0,1.0,V0,ramp,fast,1.0,0.0,0.0,0.0,68,ramp,fast,1.0,0.0,ramp,slow,1.0,0.0,mainline,slow,1.0,0.0,mainline,fast,1.0,0.0
c64_920104,c64,920104,H1,H1_00250,heterogeneous,success,1,0,0,1.0,1.0,V1,ramp,fast,1.0,0.0,0.0,0.0,69,ramp,slow,1.0,0.0,ramp,fast,1.0,0.0,mainline,fast,1.0,0.0,mainline,slow,1.0,0.0
c64_920104,c64,920104,H1,H1_00251,heterogeneous,success,1,0,0,1.0,1.0,V1,ramp,fast,1.0,0.0,0.0,0.0,69,ramp,slow,1.0,0.0,ramp,fast,1.0,0.0,mainline,slow,1.0,0.0,mainline,fast,1.0,0.0
c64_920104,c64,920104,H1,H1_00252,heterogeneous,success,1,0,0,1.0,1.0,V0,ramp,fast,1.0,0.0,0.0,0.0,69,ramp,fast,1.0,0.0,ramp,slow,1.0,0.0,mainline,slow,1.0,0.0,mainline,fast,1.0,0.0
c64_920104,c64,920104,H1,H1_00253,heterogeneous,success,1,0,0,1.0,1.0,V1,ramp,fast,1.0,0.0,0.0,0.0,68,ramp,slow,1.0,0.0,ramp,fast,1.0,0.0,mainline,slow,1.0,0.0,mainline,fast,1.0,0.0
c64_920104,c64,920104,H1,H1_00254,heterogeneous,success,1,0,0,1.0,1.0,V1,ramp,fast,1.0,0.0,0.0,0.0,73,ramp,slow,1.0,0.0,ramp,fast,1.0,0.0,mainline,fast,1.0,0.0,mainline,slow,1.0,0.0
c64_920104,c64,920104,H1,H1_00255,heterogeneous,success,1,0,0,1.0,1.0,V0,ramp,fast,1.0,0.0,0.0,0.0,69,ramp,fast,1.0,0.0,ramp,slow,1.0,0.0,mainline,slow,1.0,0.0,mainline,fast,1.0,0.0
