condition,master_seed,checkpoint_step,n_episodes,success_rate,collision_rate,truncation_rate,mean_episode_length,unilateral_stall_rate,mutual_yielding_rate,convention_availability,swap_eligibility,minimum_utility,mean_utility,median_Q_margin,absolute_Q,late_collapse_flag
double_dqn,63001,0,16,0.0,0.0,1.0,400.0,1.0,0.0,1.0,0.0,0.035643749999999974,0.4318889323416353,0.09187960863462645,0.07833166955519115,False
double_dqn,63001,10000,16,0.625,0.0,0.375,248.375,0.375,0.0,1.0,0.25,0.2705815019842039,0.6787884328982621,0.032093818806441,0.8153667497308186,False
double_dqn,63001,25000,16,0.75,0.0,0.25,163.0,0.0,0.1875,1.0,0.5,0.5547565433147343,0.6973381318689441,0.0162148329365099,0.8888916525890296,False
double_dqn,63001,50000,16,1.0,0.0,0.0,57.875,0.0,0.0,1.0,1.0,0.8554200406703973,0.9354818913327866,0.0124199088433614,0.7366242760705158,False
double_dqn,63001,75000,16,1.0,0.0,0.0,165.75,0.0,0.0,1.0,1.0,0.46043219965221305,0.7090466086415982,0.0107097295361529,0.6439963113288358,False
double_dqn,63001,100000,16,0.8125,0.125,0.0625,78.5,0.0625,0.0,1.0,0.625,0.7012647562838983,0.8617242747798501,0.0126910142970585,0.7227652637291833,False
double_dqn,63001,150000,16,0.9375,0.0625,0.0,57.6875,0.0,0.0,1.0,0.875,0.7873922407794691,0.9055906485872858,0.033102788080055304,0.7391792476625316,False
double_dqn,63001,200000,16,0.9375,0.0625,0.0,72.4375,0.0,0.0,1.0,0.875,0.7063876474447885,0.8517409856832149,0.0242960745837804,0.7145008056791352,False
double_dqn,63001,250000,16,0.8125,0.1875,0.0,51.25,0.0,0.0,1.0,0.625,0.7289774514771892,0.8710569029661365,0.0124911458434579,0.6791200764956872,False
double_dqn,63001,300000,16,0.875,0.125,0.0,63.125,0.0,0.0,1.0,0.75,0.7026110412644013,0.8595666944443678,0.0496387098903752,0.7232835226863443,False
double_dqn,63002,0,16,0.0,0.0,1.0,400.0,1.0,0.0,1.0,0.0,0.06048749999999986,0.6445973725036399,0.06244439618079915,0.027690172819857212,False
double_dqn,63002,10000,16,0.875,0.125,0.0,111.125,0.0,0.0,1.0,0.75,0.4373153105644425,0.7833476216778175,0.041257336609791445,0.8629089413146825,False
double_dqn,63002,25000,16,0.5,0.0,0.5,238.9375,0.4375,0.0,1.0,0.0,0.3988306131186383,0.6879369446952932,0.034211734235286645,0.8621345738427786,False
double_dqn,63002,50000,16,0.6875,0.25,0.0625,106.3125,0.0625,0.0,1.0,0.375,0.37276096063818315,0.674545570293999,0.01109912137948915,0.7108449416273348,False
double_dqn,63002,75000,16,0.625,0.0,0.375,200.1875,0.25,0.0,1.0,0.25,0.5136191965205682,0.7643207765725737,0.0107091567088519,0.7342148683696748,False
double_dqn,63002,100000,16,0.5625,0.0,0.4375,211.0,0.375,0.0625,1.0,0.125,0.46619374122951135,0.7239156471607766,0.012386541776359051,0.7877783498317759,False
double_dqn,63002,150000,16,0.0,0.0,1.0,400.0,0.75,0.0,1.0,0.0,0.08029062500000025,0.5647608989734635,0.014952574968338,0.8448128451197408,False
double_dqn,63002,200000,16,0.5625,0.0,0.4375,206.0,0.25,0.0,1.0,0.125,0.5547684641919555,0.7847191102655158,0.016617232322614,1.0404382431918262,False
double_dqn,63002,250000,16,0.25,0.25,0.5,230.375,0.4375,0.0,1.0,0.0,0.19310076417547134,0.5599263123585814,0.0049713091732513,0.983079037120274,False
double_dqn,63002,300000,16,0.9375,0.0625,0.0,63.125,0.0,0.0,1.0,0.875,0.7704651641308522,0.892259100921929,0.0071847505418277495,0.6262547397849527,False
double_dqn,63003,0,16,0.0,0.375,0.625,259.125,0.125,0.5,1.0,0.0,0.02995937499999999,0.3910990876894025,0.03768246005527625,0.07564743854476386,False
double_dqn,63003,10000,16,0.6875,0.125,0.1875,154.1875,0.0,0.0,1.0,0.375,0.43815069733248,0.673358405799736,0.0210152910320231,0.6765603970190359,False
double_dqn,63003,25000,16,0.8125,0.0,0.1875,130.375,0.1875,0.0,1.0,0.625,0.6882597840789489,0.8297394822469585,0.018087319537583,0.8011978002045816,False
double_dqn,63003,50000,16,0.3125,0.25,0.4375,217.6875,0.4375,0.0,1.0,0.125,0.218511019065727,0.6079027507943525,0.0126874685846269,0.7201094944844211,False
double_dqn,63003,75000,16,0.9375,0.0625,0.0,55.4375,0.0,0.0,1.0,0.875,0.7920915353504595,0.9048978324697524,0.008195250699902349,0.7073310588932644,False
double_dqn,63003,100000,16,0.8125,0.1875,0.0,47.8125,0.0,0.0,1.0,0.75,0.7446319556380325,0.8744546056962141,0.0138649643797959,0.720552193796695,False
double_dqn,63003,150000,16,0.875,0.125,0.0,52.0,0.0,0.0,1.0,0.75,0.7733469108036217,0.8929789895258671,0.01424310478382315,0.7332228753710119,False
double_dqn,63003,200000,16,0.9375,0.0625,0.0,54.75,0.0,0.0,1.0,0.875,0.818509412232581,0.9183549820354342,0.012696409532083,0.7792298422674113,False
double_dqn,63003,250000,16,1.0,0.0,0.0,55.875,0.0,0.0,1.0,1.0,0.8960695153875089,0.9597777452817889,0.0379832408285886,0.6812065632890494,False
double_dqn,63003,300000,16,0.9375,0.0625,0.0,49.1875,0.0,0.0,1.0,0.875,0.8593783936800558,0.9376251905624331,0.009878676349343099,0.7383625698433046,False
double_dqn,63004,0,16,0.375,0.0,0.625,273.4375,0.625,0.0,1.0,0.125,0.41328205518179606,0.7112989821921546,0.09338761984370644,0.1192376671434249,False
double_dqn,63004,10000,16,0.875,0.125,0.0,104.0625,0.0,0.0,1.0,0.75,0.469350501712528,0.7714781616810655,0.03446496480359375,0.624558279247356,False
double_dqn,63004,25000,16,1.0,0.0,0.0,72.75,0.0,0.0,1.0,1.0,0.7499488783836135,0.8528304209524896,0.018786095027976152,0.9163663958599128,False
double_dqn,63004,50000,16,0.6875,0.3125,0.0,71.0625,0.0,0.0,1.0,0.375,0.44524015758617996,0.7076314930800323,0.0146794673616698,0.7134472841569862,False
double_dqn,63004,75000,16,0.875,0.125,0.0,47.25,0.0,0.0,1.0,0.75,0.782637361273138,0.9029750472677656,0.0073239471160644505,0.6968792022243182,False
double_dqn,63004,100000,16,1.0,0.0,0.0,63.9375,0.0,0.0,1.0,1.0,0.8158272244818117,0.9176595112717318,0.0293932009532651,0.7259467817498086,False
double_dqn,63004,150000,16,1.0,0.0,0.0,66.125,0.0,0.0,1.0,1.0,0.81820314447417,0.9152811892671422,0.009344759186176249,0.676915717839266,False
double_dqn,63004,200000,16,0.9375,0.0625,0.0,61.0625,0.0,0.0,1.0,0.875,0.8049912598084052,0.911722163320762,0.0092413464852007,0.7070748805626776,False
double_dqn,63004,250000,16,0.8125,0.1875,0.0,45.0,0.0,0.0,1.0,0.625,0.7429354118738116,0.8776100517124313,0.0059017608961406,0.6461239093092908,False
double_dqn,63004,300000,16,1.0,0.0,0.0,59.5,0.0,0.0,1.0,1.0,0.814687678463047,0.9211246791464646,0.008962404199481001,0.6678832072889525,False
double_dqn,63005,0,16,1.0,0.0,0.0,63.625,0.0,0.0,1.0,1.0,0.8509649962395429,0.9371979648085151,0.0927646015369301,0.0730087260744006,False
double_dqn,63005,10000,16,0.625,0.0625,0.3125,186.6875,0.3125,0.0,1.0,0.25,0.40318362238864947,0.7388918586555795,0.0314510863911061,0.9077716942999916,False
double_dqn,63005,25000,16,0.625,0.125,0.25,149.25,0.25,0.0,1.0,0.25,0.5016267795935564,0.7351344019040751,0.0202332775211996,0.9106433727874332,False
double_dqn,63005,50000,16,0.5625,0.1875,0.25,143.75,0.1875,0.0625,1.0,0.25,0.48713686235284254,0.709965157537604,0.0056067509249613,0.7737647956400544,False
double_dqn,63005,75000,16,1.0,0.0,0.0,67.0,0.0,0.0,1.0,1.0,0.7880938529799949,0.9007907016408492,0.005845397654574249,0.6555373355722075,False
double_dqn,63005,100000,16,0.9375,0.0,0.0625,99.0625,0.0625,0.0,1.0,0.875,0.6807503795323449,0.88511892194414,0.01318699203746415,0.6460906176228001,False
double_dqn,63005,150000,16,1.0,0.0,0.0,66.5,0.0,0.0,1.0,1.0,0.8132226935507327,0.9186324647387588,0.01118485759478905,0.7195292356454178,False
double_dqn,63005,200000,16,0.9375,0.0625,0.0,52.3125,0.0,0.0,1.0,0.875,0.8261962730392458,0.9225664943863514,0.02516887845037285,0.7627784281060426,False
double_dqn,63005,250000,16,0.9375,0.0625,0.0,50.8125,0.0,0.0,1.0,0.875,0.8190751433552015,0.9224996431727449,0.01495778847485775,0.7393991288414274,False
double_dqn,63005,300000,16,0.9375,0.0625,0.0,54.75,0.0,0.0,1.0,0.875,0.803417232955206,0.9154112392705926,0.0159987203129395,0.7472757800627117,False
double_dqn,63006,0,16,0.25,0.75,0.0,25.0,0.0,0.0,1.0,0.25,0.23454477168625626,0.6040274001923807,0.11980341612878764,0.09159366933422249,False
double_dqn,63006,10000,16,0.0625,0.0625,0.875,357.25,0.8125,0.0625,1.0,0.0,0.07047459337397603,0.5845366011287718,0.14831131150480356,1.5591328805860802,False
double_dqn,63006,25000,16,1.0,0.0,0.0,67.25,0.0,0.0,1.0,1.0,0.7940145771936102,0.9031175402840005,0.04099329687276125,0.9342754766115331,False
double_dqn,63006,50000,16,1.0,0.0,0.0,79.4375,0.0,0.0,1.0,1.0,0.6946220493997406,0.8415103465989018,0.02350420522057765,0.7366951383419835,False
double_dqn,63006,75000,16,0.625,0.0,0.375,194.6875,0.375,0.0,1.0,0.25,0.5050266180207528,0.7522386109751806,0.01339668129109925,0.718542829944413,False
double_dqn,63006,100000,16,0.9375,0.0,0.0625,81.75,0.0625,0.0,1.0,0.875,0.8159940665263129,0.9161106913209807,0.01231348368174885,0.8118912219412593,False
double_dqn,63006,150000,16,0.8125,0.0,0.1875,123.75,0.1875,0.0,1.0,0.625,0.6834302511717902,0.8152575349329787,0.014580016454888649,0.8459646106651806,False
double_dqn,63006,200000,16,0.875,0.0,0.125,100.125,0.125,0.0,1.0,0.75,0.760702402201776,0.8926806977377336,0.010111083746799851,0.6898341618167889,False
double_dqn,63006,250000,16,1.0,0.0,0.0,50.375,0.0,0.0,1.0,1.0,0.9181273733882611,0.9698052640158488,0.01919532419011295,0.6968126305545759,False
double_dqn,63006,300000,16,1.0,0.0,0.0,55.9375,0.0,0.0,1.0,1.0,0.8819930291110241,0.9520218591648723,0.04265198852920875,0.7965371983760444,False
double_dqn,63007,0,16,0.1875,0.8125,0.0,23.8125,0.0,0.0,1.0,0.125,0.17375491885587707,0.5726106184135105,0.0933741502442032,0.12349568946317149,False
double_dqn,63007,10000,16,0.8125,0.125,0.0625,129.9375,0.0625,0.0,1.0,0.75,0.3646162404143,0.7194212656206953,0.05267174870911075,0.538106934812393,False
double_dqn,63007,25000,16,0.875,0.0625,0.0625,107.0625,0.0625,0.0,1.0,0.75,0.6253689668293048,0.7790701528175159,0.020582790913582,0.7609295851280862,False
double_dqn,63007,50000,16,1.0,0.0,0.0,60.3125,0.0,0.0,1.0,1.0,0.8455702839753187,0.9337511196468304,0.021299808435255148,0.7156307412802039,False
double_dqn,63007,75000,16,0.9375,0.0625,0.0,51.4375,0.0,0.0,1.0,0.875,0.8386588886191398,0.930184697380837,0.0206986796768272,0.7763220241148538,False
double_dqn,63007,100000,16,0.4375,0.0,0.5625,255.4375,0.4375,0.125,1.0,0.125,0.3655533296310142,0.659157989259099,0.022737193964421698,0.782710715396974,False
double_dqn,63007,150000,16,0.6875,0.125,0.1875,114.1875,0.1875,0.0,1.0,0.375,0.6082507832147059,0.812599767358702,0.02686158910422755,1.0194828720808249,False
double_dqn,63007,200000,16,0.75,0.0625,0.1875,125.0,0.1875,0.0,1.0,0.5,0.614214253823965,0.8516144134625703,0.0214698949140006,0.7529477904051118,False
double_dqn,63007,250000,16,1.0,0.0,0.0,54.375,0.0,0.0,1.0,1.0,0.9002615163017964,0.9629911786574272,0.0233443772121905,0.7467791511870792,False
double_dqn,63007,300000,16,0.0,0.0,1.0,400.0,1.0,0.0,1.0,0.0,0.03677187499999997,0.6256950217875286,0.07199024267494675,0.5631392346974462,True
double_dqn,63008,0,16,0.0,0.0,1.0,400.0,0.0,1.0,1.0,0.0,0.031381249999999944,0.2798866497421122,0.1212887321040034,0.10248871846328252,False
double_dqn,63008,10000,16,0.25,0.6875,0.0625,56.9375,0.0625,0.0,1.0,0.0,0.23146758070665147,0.6035273792231081,0.04798008785112545,0.4996441849995461,False
double_dqn,63008,25000,16,0.5625,0.0625,0.375,253.875,0.375,0.0,1.0,0.125,0.2952290147790157,0.6418418905669548,0.0231220011909124,0.8918244431686446,False
double_dqn,63008,50000,16,0.5,0.0625,0.4375,208.375,0.4375,0.0,1.0,0.125,0.40741493585589006,0.7068817951634737,0.02759816238656635,1.0241680822673502,False
double_dqn,63008,75000,16,0.8125,0.0625,0.125,129.625,0.0,0.0,1.0,0.625,0.5897978336615056,0.7935434807180441,0.008360348735004599,0.6890864016647056,False
double_dqn,63008,100000,16,0.875,0.125,0.0,63.25,0.0,0.0,1.0,0.75,0.7049867977985332,0.8535615744562254,0.00664731764071985,0.6555230943663675,False
double_dqn,63008,150000,16,1.0,0.0,0.0,65.8125,0.0,0.0,1.0,1.0,0.8091805881757692,0.9087226331680004,0.0064005466551824,0.6867505008085678,False
double_dqn,63008,200000,16,1.0,0.0,0.0,53.4375,0.0,0.0,1.0,1.0,0.900930455091363,0.9644948394699661,0.0059590291458956005,0.7167166299635052,False
double_dqn,63008,250000,16,0.875,0.125,0.0,58.3125,0.0,0.0,1.0,0.75,0.7335702155253003,0.8724696270499529,0.00643836497550915,0.6684443639826946,False
double_dqn,63008,300000,16,0.6875,0.1875,0.125,101.875,0.125,0.0,1.0,0.5,0.5294518303403783,0.784573082968232,0.0088199959213858,0.707770407211971,False
double_dqn,63009,0,16,0.0,0.0,1.0,400.0,0.0625,0.9375,1.0,0.0,0.033287499999999956,0.30357766536711217,0.08050721225445155,0.07814981953968522,False
double_dqn,63009,10000,16,0.625,0.375,0.0,44.25,0.0,0.0,1.0,0.375,0.5556973023555336,0.7792936147373866,0.02003857571622255,0.4222643416490629,False
double_dqn,63009,25000,16,0.9375,0.0,0.0625,94.25,0.0,0.0,1.0,0.875,0.7087477134865858,0.8273686885802708,0.022282867971807653,0.874537573149488,False
double_dqn,63009,50000,16,0.875,0.0625,0.0625,91.25,0.0625,0.0,1.0,0.75,0.6346347526204231,0.8114352349715166,0.009552945787353152,0.7583229692820782,False
double_dqn,63009,75000,16,1.0,0.0,0.0,55.625,0.0,0.0,1.0,1.0,0.8811094797215109,0.9518020955095898,0.00630784125555125,0.6883269133600389,False
double_dqn,63009,100000,16,0.875,0.125,0.0,48.625,0.0,0.0,1.0,0.75,0.7913357753614148,0.9030134226709601,0.008133349100966952,0.6869325249356147,False
double_dqn,63009,150000,16,0.75,0.1875,0.0625,70.5625,0.0625,0.0,1.0,0.625,0.6711038395577602,0.855292632082894,0.0056833174212423,0.7164504459172992,False
double_dqn,63009,200000,16,1.0,0.0,0.0,53.375,0.0,0.0,1.0,1.0,0.9082707681712154,0.9644952896931058,0.00710570440052795,0.7060712736676429,False
double_dqn,63009,250000,16,1.0,0.0,0.0,58.8125,0.0,0.0,1.0,1.0,0.8677741612710026,0.9488726043611408,0.010923117167614,0.676657568180006,False
double_dqn,63009,300000,16,0.5,0.1875,0.3125,154.1875,0.3125,0.0,1.0,0.125,0.4821452899884362,0.7387150115378475,0.0032384222623896997,0.7716517786706708,True
double_dqn,63010,0,16,0.4375,0.0,0.5625,282.5625,0.5,0.0,1.0,0.0,0.2150126948911574,0.67701771316019,0.09257900268887165,0.13197082905884333,False
double_dqn,63010,10000,16,0.5625,0.3125,0.125,89.8125,0.0625,0.0625,1.0,0.25,0.4904705738653941,0.7320167050528708,0.03888970981067455,0.519389195459556,False
double_dqn,63010,25000,16,0.8125,0.1875,0.0,100.25,0.0,0.0,1.0,0.625,0.4515883327257361,0.7022602484563731,0.030185696192809253,1.0611545961377717,False
double_dqn,63010,50000,16,0.75,0.0,0.25,186.5,0.1875,0.0625,1.0,0.5,0.4782307556092886,0.6755358857114229,0.0165202976295547,0.7646325525768638,False
double_dqn,63010,75000,16,0.5,0.25,0.25,141.125,0.25,0.0,1.0,0.125,0.42766148688369454,0.7041178419657963,0.0158714492547333,0.6226493826521227,False
double_dqn,63010,100000,16,1.0,0.0,0.0,68.9375,0.0,0.0,1.0,1.0,0.7724101891413373,0.8920281847188916,0.02815222693082385,0.694387091109722,False
double_dqn,63010,150000,16,0.8125,0.0,0.1875,123.0625,0.1875,0.0,1.0,0.625,0.7047654136840968,0.8907409993969138,0.01076036874761415,0.6693279431762245,False
double_dqn,63010,200000,16,0.875,0.125,0.0,68.5,0.0,0.0,1.0,0.75,0.6833694022580441,0.8544014952290074,0.0150758140088694,0.6480196125098974,False
double_dqn,63010,250000,16,1.0,0.0,0.0,51.8125,0.0,0.0,1.0,1.0,0.9094608628576372,0.9645735227247154,0.006945586498036499,0.6513198309262633,False
double_dqn,63010,300000,16,0.4375,0.0625,0.5,239.0625,0.5,0.0,1.0,0.0,0.35025834449496906,0.6570785744522352,0.00440159440488995,0.6499495361915003,True
double_dqn,63011,0,16,0.0,0.0,1.0,400.0,1.0,0.0,1.0,0.0,0.035643749999999974,0.6255830738124794,0.07304615597007791,0.06630557389406017,False
double_dqn,63011,10000,16,0.875,0.125,0.0,72.75,0.0,0.0,1.0,0.75,0.6189487945459834,0.8359243828133907,0.04079115264327015,0.7503280835367165,False
double_dqn,63011,25000,16,0.75,0.0,0.25,236.625,0.0,0.0,1.0,0.5,0.41489583011976106,0.6321731746974603,0.032309788397154704,0.7173408372578506,False
double_dqn,63011,50000,16,0.5,0.0625,0.4375,206.25,0.4375,0.0,1.0,0.0,0.4498465388122608,0.7317355134751024,0.0256529941026008,0.9834170675962309,False
double_dqn,63011,75000,16,0.8125,0.0,0.1875,125.25,0.1875,0.0,1.0,0.625,0.6813493828747264,0.8499168928105134,0.0078153071928739,0.732439747632604,False
double_dqn,63011,100000,16,0.9375,0.0625,0.0,58.75,0.0,0.0,1.0,0.875,0.7956844095819099,0.9069726931247417,0.01266488162879435,0.7349708711063733,False
double_dqn,63011,150000,16,0.9375,0.0,0.0625,113.125,0.0,0.0625,1.0,0.875,0.6319317301509031,0.8011201061891633,0.0083304590569778,0.6911900894392218,False
double_dqn,63011,200000,16,1.0,0.0,0.0,96.5625,0.0,0.0,1.0,1.0,0.6467011344954109,0.82616422147556,0.01179583147783905,0.6890449203109832,False
double_dqn,63011,250000,16,1.0,0.0,0.0,74.5625,0.0,0.0,1.0,1.0,0.7662145849752635,0.9212312280712347,0.024936761968321598,0.7995802851848799,False
double_dqn,63011,300000,16,1.0,0.0,0.0,48.75,0.0,0.0,1.0,1.0,0.9189971859149617,0.972016149872884,0.0098946849265289,0.7075796957397217,False
double_dqn,63012,0,16,0.0,0.0,1.0,400.0,1.0,0.0,1.0,0.0,0.035643749999999974,0.5975882732037949,0.1698155937308911,0.16500267896830334,False
double_dqn,63012,10000,16,0.25,0.0,0.75,328.8125,0.75,0.0,1.0,0.0,0.15551227725366867,0.7300945325655378,0.02860368701629335,0.8797970319982076,False
double_dqn,63012,25000,16,0.9375,0.0,0.0625,94.5,0.0625,0.0,1.0,0.875,0.7152174519521319,0.865648036230548,0.0144245639353269,0.8059082392795476,False
double_dqn,63012,50000,16,0.75,0.0,0.25,161.5625,0.25,0.0,1.0,0.5,0.579090873664214,0.7978401857729155,0.02573665439121935,0.9262375353130649,False
double_dqn,63012,75000,16,0.9375,0.0625,0.0,52.5625,0.0,0.0,1.0,0.875,0.8255660154828163,0.9233036778349164,0.00955105198583765,0.7082246682496083,False
double_dqn,63012,100000,16,0.625,0.0,0.375,209.4375,0.375,0.0,1.0,0.25,0.4352031409410334,0.7139131568160924,0.01390557227447425,0.7544104242287272,False
double_dqn,63012,150000,16,0.75,0.125,0.125,127.6875,0.0625,0.0625,1.0,0.625,0.5614100564158677,0.7326277766980647,0.014322416756947051,0.7875756410681082,False
double_dqn,63012,200000,16,0.9375,0.0625,0.0,50.5,0.0,0.0,1.0,0.875,0.8592295540937982,0.9330141253074944,0.006570775621676,0.6995573613259027,False
double_dqn,63012,250000,16,0.5,0.0,0.5,263.25,0.375,0.125,1.0,0.25,0.2994385783465635,0.6553156665356217,0.01320452298969025,0.6388549795259559,False
double_dqn,63012,300000,16,1.0,0.0,0.0,54.5,0.0,0.0,1.0,1.0,0.8912286094962669,0.9591387348240359,0.0100019374610337,0.6753086837793782,False
double_dqn,63013,0,16,0.0,0.0,1.0,400.0,1.0,0.0,1.0,0.0,0.07644062499999997,0.6525739224037772,0.0670901729003526,0.056214260678971124,False
double_dqn,63013,10000,16,0.6875,0.25,0.0625,80.6875,0.0625,0.0,1.0,0.5,0.5371095602619714,0.793035353380505,0.02447558924430415,0.4689141047562353,False
double_dqn,63013,25000,16,1.0,0.0,0.0,68.1875,0.0,0.0,1.0,1.0,0.7942217704714796,0.9060630799264486,0.0352598441639347,0.9251892925585221,False
double_dqn,63013,50000,16,0.25,0.0,0.75,315.125,0.6875,0.0625,1.0,0.0,0.23966818007046817,0.6016819402821441,0.0182864629765125,1.0245172157756395,False
double_dqn,63013,75000,16,0.3125,0.1875,0.5,227.0,0.5,0.0,1.0,0.0,0.2410250463866885,0.6090964085618938,0.0191496715322136,0.861266974162767,False
double_dqn,63013,100000,16,0.9375,0.0625,0.0,56.5625,0.0,0.0,1.0,0.875,0.8185643112204893,0.9208112183876656,0.0111866493955637,0.6482019630447391,False
double_dqn,63013,150000,16,0.75,0.0,0.25,146.3125,0.25,0.0,1.0,0.5,0.6721323470856525,0.8764759722272674,0.01091088557606015,0.8647109375446773,False
double_dqn,63013,200000,16,0.125,0.0,0.875,363.6875,0.75,0.0,1.0,0.0,0.11442365926072778,0.5172639192517181,0.00976759184151885,0.8233355199012635,False
double_dqn,63013,250000,16,0.9375,0.0,0.0625,120.0,0.0625,0.0,1.0,0.875,0.6019931813302628,0.8041935904335553,0.01100595399376145,0.6798396869367722,False
double_dqn,63013,300000,16,0.75,0.125,0.125,103.0625,0.0,0.125,1.0,0.625,0.6028292257892243,0.7676447647011984,0.00824304965889855,0.7258150973854774,False
double_dqn,63014,0,16,0.0,0.0,1.0,400.0,1.0,0.0,1.0,0.0,0.035643749999999974,0.5975882732037949,0.11151936644397203,0.11187284074694613,False
double_dqn,63014,10000,16,0.125,0.0625,0.8125,335.375,0.8125,0.0,1.0,0.0,0.12714215664397482,0.6315696726858412,0.09488996427040544,1.3080235028408937,False
double_dqn,63014,25000,16,0.3125,0.0,0.6875,308.25,0.625,0.0625,1.0,0.125,0.22163619963936593,0.5711638399654264,0.0302600467205047,1.2543958397533055,False
double_dqn,63014,50000,16,0.0,0.0,1.0,400.0,0.375,0.625,1.0,0.0,0.03519374999999997,0.3314457644073418,0.0307872926443815,1.370595673224889,False
double_dqn,63014,75000,16,0.0,0.0,1.0,400.0,0.75,0.0,1.0,0.0,0.04359999999999986,0.5139214055711568,0.0141827075183391,1.0315063925320282,False
double_dqn,63014,100000,16,0.0,0.0,1.0,400.0,0.5625,0.4375,1.0,0.0,0.03628124999999993,0.4181496758893392,0.0039403916150331005,0.8206929303868673,False
double_dqn,63014,150000,16,0.8125,0.1875,0.0,80.4375,0.0,0.0,1.0,0.625,0.4868291146256659,0.7341599642192285,0.01251281296744975,0.6368286144432851,False
double_dqn,63014,200000,16,0.875,0.125,0.0,74.25,0.0,0.0,1.0,0.75,0.6152810484521131,0.7967786094694762,0.0068262317715162,0.6549928469600059,False
double_dqn,63014,250000,16,1.0,0.0,0.0,66.9375,0.0,0.0,1.0,1.0,0.8293403750114655,0.9234992267976792,0.0048104288039861505,0.6513667777220542,False
double_dqn,63014,300000,16,1.0,0.0,0.0,59.5625,0.0,0.0,1.0,1.0,0.8590104000359433,0.942447127465666,0.011774788095083599,0.6435086193975054,False
double_dqn,63015,0,16,0.375,0.625,0.0,38.375,0.0,0.0,1.0,0.375,0.30819232722385276,0.6340111772453534,0.114560872858624,0.08513433232913956,False
double_dqn,63015,10000,16,0.625,0.375,0.0,47.5625,0.0,0.0,1.0,0.375,0.5027173538858682,0.7475836317039884,0.02747181878828205,0.46910718333319507,False
double_dqn,63015,25000,16,0.5,0.125,0.375,204.0625,0.25,0.0625,1.0,0.125,0.32803575377342015,0.6583067301438056,0.032947835028438496,1.0414881820850603,False
double_dqn,63015,50000,16,1.0,0.0,0.0,71.375,0.0,0.0,1.0,1.0,0.742664907446535,0.8694173857032216,0.02474870248681455,0.7548328138792494,False
double_dqn,63015,75000,16,0.5625,0.0625,0.375,201.3125,0.0,0.0,1.0,0.25,0.3989234240252766,0.6909462182881625,0.0115730576673269,0.8239014206019677,False
double_dqn,63015,100000,16,0.6875,0.0,0.3125,169.5625,0.0,0.3125,1.0,0.375,0.5585676866442429,0.7170580373295063,0.00752382175313685,0.7530570751242796,False
double_dqn,63015,150000,16,1.0,0.0,0.0,70.625,0.0,0.0,1.0,1.0,0.7580283749045408,0.8902877390634315,0.0200588531310285,0.7717526631082255,False
double_dqn,63015,200000,16,1.0,0.0,0.0,64.3125,0.0,0.0,1.0,1.0,0.8025047842503946,0.8985853480088228,0.0240627491211099,0.7611979045093071,False
double_dqn,63015,250000,16,0.9375,0.0625,0.0,46.5625,0.0,0.0,1.0,0.875,0.8555463358641306,0.9399196367807674,0.0148146978085455,0.7032075993368396,False
double_dqn,63015,300000,16,1.0,0.0,0.0,74.0625,0.0,0.0,1.0,1.0,0.748916191967929,0.8689766204387364,0.01383526865688575,0.6564330497969926,False
double_dqn,63016,0,16,0.1875,0.8125,0.0,27.1875,0.0,0.0,1.0,0.0,0.1702791070045856,0.5697227460679066,0.0190886078832729,0.036354524681631334,False
double_dqn,63016,10000,16,0.6875,0.3125,0.0,56.0,0.0,0.0,1.0,0.375,0.550539611481268,0.7774497344016364,0.01883357120336955,0.3931291290137277,False
double_dqn,63016,25000,16,0.5,0.0,0.5,234.75,0.4375,0.0625,1.0,0.0,0.43093723379592097,0.6918742807914706,0.05087752946717005,1.2379537171043367,False
double_dqn,63016,50000,16,0.1875,0.0,0.8125,339.0625,0.625,0.0,1.0,0.0,0.20376988758929504,0.6045813062425232,0.0270822513988241,1.0731532519332196,False
double_dqn,63016,75000,16,0.5,0.0,0.5,233.5,0.5,0.0,1.0,0.0,0.4100996952001922,0.6955955787545671,0.0128479959070682,0.8459568784444678,False
double_dqn,63016,100000,16,0.5,0.0,0.5,231.0625,0.5,0.0,1.0,0.0,0.41826387835092244,0.7126670019646857,0.01237047112964345,0.7144765840340385,False
double_dqn,63016,150000,16,0.4375,0.0,0.5625,263.625,0.5,0.0625,1.0,0.0,0.30932031905534924,0.5874024143542589,0.021374801620841002,0.6402096169439271,False
double_dqn,63016,200000,16,0.9375,0.0625,0.0,54.1875,0.0,0.0,1.0,0.875,0.8307693963353051,0.9246669863510016,0.0105467933237589,0.6869917466917086,False
double_dqn,63016,250000,16,0.9375,0.0,0.0625,107.375,0.0625,0.0,1.0,0.875,0.6296609676709788,0.8147537800967807,0.00906206035244175,0.6458075704207147,False
double_dqn,63016,300000,16,0.625,0.125,0.25,145.625,0.25,0.0,1.0,0.25,0.5282889966600433,0.7541700604831008,0.006815052198675949,0.6635483111698808,False
double_dqn,63017,0,16,0.875,0.125,0.0,55.875,0.0,0.0,1.0,0.75,0.76395939218902,0.890680637119995,0.059406209935102254,0.18721282509658654,False
double_dqn,63017,10000,16,0.75,0.0625,0.1875,134.8125,0.1875,0.0,1.0,0.625,0.5475817661855621,0.8024080337015791,0.029862156357520653,0.89038432363048,False
double_dqn,63017,25000,16,0.875,0.0,0.125,128.9375,0.125,0.0,1.0,0.75,0.6285856090764657,0.7991534137920573,0.01429806543248035,0.8653782960487874,False
double_dqn,63017,50000,16,1.0,0.0,0.0,54.6875,0.0,0.0,1.0,1.0,0.8897711029077691,0.9578112604096465,0.0142409236203221,0.7260705952139054,False
double_dqn,63017,75000,16,0.875,0.125,0.0,48.625,0.0,0.0,1.0,0.75,0.7776419480379841,0.8986869925384973,0.0072856270735375,0.7046813644544601,False
double_dqn,63017,100000,16,1.0,0.0,0.0,56.3125,0.0,0.0,1.0,1.0,0.893979338294784,0.9586787091938528,0.01536472192792475,0.7067255981752895,False
double_dqn,63017,150000,16,0.8125,0.0,0.1875,135.375,0.1875,0.0,1.0,0.625,0.6325740977605951,0.81802671453026,0.01758263559080655,0.6782039798930392,False
double_dqn,63017,200000,16,0.75,0.0625,0.1875,119.625,0.1875,0.0,1.0,0.5,0.6756617605051158,0.8463032214021988,0.0183510748048623,0.6626209394218181,False
double_dqn,63017,250000,16,0.0625,0.0,0.9375,378.8125,0.9375,0.0,1.0,0.0,0.08942814595000201,0.6511088038659081,0.0192065329916897,1.248367532883183,False
double_dqn,63017,300000,16,0.0,0.25,0.75,320.0,0.75,0.0,1.0,0.0,0.031496875,0.5813005148058902,0.1147040614113211,0.8326285796306665,True
double_dqn,63018,0,16,0.0,0.0,1.0,400.0,1.0,0.0,1.0,0.0,0.035643749999999974,0.5975882732037949,0.13051388150546694,0.2048555622110143,False
double_dqn,63018,10000,16,0.5625,0.4375,0.0,49.75,0.0,0.0,1.0,0.25,0.4356772285348228,0.7250743277935103,0.0424462575026711,0.7277996140366227,False
double_dqn,63018,25000,16,0.5,0.25,0.25,143.875,0.25,0.0,1.0,0.375,0.4319299085529067,0.698501265948218,0.02814394297838655,0.9491867528165476,False
double_dqn,63018,50000,16,1.0,0.0,0.0,60.125,0.0,0.0,1.0,1.0,0.8403472207885824,0.9336091989427928,0.010919365994743649,0.7101009115224481,False
double_dqn,63018,75000,16,1.0,0.0,0.0,54.875,0.0,0.0,1.0,1.0,0.88407939460562,0.955157705658131,0.027750260507067,0.7647241367720039,False
double_dqn,63018,100000,16,1.0,0.0,0.0,61.625,0.0,0.0,1.0,1.0,0.8215280417408735,0.9167171069551561,0.014087788228477751,0.7493415911528807,False
double_dqn,63018,150000,16,0.8125,0.125,0.0625,79.5625,0.0625,0.0,1.0,0.625,0.6879049362849269,0.8777334723825376,0.04706397163663425,0.7667561269432346,False
double_dqn,63018,200000,16,0.875,0.125,0.0,57.875,0.0,0.0,1.0,0.75,0.7472282412306687,0.8629576185507106,0.021645541083846698,0.7561758066522068,False
double_dqn,63018,250000,16,0.5,0.0,0.5,315.5625,0.375,0.0625,1.0,0.125,0.2430677899631178,0.5209583922203482,0.019647131572700698,0.8397883997824392,False
double_dqn,63018,300000,16,0.5625,0.25,0.1875,113.5625,0.1875,0.0,1.0,0.25,0.4844049017114918,0.7775384296781532,0.0185915208421647,0.7000754635059891,False
double_dqn,63019,0,16,0.1875,0.8125,0.0,24.5,0.0,0.0,1.0,0.125,0.17806223866956383,0.5729493801335905,0.07762623516739235,0.0730970570887563,False
double_dqn,63019,10000,16,0.875,0.125,0.0,80.625,0.0,0.0,1.0,0.75,0.5464841989187315,0.7947421938591626,0.06019040354675495,0.4700662255654219,False
double_dqn,63019,25000,16,0.5,0.1875,0.3125,171.4375,0.3125,0.0,1.0,0.0,0.3582456977192131,0.6400036792304371,0.02422467945633745,0.8858236271270122,False
double_dqn,63019,50000,16,0.4375,0.0625,0.5,243.8125,0.5,0.0,1.0,0.0,0.29748004225837577,0.6177010098251221,0.024957213400630198,0.7448949424613874,False
double_dqn,63019,75000,16,0.8125,0.1875,0.0,54.375,0.0,0.0,1.0,0.625,0.6416328074262504,0.822733427968216,0.016509818196223602,0.7083898702168507,False
double_dqn,63019,100000,16,0.9375,0.0625,0.0,67.375,0.0,0.0,1.0,0.875,0.7089794509152567,0.8608789736770894,0.00740365847584325,0.6859473944463446,False
double_dqn,63019,150000,16,0.6875,0.25,0.0625,88.75,0.0625,0.0,1.0,0.375,0.48503072678547665,0.7436445190594332,0.018365306131890052,0.7063401976645607,False
double_dqn,63019,200000,16,1.0,0.0,0.0,58.375,0.0,0.0,1.0,1.0,0.8604797222038205,0.9407600879823829,0.00453971900550045,0.7538758198620235,False
double_dqn,63019,250000,16,0.5,0.0,0.5,228.8125,0.5,0.0,1.0,0.0,0.45660458441351404,0.7303179787097082,0.0097719212011857,0.7128561473633015,False
double_dqn,63019,300000,16,0.875,0.125,0.0,58.0625,0.0,0.0,1.0,0.75,0.7309747386814679,0.869290548728116,0.01130762916119365,0.7551645745001713,False
double_dqn,63020,0,16,1.0,0.0,0.0,63.625,0.0,0.0,1.0,1.0,0.8509649962395429,0.9371979648085151,0.08555140011517204,0.07105169876253951,False
double_dqn,63020,10000,16,0.625,0.375,0.0,42.9375,0.0,0.0,1.0,0.375,0.5351403179359313,0.7657892131011065,0.051203464341027,0.5878322529752651,False
double_dqn,63020,25000,16,0.6875,0.125,0.1875,162.5625,0.1875,0.0,1.0,0.5,0.35869236418031725,0.6308294732057773,0.0185901265071158,0.9142766169721317,False
double_dqn,63020,50000,16,0.375,0.0,0.625,289.5625,0.625,0.0,1.0,0.0,0.25580416245250504,0.6153215417409666,0.01264749277383085,1.3236873528598976,False
double_dqn,63020,75000,16,0.1875,0.3125,0.5,219.0625,0.5,0.0,1.0,0.0,0.19238143362164278,0.5849850169699664,0.01307133436203,0.9826670351487848,False
double_dqn,63020,100000,16,0.3125,0.1875,0.5,265.0,0.5,0.0,1.0,0.0,0.17599648421638076,0.5641562398033343,0.03091855913400645,1.259477793376996,False
double_dqn,63020,150000,16,0.625,0.0,0.375,193.8125,0.125,0.25,1.0,0.25,0.5037566503111429,0.7040963501851776,0.0105470594275614,0.8306541202168802,False
double_dqn,63020,200000,16,0.75,0.0,0.25,167.125,0.1875,0.0,1.0,0.625,0.5660872456905331,0.7962170587355699,0.00814258609321615,0.6306400114820524,False
double_dqn,63020,250000,16,0.5625,0.0,0.4375,217.625,0.4375,0.0,1.0,0.125,0.45960596148348565,0.7260105163901927,0.02553904914355475,0.6473306775847157,False
double_dqn,63020,300000,16,1.0,0.0,0.0,66.4375,0.0,0.0,1.0,1.0,0.7998114578253573,0.9117873619582482,0.0122806659945454,0.7162991390343021,False
vanilla_dqn,63001,0,16,0.0,0.0,1.0,400.0,1.0,0.0,1.0,0.0,0.035643749999999974,0.4318889323416353,0.09187960863462645,0.07833166955519115,False
vanilla_dqn,63001,10000,16,0.5625,0.125,0.3125,171.75,0.3125,0.0,1.0,0.125,0.4157345645626105,0.7776272373777782,0.042848969241171,1.0256895844254361,False
vanilla_dqn,63001,25000,16,0.125,0.0,0.875,360.1875,0.5,0.0,1.0,0.0,0.189764030254939,0.5559150031719581,0.013119615465402551,0.9289158514330667,False
vanilla_dqn,63001,50000,16,0.5,0.0,0.5,245.125,0.5,0.0,1.0,0.0,0.39715510302583024,0.6560017105497516,0.0133570503949054,0.8765509832165947,False
vanilla_dqn,63001,75000,16,0.5,0.1875,0.3125,195.0,0.3125,0.0,1.0,0.0,0.24751186828675398,0.6208965546865668,0.0101158999629516,0.9206329906094167,False
vanilla_dqn,63001,100000,16,0.5,0.0,0.5,235.6875,0.0,0.5,1.0,0.0,0.4056485665824619,0.5851597229647834,0.006568239040240851,0.807665835746791,False
vanilla_dqn,63001,150000,16,0.75,0.1875,0.0625,89.25,0.0,0.0625,1.0,0.5,0.5399672856478073,0.7529902615910922,0.0083320818526009,0.7429620260415202,False
vanilla_dqn,63001,200000,16,0.875,0.125,0.0,58.75,0.0,0.0,1.0,0.75,0.7281402709143068,0.8760039151334534,0.0072941787642899,0.7553947572692021,False
vanilla_dqn,63001,250000,16,1.0,0.0,0.0,64.5,0.0,0.0,1.0,1.0,0.822967877066152,0.9206246535787826,0.00664499487297295,0.6967872488547497,False
vanilla_dqn,63001,300000,16,0.4375,0.0625,0.5,227.5,0.5,0.0,1.0,0.25,0.3905699515555173,0.6935748314015631,0.00868617142535,0.8222585045695594,True
vanilla_dqn,63002,0,16,0.0,0.0,1.0,400.0,1.0,0.0,1.0,0.0,0.06048749999999986,0.6445973725036399,0.06244439618079915,0.027690172819857212,False
vanilla_dqn,63002,10000,16,0.4375,0.3125,0.25,142.4375,0.25,0.0,1.0,0.25,0.32651781993541423,0.7050512012770037,0.0504409325058985,0.9105709656507319,False
vanilla_dqn,63002,25000,16,0.4375,0.125,0.4375,211.3125,0.375,0.0,1.0,0.0,0.34838715476534343,0.6893637031428728,0.0494459859857106,1.429729392918024,False
vanilla_dqn,63002,50000,16,0.0,0.0,1.0,400.0,0.8125,0.1875,1.0,0.0,0.04922656249999994,0.457314064161921,0.0413379110023379,2.666099701399216,False
vanilla_dqn,63002,75000,16,0.0,0.0,1.0,400.0,0.0625,0.875,1.0,0.0,0.04372656249999998,0.313140199497507,0.00639289163053035,1.7473770136199893,False
vanilla_dqn,63002,100000,16,0.0,0.0,1.0,400.0,0.8125,0.1875,1.0,0.0,0.04387343749999985,0.4380304006665503,0.0232277276180684,1.4847320336080156,False
vanilla_dqn,63002,150000,16,0.0,0.125,0.875,352.5625,0.1875,0.5,1.0,0.0,0.061056250000000034,0.4200011051237948,0.0117891729623079,1.0712421186172425,False
vanilla_dqn,63002,200000,16,0.4375,0.0,0.5625,257.4375,0.4375,0.0,1.0,0.0,0.3692068578743025,0.7014467208474362,0.0121565748332068,1.013287759303322,False
vanilla_dqn,63002,250000,16,0.125,0.0,0.875,360.5625,0.6875,0.1875,1.0,0.0,0.10996737456134079,0.5398290734273109,0.01082857461646195,1.6797232314390727,False
vanilla_dqn,63002,300000,16,0.25,0.0,0.75,335.25,0.75,0.0,1.0,0.0,0.13714959951011502,0.6223980645605518,0.0246716874087457,1.185329167216861,False
vanilla_dqn,63003,0,16,0.0,0.375,0.625,259.125,0.125,0.5,1.0,0.0,0.02995937499999999,0.3910990876894025,0.03768246005527625,0.07564743854476386,False
vanilla_dqn,63003,10000,16,0.0625,0.0,0.9375,383.75,0.9375,0.0,1.0,0.0,0.05865771282490233,0.6290476673695737,0.097052697520703,2.4127176984775414,False
vanilla_dqn,63003,25000,16,0.8125,0.1875,0.0,106.5625,0.0,0.0,1.0,0.625,0.4532556415725031,0.7230706679067578,0.02980024266536485,1.197463646386199,False
vanilla_dqn,63003,50000,16,0.375,0.0,0.625,314.5,0.4375,0.1875,1.0,0.125,0.18910034683724353,0.536387601111016,0.014593433029949601,0.9869025500722792,False
vanilla_dqn,63003,75000,16,0.125,0.0,0.875,362.25,0.0625,0.8125,1.0,0.0,0.11210511260032639,0.3656000039801162,0.00392869815230365,1.2068151100454099,False
vanilla_dqn,63003,100000,16,0.125,0.0,0.875,356.75,0.5,0.375,1.0,0.0,0.16941464021075675,0.49220533938368916,0.0041650896146893,0.8822372180626427,False
vanilla_dqn,63003,150000,16,0.75,0.0,0.25,154.125,0.0,0.0,1.0,0.5,0.5548689523690912,0.8411645124182268,0.03262086058859815,0.7341633438877708,False
vanilla_dqn,63003,200000,16,0.75,0.25,0.0,59.75,0.0,0.0,1.0,0.5,0.5906333591378563,0.8034060827719682,0.01926157214949205,0.7196449193717294,False
vanilla_dqn,63003,250000,16,1.0,0.0,0.0,57.25,0.0,0.0,1.0,1.0,0.8482945630324286,0.9376611244041873,0.0046651432582725,0.775678960384641,False
vanilla_dqn,63003,300000,16,0.5625,0.0,0.4375,215.0625,0.4375,0.0,1.0,0.125,0.43425191718198325,0.7242240256601674,0.025517180053719148,0.7239462881472665,False
vanilla_dqn,63004,0,16,0.375,0.0,0.625,273.4375,0.625,0.0,1.0,0.125,0.41328205518179606,0.7112989821921546,0.09338761984370644,0.1192376671434249,False
vanilla_dqn,63004,10000,16,0.1875,0.1875,0.625,265.875,0.625,0.0,1.0,0.0,0.18185834271165452,0.6739733515932647,0.053420904260128646,1.1014977868311133,False
vanilla_dqn,63004,25000,16,0.9375,0.0625,0.0,104.0,0.0,0.0,1.0,0.875,0.5683821322103709,0.7741511182604275,0.0290095139258331,0.9363720796096424,False
vanilla_dqn,63004,50000,16,0.0,0.0625,0.9375,376.3125,0.75,0.125,1.0,0.0,0.05909374999999986,0.4701516544701097,0.0146738252788782,1.1796617274922099,False
vanilla_dqn,63004,75000,16,0.0,0.0,1.0,400.0,1.0,0.0,1.0,0.0,0.04662343749999995,0.5108747053616025,0.009417301490902849,1.2604156752768905,False
vanilla_dqn,63004,100000,16,0.0,0.0,1.0,400.0,1.0,0.0,1.0,0.0,0.03527499999999996,0.5170697019272839,0.003197367824614,1.0557613218342885,False
vanilla_dqn,63004,150000,16,0.0,0.0,1.0,400.0,1.0,0.0,1.0,0.0,0.03520312499999997,0.5177877872621466,0.00523211438208815,0.7453876157896593,False
vanilla_dqn,63004,200000,16,0.875,0.0625,0.0625,92.4375,0.0625,0.0,1.0,0.75,0.6717032019256999,0.8420898208289092,0.015418581953739949,0.5936985362578281,False
vanilla_dqn,63004,250000,16,1.0,0.0,0.0,60.1875,0.0,0.0,1.0,1.0,0.8607137952169852,0.9430275170229356,0.0080173929923994,0.7306839064407893,False
vanilla_dqn,63004,300000,16,0.625,0.1875,0.1875,133.3125,0.1875,0.0,1.0,0.375,0.46550195978545433,0.7148263740309195,0.0102719302591565,0.6790254444475807,False
vanilla_dqn,63005,0,16,1.0,0.0,0.0,63.625,0.0,0.0,1.0,1.0,0.8509649962395429,0.9371979648085151,0.0927646015369301,0.0730087260744006,False
vanilla_dqn,63005,10000,16,0.5,0.125,0.375,204.0625,0.375,0.0,1.0,0.125,0.3048237885118673,0.691478720774628,0.0600254763416498,1.160913304212455,False
vanilla_dqn,63005,25000,16,0.375,0.0,0.625,292.1875,0.25,0.375,1.0,0.125,0.23577598426693747,0.5033575468782461,0.034277968674021594,1.3500695061307735,False
vanilla_dqn,63005,50000,16,0.0,0.0,1.0,400.0,0.0625,0.9375,1.0,0.0,0.03594999999999997,0.3079690242171913,0.025536156669259,1.9410943017480897,False
vanilla_dqn,63005,75000,16,0.0,0.0,1.0,400.0,0.5,0.5,1.0,0.0,0.05129999999999982,0.36085675870189826,0.0042978452891111,1.3824185944604688,False
vanilla_dqn,63005,100000,16,0.0,0.125,0.875,367.875,0.25,0.625,1.0,0.0,0.03662187499999996,0.3730800754009397,0.00919349133968345,1.2897377914335943,False
vanilla_dqn,63005,150000,16,0.0625,0.0,0.9375,397.75,0.9375,0.0,1.0,0.0,0.08498384271977964,0.6077432859792837,0.0084924889299609,1.0444855353941853,False
vanilla_dqn,63005,200000,16,0.5625,0.0,0.4375,291.625,0.4375,0.0,1.0,0.25,0.19961648703822316,0.6326145858116963,0.01007952207535405,0.7375503401592447,False
vanilla_dqn,63005,250000,16,0.5,0.0,0.5,228.0625,0.5,0.0,1.0,0.0,0.4300619768550542,0.7785524794349776,0.0245984519521395,0.824765225900423,False
vanilla_dqn,63005,300000,16,0.8125,0.0,0.1875,122.375,0.0,0.1875,1.0,0.625,0.6767864779443878,0.8096950751322397,0.0034784450874347003,0.7940492931948713,False
vanilla_dqn,63006,0,16,0.25,0.75,0.0,25.0,0.0,0.0,1.0,0.25,0.23454477168625626,0.6040274001923807,0.11980341612878764,0.09159366933422249,False
vanilla_dqn,63006,10000,16,0.3125,0.125,0.5625,276.4375,0.5,0.0,1.0,0.125,0.19634963693549928,0.6931668273637321,0.07783420639549285,1.249533438427655,False
vanilla_dqn,63006,25000,16,0.1875,0.1875,0.625,296.0,0.625,0.0,1.0,0.0,0.07704936851060762,0.5530817866090914,0.11111456269591015,2.693967684144807,False
vanilla_dqn,63006,50000,16,0.3125,0.0,0.6875,303.5,0.625,0.0625,1.0,0.0,0.2297416295772239,0.6034711704318867,0.0152606614320366,1.8665719743552502,False
vanilla_dqn,63006,75000,16,0.3125,0.0,0.6875,361.6875,0.625,0.0,1.0,0.0,0.10131940957418079,0.5627159378835702,0.034319545999169296,1.3778713368089641,False
vanilla_dqn,63006,100000,16,0.3125,0.0,0.6875,298.0,0.375,0.3125,1.0,0.0,0.2978614402697444,0.5662478108336801,0.02018461985513565,0.9776161695961036,False
vanilla_dqn,63006,150000,16,0.9375,0.0,0.0625,151.1875,0.0,0.0625,1.0,0.875,0.5084101296738307,0.7463048463465513,0.02762809799973915,0.8378079041041534,False
vanilla_dqn,63006,200000,16,0.4375,0.0,0.5625,256.125,0.3125,0.25,1.0,0.0,0.3660666247808839,0.6307084239509195,0.022857157163531802,0.9696789362116314,False
vanilla_dqn,63006,250000,16,0.5,0.0,0.5,231.125,0.375,0.125,1.0,0.0,0.45460619312137796,0.6816251160228922,0.01761740302572305,0.7187330959981345,False
vanilla_dqn,63006,300000,16,0.75,0.125,0.125,110.4375,0.125,0.0,1.0,0.5,0.5981054395636136,0.8463013633695919,0.0320613322855562,0.6620573026447004,False
vanilla_dqn,63007,0,16,0.1875,0.8125,0.0,23.8125,0.0,0.0,1.0,0.125,0.17375491885587707,0.5726106184135105,0.0933741502442032,0.12349568946317149,False
vanilla_dqn,63007,10000,16,0.0,0.0,1.0,400.0,1.0,0.0,1.0,0.0,0.047017187499999974,0.6379168165058504,0.1049975147657096,1.4165780103977885,False
vanilla_dqn,63007,25000,16,0.1875,0.0,0.8125,339.25,0.3125,0.5,1.0,0.0,0.19318290646952213,0.47615434085010644,0.015989447842002798,1.0578198949048194,False
vanilla_dqn,63007,50000,16,0.25,0.0,0.75,332.1875,0.75,0.0,1.0,0.125,0.2048622532109708,0.5744091032798799,0.01138838424036895,1.1722036863341412,False
vanilla_dqn,63007,75000,16,0.25,0.0,0.75,331.1875,0.375,0.125,1.0,0.0,0.1928203942652599,0.570316373691304,0.012688466776162349,1.168671684265638,False
vanilla_dqn,63007,100000,16,0.3125,0.0625,0.625,270.4375,0.375,0.25,1.0,0.125,0.29280867446195136,0.5925054111944359,0.00980246650055045,1.095827141337549,False
vanilla_dqn,63007,150000,16,0.5625,0.0,0.4375,211.5625,0.25,0.0,1.0,0.125,0.4731290729790345,0.7526652925636177,0.007048087381878751,0.8770985246320163,False
vanilla_dqn,63007,200000,16,0.8125,0.125,0.0625,89.5,0.0,0.0625,1.0,0.75,0.6007611352679962,0.7767644659012609,0.0161520619105015,0.7899570106190437,False
vanilla_dqn,63007,250000,16,0.75,0.125,0.125,99.0625,0.125,0.0,1.0,0.5,0.6450917556333575,0.8624681618108025,0.00951846819738,0.7510800679542873,False
vanilla_dqn,63007,300000,16,1.0,0.0,0.0,76.3125,0.0,0.0,1.0,1.0,0.7108497983789315,0.8641042313097185,0.0044160275787546496,0.8920808764656005,False
vanilla_dqn,63008,0,16,0.0,0.0,1.0,400.0,0.0,1.0,1.0,0.0,0.031381249999999944,0.2798866497421122,0.1212887321040034,0.10248871846328252,False
vanilla_dqn,63008,10000,16,0.5625,0.3125,0.125,98.9375,0.0625,0.0625,1.0,0.375,0.42863402269500633,0.7073347561896814,0.030761640472971502,0.5702003858242356,False
vanilla_dqn,63008,25000,16,0.5,0.0,0.5,241.3125,0.5,0.0,1.0,0.0,0.3783239868245034,0.6862659370262829,0.05548630681797495,1.3917591807971414,False
vanilla_dqn,63008,50000,16,0.0625,0.0,0.9375,382.375,0.25,0.6875,1.0,0.0,0.07639139594824304,0.3706051348375854,0.01620768122311865,1.3603931009351924,False
vanilla_dqn,63008,75000,16,0.375,0.1875,0.4375,202.375,0.4375,0.0,1.0,0.0,0.32699112347762066,0.6617558205160297,0.0098501071376634,1.041857785797017,False
vanilla_dqn,63008,100000,16,0.125,0.0,0.875,361.0625,0.4375,0.0,1.0,0.0,0.16556203852412255,0.5341245220689254,0.00763574076816435,0.9174796882034194,False
vanilla_dqn,63008,150000,16,0.75,0.0625,0.1875,192.5625,0.125,0.0625,1.0,0.5,0.37941562536472406,0.7545406731304275,0.010359565881065201,0.7299521466852985,False
vanilla_dqn,63008,200000,16,1.0,0.0,0.0,65.625,0.0,0.0,1.0,1.0,0.8311557513284018,0.928155905230492,0.0066534327512437,0.7068631225455787,False
vanilla_dqn,63008,250000,16,1.0,0.0,0.0,57.375,0.0,0.0,1.0,1.0,0.8916942065870515,0.9592337669030113,0.01241889462794445,0.7461181268544854,False
vanilla_dqn,63008,300000,16,0.875,0.125,0.0,58.6875,0.0,0.0,1.0,0.75,0.7223514372256199,0.8637801602056319,0.027948329908750652,0.8128972372514041,False
vanilla_dqn,63009,0,16,0.0,0.0,1.0,400.0,0.0625,0.9375,1.0,0.0,0.033287499999999956,0.30357766536711217,0.08050721225445155,0.07814981953968522,False
vanilla_dqn,63009,10000,16,0.875,0.0625,0.0625,107.8125,0.0625,0.0,1.0,0.75,0.5564206574446993,0.7914404592549482,0.036642640283491845,1.0056242872719137,False
vanilla_dqn,63009,25000,16,0.9375,0.0,0.0625,120.8125,0.0625,0.0,1.0,0.875,0.5914417867561459,0.7925134422663171,0.01858734642242665,0.999021889406732,False
vanilla_dqn,63009,50000,16,0.25,0.0,0.75,314.75,0.75,0.0,1.0,0.0,0.2651613141361697,0.619318456167423,0.0278319847651503,1.0971782249341442,False
vanilla_dqn,63009,75000,16,0.125,0.0625,0.8125,336.4375,0.8125,0.0,1.0,0.0,0.14736773439094908,0.5644142353292573,0.00421016454696655,0.8546748423140388,False
vanilla_dqn,63009,100000,16,0.25,0.0625,0.6875,291.1875,0.5625,0.0,1.0,0.125,0.25752133103425523,0.6310545176358129,0.0115289612859487,0.8668580061410058,False
vanilla_dqn,63009,150000,16,0.875,0.0625,0.0625,101.6875,0.0625,0.0,1.0,0.75,0.6589847509735797,0.8445009441793779,0.0147282481028797,0.7760685795238853,False
vanilla_dqn,63009,200000,16,0.3125,0.0625,0.625,274.75,0.625,0.0,1.0,0.125,0.2736100937730922,0.6540408477729596,0.014935673400759651,0.8787446594167578,False
vanilla_dqn,63009,250000,16,0.9375,0.0625,0.0,93.1875,0.0,0.0,1.0,0.875,0.6048802153302468,0.8223068183726658,0.0226755858007548,0.6833393168242631,False
vanilla_dqn,63009,300000,16,0.875,0.0,0.125,129.4375,0.0,0.125,1.0,0.75,0.6383199380796613,0.7954752968477914,0.0113950176206522,0.8074970090457678,False
vanilla_dqn,63010,0,16,0.4375,0.0,0.5625,282.5625,0.5,0.0,1.0,0.0,0.2150126948911574,0.67701771316019,0.09257900268887165,0.13197082905884333,False
vanilla_dqn,63010,10000,16,0.3125,0.3125,0.375,180.9375,0.3125,0.0625,1.0,0.125,0.2527466437714528,0.6372520594901452,0.0382881296025044,0.997461933064511,False
vanilla_dqn,63010,25000,16,0.375,0.125,0.5,236.1875,0.4375,0.0,1.0,0.125,0.2881404908017112,0.6592660081552935,0.0448381303071423,1.3333008534309496,False
vanilla_dqn,63010,50000,16,0.5625,0.0,0.4375,218.25,0.4375,0.0,1.0,0.125,0.42489243976069124,0.7028993236825163,0.0145890284396033,0.9788414042991787,False
vanilla_dqn,63010,75000,16,0.5625,0.0625,0.375,211.125,0.25,0.125,1.0,0.125,0.33674378499578295,0.6084396428576009,0.014114581657957051,0.8989586483871017,False
vanilla_dqn,63010,100000,16,0.375,0.25,0.375,185.4375,0.25,0.125,1.0,0.25,0.3529023905223335,0.631424260480959,0.024515033034842752,0.8561576126218944,False
vanilla_dqn,63010,150000,16,0.25,0.125,0.625,268.5625,0.625,0.0,1.0,0.0,0.2407790438940671,0.6064927588721731,0.022960564661771002,1.0347843143659523,False
vanilla_dqn,63010,200000,16,0.375,0.0,0.625,272.6875,0.625,0.0,1.0,0.0,0.3236524959149907,0.6142057371574855,0.00577757174770035,1.0371358333959835,False
vanilla_dqn,63010,250000,16,0.75,0.0,0.25,179.5,0.25,0.0,1.0,0.5,0.5108532820462455,0.783333763055959,0.0099343848506436,0.8133286748773135,False
vanilla_dqn,63010,300000,16,1.0,0.0,0.0,63.5625,0.0,0.0,1.0,1.0,0.7899234175018102,0.9045433830988558,0.011069421552949401,0.8078506879006735,False
vanilla_dqn,63011,0,16,0.0,0.0,1.0,400.0,1.0,0.0,1.0,0.0,0.035643749999999974,0.6255830738124794,0.07304615597007791,0.06630557389406017,False
vanilla_dqn,63011,10000,16,0.9375,0.0625,0.0,91.6875,0.0,0.0,1.0,0.875,0.6269303853990364,0.8346658209886249,0.0403158293038513,0.7835978907664086,False
vanilla_dqn,63011,25000,16,0.3125,0.125,0.5625,253.3125,0.375,0.0,1.0,0.125,0.31159435723385503,0.6304790311619191,0.01865528497844925,1.006417632350948,False
vanilla_dqn,63011,50000,16,0.1875,0.0,0.8125,343.5625,0.125,0.1875,1.0,0.0,0.1658954924347778,0.5242381775557796,0.0101954454183578,1.1835669723418198,False
vanilla_dqn,63011,75000,16,0.0625,0.125,0.8125,331.4375,0.8125,0.0,1.0,0.0,0.10225953528604101,0.5340373027073786,0.0264363220147788,1.1282196143014902,False
vanilla_dqn,63011,100000,16,0.1875,0.0625,0.75,317.0,0.25,0.5,1.0,0.0,0.146091777298736,0.45379575217170637,0.01768562551587815,1.0357921432039428,False
vanilla_dqn,63011,150000,16,0.5625,0.0,0.4375,217.4375,0.25,0.0,1.0,0.125,0.4368374662202664,0.7696143297266475,0.01417539609188585,0.7868222164345136,False
vanilla_dqn,63011,200000,16,0.5,0.0,0.5,227.5625,0.125,0.375,1.0,0.0,0.4652529770292353,0.6197814911823006,0.0132236374875432,0.9528513363040012,False
vanilla_dqn,63011,250000,16,0.5625,0.0,0.4375,218.875,0.4375,0.0,1.0,0.125,0.41589308504081507,0.7638544069767977,0.011791054373754849,1.0195902428116486,False
vanilla_dqn,63011,300000,16,0.5,0.0,0.5,228.1875,0.3125,0.1875,1.0,0.0,0.46479451419065904,0.6963093801496417,0.01449909381568425,0.9699520297586182,False
vanilla_dqn,63012,0,16,0.0,0.0,1.0,400.0,1.0,0.0,1.0,0.0,0.035643749999999974,0.5975882732037949,0.1698155937308911,0.16500267896830334,False
vanilla_dqn,63012,10000,16,0.375,0.0,0.625,319.625,0.625,0.0,1.0,0.0,0.14131000723134968,0.6278288546162567,0.052600851490578304,1.2506409926712456,False
vanilla_dqn,63012,25000,16,0.4375,0.125,0.4375,215.125,0.4375,0.0,1.0,0.0,0.31827345529894924,0.6597681800536849,0.035199504073340396,2.2223006928620173,False
vanilla_dqn,63012,50000,16,0.5,0.0,0.5,233.9375,0.5,0.0,1.0,0.0,0.42144366745743644,0.7075762672057178,0.03677472257581735,1.8804368151102602,False
vanilla_dqn,63012,75000,16,0.1875,0.0,0.8125,352.1875,0.5,0.3125,1.0,0.0,0.1703215719062237,0.5093334520927786,0.010884287813678301,1.3894471827531476,False
vanilla_dqn,63012,100000,16,0.4375,0.0625,0.5,238.1875,0.5,0.0,1.0,0.0,0.31434645634537534,0.656675056148569,0.01336707863956685,1.0414011450361165,False
vanilla_dqn,63012,150000,16,0.1875,0.1875,0.625,278.9375,0.1875,0.4375,1.0,0.0,0.1588019915098305,0.4750683156138844,0.01852658018469805,0.9445819722092987,False
vanilla_dqn,63012,200000,16,0.5,0.0,0.5,238.125,0.4375,0.0,1.0,0.0,0.3821653091797327,0.7918162550492382,0.010897596600864552,0.9874376532785685,False
vanilla_dqn,63012,250000,16,0.375,0.0,0.625,307.75,0.5625,0.0625,1.0,0.0,0.24520153578172468,0.691120603232088,0.0069422059319913,0.7443304205937726,False
vanilla_dqn,63012,300000,16,0.3125,0.0625,0.625,269.125,0.375,0.1875,1.0,0.125,0.33232117799850136,0.6102604775263838,0.0091860040649771,0.8761666272358375,False
vanilla_dqn,63013,0,16,0.0,0.0,1.0,400.0,1.0,0.0,1.0,0.0,0.07644062499999997,0.6525739224037772,0.0670901729003526,0.056214260678971124,False
vanilla_dqn,63013,10000,16,1.0,0.0,0.0,78.8125,0.0,0.0,1.0,1.0,0.7463219836886532,0.89466893494791,0.0356547542548551,0.791325378375602,False
vanilla_dqn,63013,25000,16,0.25,0.0,0.75,324.1875,0.4375,0.3125,1.0,0.0,0.22209235217333947,0.5156278758676389,0.027709790497626098,1.1354049221102913,False
vanilla_dqn,63013,50000,16,0.0,0.0625,0.9375,377.25,0.8125,0.125,1.0,0.0,0.08606249999999993,0.47506732365978477,0.008613590337336,1.008178076678596,False
vanilla_dqn,63013,75000,16,0.0,0.125,0.875,354.125,0.75,0.0625,1.0,0.0,0.055973437500000174,0.5089716362232357,0.02022699400782585,1.1128847566859708,False
vanilla_dqn,63013,100000,16,0.0,0.0,1.0,400.0,0.3125,0.5,1.0,0.0,0.04634531249999973,0.4067456191598616,0.02289766609668725,0.9554650038463295,False
vanilla_dqn,63013,150000,16,0.1875,0.0,0.8125,340.3125,0.8125,0.0,1.0,0.0,0.1902649574537355,0.5933739500153712,0.0179693911410868,0.890083545640426,False
vanilla_dqn,63013,200000,16,0.1875,0.0625,0.75,312.5625,0.0,0.75,1.0,0.0,0.1996933143945785,0.43366134558923053,0.01198388885706655,0.9506072639688538,False
vanilla_dqn,63013,250000,16,0.5,0.0,0.5,248.8125,0.5,0.0,1.0,0.0,0.3726586774927788,0.7405296075535359,0.0151768925786018,0.9035198941873946,False
vanilla_dqn,63013,300000,16,0.0,0.1875,0.8125,344.5,0.8125,0.0,1.0,0.0,0.034626562499999985,0.5480469604513785,0.008308958970010199,0.815465757047379,False
vanilla_dqn,63014,0,16,0.0,0.0,1.0,400.0,1.0,0.0,1.0,0.0,0.035643749999999974,0.5975882732037949,0.11151936644397203,0.11187284074694613,False
vanilla_dqn,63014,10000,16,0.375,0.0,0.625,279.875,0.625,0.0,1.0,0.0,0.291339639401373,0.7795985196543476,0.2057414879999123,1.6250116495568583,False
vanilla_dqn,63014,25000,16,0.0,0.125,0.875,353.9375,0.875,0.0,1.0,0.0,0.03964375000000003,0.48718578218193304,0.05323978877626355,2.911913946553757,False
vanilla_dqn,63014,50000,16,0.0,0.0,1.0,400.0,0.75,0.25,1.0,0.0,0.036362499999999916,0.48317807218441267,0.04983268473297355,2.5107673560915282,False
vanilla_dqn,63014,75000,16,0.125,0.0,0.875,373.9375,0.6875,0.1875,1.0,0.0,0.07324199255707103,0.496584426852413,0.017363088261336,1.809240241831606,False
vanilla_dqn,63014,100000,16,0.0,0.0625,0.9375,385.0625,0.5,0.4375,1.0,0.0,0.05033437499999993,0.3639503086047277,0.0067617689073085005,1.495555292338459,False
vanilla_dqn,63014,150000,16,0.0,0.0625,0.9375,376.9375,0.625,0.25,1.0,0.0,0.05075781250000001,0.3901526579248828,0.008572264574468101,1.117603732718675,False
vanilla_dqn,63014,200000,16,0.0,0.0,1.0,400.0,0.5625,0.4375,1.0,0.0,0.08406406249999974,0.46157808395082633,0.014079292863607349,1.0369498786772602,False
vanilla_dqn,63014,250000,16,0.1875,0.1875,0.625,282.5,0.625,0.0,1.0,0.0,0.10534732204056398,0.5500911033568125,0.03477243338336885,0.8961315460744855,False
vanilla_dqn,63014,300000,16,0.25,0.0,0.75,317.0625,0.5,0.25,1.0,0.0,0.24921248870862464,0.6440581864975875,0.015109677893251499,1.063388872821122,False
vanilla_dqn,63015,0,16,0.375,0.625,0.0,38.375,0.0,0.0,1.0,0.375,0.30819232722385276,0.6340111772453534,0.114560872858624,0.08513433232913956,False
vanilla_dqn,63015,10000,16,0.375,0.625,0.0,52.0625,0.0,0.0,1.0,0.125,0.2528933877472497,0.6281318190716766,0.04622653289176315,0.6399534869340864,False
vanilla_dqn,63015,25000,16,1.0,0.0,0.0,82.8125,0.0,0.0,1.0,1.0,0.7039778017831446,0.8570185556833955,0.028850302910818353,1.1782606104966489,False
vanilla_dqn,63015,50000,16,0.0,0.0,1.0,400.0,0.5625,0.375,1.0,0.0,0.07955781249999995,0.40736595098289086,0.0162664125487208,1.4668244695570318,False
vanilla_dqn,63015,75000,16,0.125,0.0,0.875,358.4375,0.375,0.5,1.0,0.0,0.16253561236527106,0.4705366682712532,0.01884787440299985,1.2008332243139932,False
vanilla_dqn,63015,100000,16,0.4375,0.0,0.5625,256.125,0.5,0.0,1.0,0.0,0.35778647187700946,0.6699305721430739,0.0083599382701019,0.9447371770698472,False
vanilla_dqn,63015,150000,16,0.8125,0.0,0.1875,124.3125,0.1875,0.0,1.0,0.625,0.6961421429126574,0.898476967321624,0.03161699124690835,0.7791246100131816,False
vanilla_dqn,63015,200000,16,0.9375,0.0,0.0625,92.875,0.0625,0.0,1.0,0.875,0.7225674629627051,0.8820679170299617,0.0097188328080469,0.7245970298618161,False
vanilla_dqn,63015,250000,16,1.0,0.0,0.0,60.5,0.0,0.0,1.0,1.0,0.8256527795090844,0.9251945748798893,0.01584907896200185,0.7242510183080679,False
vanilla_dqn,63015,300000,16,1.0,0.0,0.0,66.6875,0.0,0.0,1.0,1.0,0.7816851691932865,0.899978724318186,0.008307601279768699,0.7708319406622923,False
vanilla_dqn,63016,0,16,0.1875,0.8125,0.0,27.1875,0.0,0.0,1.0,0.0,0.1702791070045856,0.5697227460679066,0.0190886078832729,0.036354524681631334,False
vanilla_dqn,63016,10000,16,0.625,0.3125,0.0625,90.5625,0.0,0.0625,1.0,0.375,0.3898785930012859,0.6791939842451231,0.02272223070922265,0.6732881837230145,False
vanilla_dqn,63016,25000,16,0.625,0.0,0.375,210.25,0.1875,0.1875,1.0,0.25,0.4132947997105936,0.6656084731223403,0.0345429683174433,1.0793171893187057,False
vanilla_dqn,63016,50000,16,0.0625,0.0,0.9375,381.9375,0.875,0.0625,1.0,0.0,0.11092366272522489,0.5317933100711196,0.01052802349207915,1.047134872231688,False
vanilla_dqn,63016,75000,16,0.0,0.0,1.0,400.0,0.8125,0.0,1.0,0.0,0.055598437499999945,0.48980107149037794,0.01151414837688205,1.0429816241515801,False
vanilla_dqn,63016,100000,16,0.1875,0.0,0.8125,338.25,0.8125,0.0,1.0,0.0,0.1677282891798993,0.6139363220665282,0.0241505796462297,0.9718361470243655,False
vanilla_dqn,63016,150000,16,0.625,0.0625,0.3125,174.8125,0.0,0.0625,1.0,0.5,0.4972547963255659,0.7283274677947416,0.01198524800953325,0.9868613053037905,False
vanilla_dqn,63016,200000,16,1.0,0.0,0.0,73.125,0.0,0.0,1.0,1.0,0.7700688110903595,0.8821020673807944,0.00745769789482455,0.925309100661582,False
vanilla_dqn,63016,250000,16,0.75,0.0,0.25,142.375,0.25,0.0,1.0,0.5,0.6428537024912384,0.8249752277168105,0.011965326915661649,0.9179918806054133,False
vanilla_dqn,63016,300000,16,0.75,0.0625,0.1875,122.1875,0.125,0.0625,1.0,0.5,0.6608570467870825,0.8405027418532969,0.0064218902364646495,0.894946198028967,False
vanilla_dqn,63017,0,16,0.875,0.125,0.0,55.875,0.0,0.0,1.0,0.75,0.76395939218902,0.890680637119995,0.059406209935102254,0.18721282509658654,False
vanilla_dqn,63017,10000,16,0.5,0.0,0.5,236.1875,0.5,0.0,1.0,0.125,0.4060832877649687,0.7417609044755338,0.07251258809870526,1.3571245871810225,False
vanilla_dqn,63017,25000,16,0.5625,0.0,0.4375,243.4375,0.375,0.0,1.0,0.125,0.33644057127110283,0.6422654878975409,0.01987880516797295,0.9652730533923044,False
vanilla_dqn,63017,50000,16,0.0,0.0,1.0,400.0,0.5,0.4375,1.0,0.0,0.07606562499999955,0.4418065349142878,0.023259091004729247,1.0391547700157389,False
vanilla_dqn,63017,75000,16,0.1875,0.0,0.8125,336.3125,0.25,0.5625,1.0,0.0,0.19512703197429135,0.4602333644766432,0.01307961910963055,1.4713955783252755,False
vanilla_dqn,63017,100000,16,0.0,0.0,1.0,400.0,0.4375,0.5625,1.0,0.0,0.05423125000000012,0.4078490381598382,0.0202259593829512,1.1834482852788644,False
vanilla_dqn,63017,150000,16,0.1875,0.0625,0.75,333.0,0.625,0.125,1.0,0.0,0.11540095020094021,0.570777807068959,0.01974626085821795,1.2132353746354092,False
vanilla_dqn,63017,200000,16,0.125,0.0,0.875,358.625,0.5,0.3125,1.0,0.0,0.1662671137847643,0.49984336606916174,0.0093969771265983,1.065723740929881,False
vanilla_dqn,63017,250000,16,0.3125,0.1875,0.5,240.0,0.25,0.25,1.0,0.0,0.1818286232268582,0.5637733700896534,0.006868865489959649,0.9635182164767251,False
vanilla_dqn,63017,300000,16,0.125,0.3125,0.5625,241.375,0.3125,0.25,1.0,0.0,0.12809235298514224,0.4757644113604036,0.0078197944909334,0.9872917980480613,False
vanilla_dqn,63018,0,16,0.0,0.0,1.0,400.0,1.0,0.0,1.0,0.0,0.035643749999999974,0.5975882732037949,0.13051388150546694,0.2048555622110143,False
vanilla_dqn,63018,10000,16,0.125,0.25,0.625,266.875,0.625,0.0,1.0,0.0,0.13014007333324218,0.6660686741009385,0.044608312484660795,0.8105250407780049,False
vanilla_dqn,63018,25000,16,1.0,0.0,0.0,60.0,0.0,0.0,1.0,1.0,0.8464387986492123,0.9371208312692769,0.019780380418524098,1.1552435494728268,False
vanilla_dqn,63018,50000,16,0.1875,0.0625,0.75,317.125,0.625,0.125,1.0,0.0,0.1727712903892429,0.53455625831971,0.037944358703267705,1.1971960219321924,False
vanilla_dqn,63018,75000,16,0.125,0.0,0.875,358.0,0.75,0.125,1.0,0.0,0.16396796000284003,0.5010681074608336,0.02147211884458855,1.1507771794056043,False
vanilla_dqn,63018,100000,16,0.625,0.125,0.25,144.0625,0.25,0.0,1.0,0.375,0.5182442018509226,0.7920075224050807,0.0182462508479754,0.8518434982688632,False
vanilla_dqn,63018,150000,16,0.375,0.0,0.625,273.5625,0.4375,0.1875,1.0,0.0,0.3458367740544099,0.5793138718624082,0.005187423080205851,0.836481137572608,False
vanilla_dqn,63018,200000,16,0.1875,0.125,0.6875,296.125,0.4375,0.25,1.0,0.0,0.1793905934917151,0.48555792846143864,0.0067975638806819505,1.1197833176071166,False
vanilla_dqn,63018,250000,16,0.5,0.3125,0.1875,121.1875,0.0,0.1875,1.0,0.0,0.357576190758109,0.6314911037306469,0.011991940000477902,0.8662304558255235,False
vanilla_dqn,63018,300000,16,0.8125,0.1875,0.0,63.625,0.0,0.0,1.0,0.625,0.6320449109157347,0.7879556718449132,0.006485127708596,0.8585541625851888,False
vanilla_dqn,63019,0,16,0.1875,0.8125,0.0,24.5,0.0,0.0,1.0,0.125,0.17806223866956383,0.5729493801335905,0.07762623516739235,0.0730970570887563,False
vanilla_dqn,63019,10000,16,0.75,0.0,0.25,153.8125,0.25,0.0,1.0,0.5,0.5995037781949852,0.8057752546612382,0.03398465259124345,0.7473854266672606,False
vanilla_dqn,63019,25000,16,0.25,0.125,0.625,276.8125,0.25,0.0,1.0,0.0,0.241143115828848,0.6162461585902699,0.018780743926763502,1.0523467454862039,False
vanilla_dqn,63019,50000,16,0.4375,0.0625,0.5,240.6875,0.5,0.0,1.0,0.25,0.3354601946293292,0.6211597633555602,0.017380123505292153,1.0453861841797294,False
vanilla_dqn,63019,75000,16,0.5,0.0,0.5,243.875,0.5,0.0,1.0,0.0,0.34779948521613474,0.6970243545485542,0.01953252300424005,1.2654093687137908,False
vanilla_dqn,63019,100000,16,0.125,0.0,0.875,361.25,0.3125,0.5625,1.0,0.0,0.1133059609056356,0.46845282390726684,0.0110036117210984,1.4779173151259617,False
vanilla_dqn,63019,150000,16,0.0625,0.25,0.6875,287.9375,0.6875,0.0,1.0,0.0,0.07032595884259468,0.5414972059988191,0.009125147610902749,0.8614866484806201,False
vanilla_dqn,63019,200000,16,0.0,0.0,1.0,400.0,0.5625,0.4375,1.0,0.0,0.060493749999999756,0.38448292699868464,0.00506335515528915,1.0533171562931964,False
vanilla_dqn,63019,250000,16,0.9375,0.0,0.0625,119.8125,0.0,0.0625,1.0,0.875,0.5081749735861262,0.7958219134071278,0.0348652392380814,0.8935374109821284,False
vanilla_dqn,63019,300000,16,0.8125,0.0625,0.125,130.0,0.125,0.0,1.0,0.625,0.5131460004582259,0.7937672483172129,0.021444975952508598,0.8204516971529024,False
vanilla_dqn,63020,0,16,1.0,0.0,0.0,63.625,0.0,0.0,1.0,1.0,0.8509649962395429,0.9371979648085151,0.08555140011517204,0.07105169876253951,False
vanilla_dqn,63020,10000,16,0.125,0.25,0.625,268.375,0.625,0.0,1.0,0.0,0.12045000000000006,0.587552811864052,0.10382064641918985,1.311442093289406,False
vanilla_dqn,63020,25000,16,0.875,0.0,0.125,174.375,0.125,0.0,1.0,0.75,0.4798181040017353,0.7286784858731041,0.0217778192361749,1.1569417452681154,False
vanilla_dqn,63020,50000,16,0.0,0.1875,0.8125,331.1875,0.8125,0.0,1.0,0.0,0.0606999999999999,0.5116364874502768,0.0557279586233198,1.1043659145373876,False
vanilla_dqn,63020,75000,16,0.0625,0.0625,0.875,359.9375,0.8125,0.0,1.0,0.0,0.05776417331560275,0.5133809151430333,0.01145204611122605,1.290484768112221,False
vanilla_dqn,63020,100000,16,0.0625,0.0,0.9375,396.9375,0.8125,0.125,1.0,0.0,0.04142298344017087,0.40625754474380393,0.0065874031744896505,1.073970732040872,False
vanilla_dqn,63020,150000,16,0.0,0.0,1.0,400.0,0.9375,0.0,1.0,0.0,0.046368749999999834,0.5374727388762613,0.00311568489298215,0.7858746181824245,False
vanilla_dqn,63020,200000,16,0.4375,0.5625,0.0,62.875,0.0,0.0,1.0,0.0,0.2253445684426335,0.6205182092132607,0.0295422883765833,0.6596290422279147,False
vanilla_dqn,63020,250000,16,0.75,0.25,0.0,46.5,0.0,0.0,1.0,0.5,0.6527305600237528,0.8215804337525504,0.010658863971525,0.7854677690537474,False
vanilla_dqn,63020,300000,16,0.5,0.0,0.5,232.125,0.5,0.0,1.0,0.0,0.4406419621625853,0.7249880720441464,0.007244477097983201,0.8275416084763723,True
