row,endpoint,raw_value,z_score
Baseline:61001,evaluation_success_rate,0.0,-0.9132769353163281
Baseline:61001,stakeholder_collision_rate,0.0625,-0.06148955031478079
Baseline:61001,mean_stakeholder_episode_utility,0.5263390095172295,-0.5117359915635431
Baseline:61001,minimum_stakeholder_episode_utility,0.0456249999999998,-0.7836010032633323
Baseline:61002,evaluation_success_rate,0.0,-0.9132769353163281
Baseline:61002,stakeholder_collision_rate,0.0,-0.6763850534625881
Baseline:61002,mean_stakeholder_episode_utility,0.500625,-0.6540483465718729
Baseline:61002,minimum_stakeholder_episode_utility,0.0024999999999999,-0.9363118097476772
Baseline:61003,evaluation_success_rate,0.625,1.1467462270513293
Baseline:61003,stakeholder_collision_rate,0.0,-0.6763850534625881
Baseline:61003,mean_stakeholder_episode_utility,0.6897128097500266,0.3924446747075502
Baseline:61003,minimum_stakeholder_episode_utility,0.3139357620767852,0.16651964288565752
Baseline:61004,evaluation_success_rate,0.9375,2.176757808235158
Baseline:61004,stakeholder_collision_rate,0.0,-0.6763850534625881
Baseline:61004,mean_stakeholder_episode_utility,0.9662533109791068,1.9229383909335138
Baseline:61004,minimum_stakeholder_episode_utility,0.8650132439164274,2.11795121823856
Baseline:61005,evaluation_success_rate,0.375,0.3227369621042663
Baseline:61005,stakeholder_collision_rate,0.1875,1.1683014559808338
Baseline:61005,mean_stakeholder_episode_utility,0.6977502009300689,0.43692704398522325
Baseline:61005,minimum_stakeholder_episode_utility,0.3798442069054357,0.39990936494738955
Baseline:61006,evaluation_success_rate,0.5625,0.9407439108145635
Baseline:61006,stakeholder_collision_rate,0.0,-0.6763850534625881
Baseline:61006,mean_stakeholder_episode_utility,0.7120555138807632,0.5160987800686362
Baseline:61006,minimum_stakeholder_episode_utility,0.4032220555230525,0.48269313575933626
Baseline:61007,evaluation_success_rate,1.0,2.3827601244719236
Baseline:61007,stakeholder_collision_rate,0.0,-0.6763850534625881
Baseline:61007,mean_stakeholder_episode_utility,0.9583772106277124,1.879348674264169
Baseline:61007,minimum_stakeholder_episode_utility,0.8335088425108499,2.006390347596188
Baseline:61008,evaluation_success_rate,0.0,-0.9132769353163281
Baseline:61008,stakeholder_collision_rate,0.0,-0.6763850534625881
Baseline:61008,mean_stakeholder_episode_utility,0.5003125000000002,-0.6557778555739707
Baseline:61008,minimum_stakeholder_episode_utility,0.000625,-0.942951410029605
Baseline:61009,evaluation_success_rate,0.0,-0.9132769353163281
Baseline:61009,stakeholder_collision_rate,0.0,-0.6763850534625881
Baseline:61009,mean_stakeholder_episode_utility,0.59375,-0.13865466394642495
Baseline:61009,minimum_stakeholder_episode_utility,0.0,-0.945164610123581
Baseline:61010,evaluation_success_rate,0.0,-0.9132769353163281
Baseline:61010,stakeholder_collision_rate,0.1875,1.1683014559808338
Baseline:61010,mean_stakeholder_episode_utility,0.4456674742241991,-0.9582068603713144
Baseline:61010,minimum_stakeholder_episode_utility,0.1660927080903713,-0.35701037467663504
Mean-PBRS:61001,evaluation_success_rate,0.4375,0.5287392783410321
Mean-PBRS:61001,stakeholder_collision_rate,0.0,-0.6763850534625881
Mean-PBRS:61001,mean_stakeholder_episode_utility,0.7070234912982161,0.488249409331741
Mean-PBRS:61001,minimum_stakeholder_episode_utility,0.3280939651928644,0.21665554123291833
Mean-PBRS:61002,evaluation_success_rate,0.0,-0.9132769353163281
Mean-PBRS:61002,stakeholder_collision_rate,0.0625,-0.06148955031478079
Mean-PBRS:61002,mean_stakeholder_episode_utility,0.4677205271991941,-0.8361558087104632
Mean-PBRS:61002,minimum_stakeholder_episode_utility,0.0557290487707389,-0.7478213525610314
Mean-PBRS:61003,evaluation_success_rate,0.1875,-0.29526998660603093
Mean-PBRS:61003,stakeholder_collision_rate,0.0,-0.6763850534625881
Mean-PBRS:61003,mean_stakeholder_episode_utility,0.5809404256703216,-0.20954834111836992
Mean-PBRS:61003,minimum_stakeholder_episode_utility,0.1281367026812858,-0.4914171502579827
Mean-PBRS:61004,evaluation_success_rate,0.0,-0.9132769353163281
Mean-PBRS:61004,stakeholder_collision_rate,0.3125,2.3980924622764483
Mean-PBRS:61004,mean_stakeholder_episode_utility,0.4258882000976763,-1.067673844873079
Mean-PBRS:61004,minimum_stakeholder_episode_utility,0.157873789450525,-0.3861145530863776
Mean-PBRS:61005,evaluation_success_rate,0.375,0.3227369621042663
Mean-PBRS:61005,stakeholder_collision_rate,0.0625,-0.06148955031478079
Mean-PBRS:61005,mean_stakeholder_episode_utility,0.5294885054190527,-0.494305330717858
Mean-PBRS:61005,minimum_stakeholder_episode_utility,0.1785371175836824,-0.31294322546051956
Mean-PBRS:61006,evaluation_success_rate,0.3125,0.11673464586750054
Mean-PBRS:61006,stakeholder_collision_rate,0.0,-0.6763850534625881
Mean-PBRS:61006,mean_stakeholder_episode_utility,0.6053701163521845,-0.07434395726950077
Mean-PBRS:61006,minimum_stakeholder_episode_utility,0.108980465408738,-0.5592516880689102
Mean-PBRS:61007,evaluation_success_rate,0.125,-0.5012723028427967
Mean-PBRS:61007,stakeholder_collision_rate,0.0625,-0.06148955031478079
Mean-PBRS:61007,mean_stakeholder_episode_utility,0.627155193085186,0.04622399895814572
Mean-PBRS:61007,minimum_stakeholder_episode_utility,0.0958323454625155,-0.6058107605498504
Mean-PBRS:61008,evaluation_success_rate,0.0625,-0.7072746190795625
Mean-PBRS:61008,stakeholder_collision_rate,0.0,-0.6763850534625881
Mean-PBRS:61008,mean_stakeholder_episode_utility,0.60657783267722,-0.06765993724988303
Mean-PBRS:61008,minimum_stakeholder_episode_utility,0.05131133070888,-0.7634650230084965
Mean-PBRS:61009,evaluation_success_rate,0.0625,-0.7072746190795625
Mean-PBRS:61009,stakeholder_collision_rate,0.375,3.012987965424256
Mean-PBRS:61009,mean_stakeholder_episode_utility,0.6793321437049876,0.3349936175149857
Mean-PBRS:61009,minimum_stakeholder_episode_utility,0.4034878035027208,0.4836341812850575
Mean-PBRS:61010,evaluation_success_rate,0.125,-0.5012723028427967
Mean-PBRS:61010,stakeholder_collision_rate,0.125,0.5534059528330265
Mean-PBRS:61010,mean_stakeholder_episode_utility,0.5871456803249614,-0.1752058010047213
Mean-PBRS:61010,minimum_stakeholder_episode_utility,0.1660827212998452,-0.3570457391018045
Min-PBRS:61001,evaluation_success_rate,0.0,-0.9132769353163281
Min-PBRS:61001,stakeholder_collision_rate,0.0,-0.6763850534625881
Min-PBRS:61001,mean_stakeholder_episode_utility,0.375,-1.349310965415598
Min-PBRS:61001,minimum_stakeholder_episode_utility,0.0,-0.945164610123581
Min-PBRS:61002,evaluation_success_rate,0.125,-0.5012723028427967
Min-PBRS:61002,stakeholder_collision_rate,0.0625,-0.06148955031478079
Min-PBRS:61002,mean_stakeholder_episode_utility,0.5108902236311827,-0.5972361972000709
Min-PBRS:61002,minimum_stakeholder_episode_utility,0.1241940063173455,-0.5053787117990892
Min-PBRS:61003,evaluation_success_rate,0.75,1.5587508595248607
Min-PBRS:61003,stakeholder_collision_rate,0.25,1.7831969591286412
Min-PBRS:61003,mean_stakeholder_episode_utility,0.983727488614988,2.019647983015211
Min-PBRS:61003,minimum_stakeholder_episode_utility,0.9349099544599524,2.3654638683882303
Min-PBRS:61004,evaluation_success_rate,0.3125,0.11673464586750054
Min-PBRS:61004,stakeholder_collision_rate,0.0625,-0.06148955031478079
Min-PBRS:61004,mean_stakeholder_episode_utility,0.6447355647563268,0.14352131436768506
Min-PBRS:61004,minimum_stakeholder_episode_utility,0.2547707055348889,-0.04299093103213665
Min-PBRS:61005,evaluation_success_rate,0.1875,-0.29526998660603093
Min-PBRS:61005,stakeholder_collision_rate,0.0,-0.6763850534625881
Min-PBRS:61005,mean_stakeholder_episode_utility,0.5677736400673197,-0.2824189786514799
Min-PBRS:61005,minimum_stakeholder_episode_utility,0.1435945602692785,-0.43667901927172137
Min-PBRS:61006,evaluation_success_rate,0.5,0.7347415945777978
Min-PBRS:61006,stakeholder_collision_rate,0.0,-0.6763850534625881
Min-PBRS:61006,mean_stakeholder_episode_utility,0.7405063402323512,0.6735578530037458
Min-PBRS:61006,minimum_stakeholder_episode_utility,0.4614003609294042,0.6887095053476611
Min-PBRS:61007,evaluation_success_rate,0.625,1.1467462270513293
Min-PBRS:61007,stakeholder_collision_rate,0.125,0.5534059528330265
Min-PBRS:61007,mean_stakeholder_episode_utility,0.8657681206379122,1.366810258860844
Min-PBRS:61007,minimum_stakeholder_episode_utility,0.7130724825516489,1.5799107265084547
Min-PBRS:61008,evaluation_success_rate,0.625,1.1467462270513293
Min-PBRS:61008,stakeholder_collision_rate,0.125,0.5534059528330265
Min-PBRS:61008,mean_stakeholder_episode_utility,0.8588318319622118,1.328421863002348
Min-PBRS:61008,minimum_stakeholder_episode_utility,0.6909616636684152,1.5016136602200394
Min-PBRS:61009,evaluation_success_rate,0.0,-0.9132769353163281
Min-PBRS:61009,stakeholder_collision_rate,0.0,-0.6763850534625881
Min-PBRS:61009,mean_stakeholder_episode_utility,0.34375,-1.5222618656254796
Min-PBRS:61009,minimum_stakeholder_episode_utility,0.0,-0.945164610123581
Min-PBRS:61010,evaluation_success_rate,0.0,-0.9132769353163281
Min-PBRS:61010,stakeholder_collision_rate,0.0,-0.6763850534625881
Min-PBRS:61010,mean_stakeholder_episode_utility,0.2656250000000001,-1.9546391161501837
Min-PBRS:61010,minimum_stakeholder_episode_utility,0.0,-0.945164610123581
