master_seed,validation_block_id,assignment,controller,success,maintain_frac,accelerate_frac,decelerate_frac,action_switch_rate
61001,validation_001,0,A,False,0.0,0.0,1.0,0.0
61001,validation_001,0,B,False,0.8825,0.11,0.0075,0.005012531328320802
61001,validation_001,1,A,False,0.04,0.0,0.96,0.010025062656641603
61001,validation_001,1,B,False,0.83,0.1225,0.0475,0.010025062656641603
61001,validation_002,0,A,False,0.0,0.0,1.0,0.0
61001,validation_002,0,B,False,0.8875,0.1125,0.0,0.002506265664160401
61001,validation_002,1,A,False,0.0225,0.0,0.9775,0.005012531328320802
61001,validation_002,1,B,False,0.835,0.125,0.04,0.012531328320802004
61001,validation_003,0,A,False,0.0,0.9,0.1,0.034482758620689655
61001,validation_003,0,B,False,0.03333333333333333,0.5333333333333333,0.43333333333333335,0.06896551724137931
61001,validation_003,1,A,False,0.02,0.0,0.98,0.005012531328320802
61001,validation_003,1,B,False,0.85,0.115,0.035,0.005012531328320802
61001,validation_004,0,A,False,0.0,0.0,1.0,0.0
61001,validation_004,0,B,False,0.89,0.11,0.0,0.002506265664160401
61001,validation_004,1,A,False,0.01,0.0425,0.9475,0.007518796992481203
61001,validation_004,1,B,False,0.8575,0.0,0.1425,0.002506265664160401
61001,validation_005,0,A,False,0.0025,0.0,0.9975,0.005012531328320802
61001,validation_005,0,B,False,0.8925,0.1075,0.0,0.002506265664160401
61001,validation_005,1,A,False,0.0025,0.04,0.9575,0.012531328320802004
61001,validation_005,1,B,False,0.875,0.0,0.125,0.007518796992481203
61001,validation_006,0,A,False,0.0,0.0,1.0,0.0
61001,validation_006,0,B,False,0.89,0.11,0.0,0.002506265664160401
61001,validation_006,1,A,False,0.0,0.045,0.955,0.007518796992481203
61001,validation_006,1,B,False,0.8775,0.0,0.1225,0.007518796992481203
61001,validation_007,0,A,False,0.005,0.0,0.995,0.002506265664160401
61001,validation_007,0,B,False,0.8925,0.1075,0.0,0.002506265664160401
61001,validation_007,1,A,False,0.02,0.0,0.98,0.005012531328320802
61001,validation_007,1,B,False,0.8275,0.1225,0.05,0.010025062656641603
61001,validation_008,0,A,False,0.0025,0.0,0.9975,0.005012531328320802
61001,validation_008,0,B,False,0.8875,0.1125,0.0,0.002506265664160401
61001,validation_008,1,A,False,0.0,0.0475,0.9525,0.002506265664160401
61001,validation_008,1,B,False,0.87,0.0,0.13,0.007518796992481203
61002,validation_001,0,A,False,0.8775,0.0,0.1225,0.002506265664160401
61002,validation_001,0,B,False,0.9425,0.045,0.0125,0.017543859649122806
61002,validation_001,1,A,False,0.015,0.03,0.955,0.007518796992481203
61002,validation_001,1,B,False,0.035,0.0,0.965,0.005012531328320802
61002,validation_002,0,A,False,0.8725,0.0,0.1275,0.007518796992481203
61002,validation_002,0,B,False,0.9175,0.05,0.0325,0.012531328320802004
61002,validation_002,1,A,False,0.935,0.06,0.005,0.017543859649122806
61002,validation_002,1,B,False,0.015,0.0,0.985,0.005012531328320802
61002,validation_003,0,A,False,0.8725,0.0,0.1275,0.002506265664160401
61002,validation_003,0,B,False,0.94,0.0525,0.0075,0.012531328320802004
61002,validation_003,1,A,False,0.75,0.005,0.245,0.012531328320802004
61002,validation_003,1,B,False,0.73,0.16,0.11,0.040100250626566414
61002,validation_004,0,A,False,0.87,0.0075,0.1225,0.007518796992481203
61002,validation_004,0,B,False,0.9275,0.0425,0.03,0.015037593984962405
61002,validation_004,1,A,False,0.9325,0.0475,0.02,0.017543859649122806
61002,validation_004,1,B,False,0.0025,0.0,0.9975,0.005012531328320802
61002,validation_005,0,A,False,0.87,0.0,0.13,0.007518796992481203
61002,validation_005,0,B,False,0.93,0.03,0.04,0.012531328320802004
61002,validation_005,1,A,False,0.9275,0.05,0.0225,0.017543859649122806
61002,validation_005,1,B,False,0.0225,0.0,0.9775,0.010025062656641603
61002,validation_006,0,A,False,0.8675,0.0,0.1325,0.007518796992481203
61002,validation_006,0,B,False,0.9375,0.035,0.0275,0.012531328320802004
61002,validation_006,1,A,False,0.9275,0.055,0.0175,0.017543859649122806
61002,validation_006,1,B,False,0.03,0.0,0.97,0.005012531328320802
61002,validation_007,0,A,False,0.8775,0.0,0.1225,0.002506265664160401
61002,validation_007,0,B,False,0.935,0.05,0.015,0.017543859649122806
61002,validation_007,1,A,False,0.925,0.0725,0.0025,0.012531328320802004
61002,validation_007,1,B,False,0.005,0.015,0.98,0.010025062656641603
61002,validation_008,0,A,False,0.8675,0.0,0.1325,0.007518796992481203
61002,validation_008,0,B,False,0.9275,0.0425,0.03,0.012531328320802004
61002,validation_008,1,A,False,0.9275,0.055,0.0175,0.017543859649122806
61002,validation_008,1,B,False,0.0175,0.0,0.9825,0.010025062656641603
61003,validation_001,0,A,True,0.803030303030303,0.19696969696969696,0.0,0.015384615384615385
61003,validation_001,0,B,True,0.9393939393939394,0.0,0.06060606060606061,0.07692307692307693
61003,validation_001,1,A,False,0.9875,0.005,0.0075,0.010025062656641603
61003,validation_001,1,B,False,0.8725,0.0,0.1275,0.017543859649122806
61003,validation_002,0,A,True,0.7361111111111112,0.05555555555555555,0.20833333333333334,0.07042253521126761
61003,validation_002,0,B,True,0.3472222222222222,0.4027777777777778,0.25,0.15492957746478872
61003,validation_002,1,A,False,0.9775,0.0225,0.0,0.005012531328320802
61003,validation_002,1,B,False,0.11,0.405,0.485,0.8220551378446115
61003,validation_003,0,A,True,0.8333333333333334,0.16666666666666666,0.0,0.012048192771084338
61003,validation_003,0,B,True,0.2976190476190476,0.36904761904761907,0.3333333333333333,0.0963855421686747
61003,validation_003,1,A,False,0.9775,0.0225,0.0,0.005012531328320802
61003,validation_003,1,B,False,0.1075,0.4075,0.485,0.8045112781954887
61003,validation_004,0,A,True,0.6576576576576577,0.11711711711711711,0.22522522522522523,0.08181818181818182
61003,validation_004,0,B,True,0.27927927927927926,0.27927927927927926,0.44144144144144143,0.17272727272727273
61003,validation_004,1,A,True,0.9725085910652921,0.027491408934707903,0.0,0.006896551724137931
61003,validation_004,1,B,True,0.22336769759450173,0.38144329896907214,0.3951890034364261,0.6241379310344828
61003,validation_005,0,A,True,0.7951807228915663,0.07228915662650602,0.13253012048192772,0.036585365853658534
61003,validation_005,0,B,True,0.42168674698795183,0.30120481927710846,0.27710843373493976,0.0975609756097561
61003,validation_005,1,A,False,0.915,0.0,0.085,0.05012531328320802
61003,validation_005,1,B,False,0.41,0.0,0.59,0.015037593984962405
61003,validation_006,0,A,True,0.8021978021978022,0.054945054945054944,0.14285714285714285,0.03333333333333333
61003,validation_006,0,B,True,0.5274725274725275,0.27472527472527475,0.1978021978021978,0.1111111111111111
61003,validation_006,1,A,False,0.9275,0.0,0.0725,0.02506265664160401
61003,validation_006,1,B,False,0.9,0.0,0.1,0.002506265664160401
61003,validation_007,0,A,True,0.7428571428571429,0.02857142857142857,0.22857142857142856,0.07246376811594203
61003,validation_007,0,B,True,0.38571428571428573,0.35714285714285715,0.2571428571428571,0.21739130434782608
61003,validation_007,1,A,True,0.9725274725274725,0.027472527472527472,0.0,0.005509641873278237
61003,validation_007,1,B,True,0.17032967032967034,0.4010989010989011,0.42857142857142855,0.7134986225895317
61003,validation_008,0,A,True,0.7788461538461539,0.057692307692307696,0.16346153846153846,0.02912621359223301
61003,validation_008,0,B,True,0.5576923076923077,0.23076923076923078,0.21153846153846154,0.05825242718446602
61003,validation_008,1,A,False,0.9275,0.0,0.0725,0.020050125313283207
61003,validation_008,1,B,False,0.9025,0.0,0.0975,0.002506265664160401
61004,validation_001,0,A,False,0.8,0.1325,0.0675,0.040100250626566414
61004,validation_001,0,B,False,0.77,0.0875,0.1425,0.08270676691729323
61004,validation_001,1,A,True,0.515625,0.3125,0.171875,0.1746031746031746
61004,validation_001,1,B,True,0.46875,0.421875,0.109375,0.1111111111111111
61004,validation_002,0,A,True,0.9295774647887324,0.04225352112676056,0.028169014084507043,0.07142857142857142
61004,validation_002,0,B,True,0.5492957746478874,0.29577464788732394,0.15492957746478872,0.24285714285714285
61004,validation_002,1,A,True,0.3333333333333333,0.6666666666666666,0.0,0.01694915254237288
61004,validation_002,1,B,True,0.95,0.05,0.0,0.05084745762711865
61004,validation_003,0,A,True,0.30578512396694213,0.4628099173553719,0.23140495867768596,0.1
61004,validation_003,0,B,True,0.15702479338842976,0.49586776859504134,0.34710743801652894,0.23333333333333334
61004,validation_003,1,A,True,0.4426229508196721,0.47540983606557374,0.08196721311475409,0.11666666666666667
61004,validation_003,1,B,True,0.3770491803278688,0.5737704918032787,0.04918032786885246,0.15
61004,validation_004,0,A,True,0.344,0.448,0.208,0.12903225806451613
61004,validation_004,0,B,True,0.128,0.48,0.392,0.1774193548387097
61004,validation_004,1,A,True,0.35,0.65,0.0,0.01694915254237288
61004,validation_004,1,B,True,0.95,0.05,0.0,0.01694915254237288
61004,validation_005,0,A,True,0.1875,0.8125,0.0,0.0851063829787234
61004,validation_005,0,B,True,0.14583333333333334,0.8541666666666666,0.0,0.06382978723404255
61004,validation_005,1,A,True,0.4032258064516129,0.5967741935483871,0.0,0.06557377049180328
61004,validation_005,1,B,True,0.8548387096774194,0.12903225806451613,0.016129032258064516,0.09836065573770492
61004,validation_006,0,A,True,0.33070866141732286,0.47244094488188976,0.1968503937007874,0.10317460317460317
61004,validation_006,0,B,True,0.14173228346456693,0.4881889763779528,0.3700787401574803,0.19047619047619047
61004,validation_006,1,A,True,0.3548387096774194,0.6451612903225806,0.0,0.01639344262295082
61004,validation_006,1,B,True,0.8548387096774194,0.12903225806451613,0.016129032258064516,0.09836065573770492
61004,validation_007,0,A,True,0.42105263157894735,0.43859649122807015,0.14035087719298245,0.21428571428571427
61004,validation_007,0,B,True,0.6140350877192983,0.2807017543859649,0.10526315789473684,0.19642857142857142
61004,validation_007,1,A,True,0.3793103448275862,0.6206896551724138,0.0,0.017543859649122806
61004,validation_007,1,B,True,0.9827586206896551,0.017241379310344827,0.0,0.03508771929824561
61004,validation_008,0,A,True,0.2890625,0.5,0.2109375,0.1732283464566929
61004,validation_008,0,B,True,0.1328125,0.4921875,0.375,0.2125984251968504
61004,validation_008,1,A,True,0.3709677419354839,0.6290322580645161,0.0,0.01639344262295082
61004,validation_008,1,B,True,0.8548387096774194,0.12903225806451613,0.016129032258064516,0.09836065573770492
61005,validation_001,0,A,True,0.1875,0.75,0.0625,0.1276595744680851
61005,validation_001,0,B,True,0.3125,0.6875,0.0,0.06382978723404255
61005,validation_001,1,A,False,0.18181818181818182,0.06060606060606061,0.7575757575757576,0.0625
61005,validation_001,1,B,False,0.030303030303030304,0.09090909090909091,0.8787878787878788,0.1875
61005,validation_002,0,A,False,0.0075,0.0,0.9925,0.012531328320802004
61005,validation_002,0,B,False,0.9675,0.0325,0.0,0.012531328320802004
61005,validation_002,1,A,False,0.9,0.02,0.08,0.040100250626566414
61005,validation_002,1,B,False,0.0,0.0,1.0,0.0
61005,validation_003,0,A,False,0.25,0.5,0.25,0.21052631578947367
61005,validation_003,0,B,False,0.35,0.55,0.1,0.10526315789473684
61005,validation_003,1,A,False,0.06840390879478828,0.16612377850162866,0.7654723127035831,0.0196078431372549
61005,validation_003,1,B,False,0.1270358306188925,0.48859934853420195,0.38436482084690554,0.5555555555555556
61005,validation_004,0,A,True,0.5217391304347826,0.17391304347826086,0.30434782608695654,0.16176470588235295
61005,validation_004,0,B,True,0.3188405797101449,0.43478260869565216,0.2463768115942029,0.19117647058823528
61005,validation_004,1,A,False,0.9975,0.0,0.0025,0.002506265664160401
61005,validation_004,1,B,False,0.0275,0.0225,0.95,0.010025062656641603
61005,validation_005,0,A,True,0.7580645161290323,0.20967741935483872,0.03225806451612903,0.08196721311475409
61005,validation_005,0,B,True,0.3064516129032258,0.6935483870967742,0.0,0.01639344262295082
61005,validation_005,1,A,False,0.9375,0.0,0.0625,0.02756892230576441
61005,validation_005,1,B,False,0.08,0.035,0.885,0.08771929824561403
61005,validation_006,0,A,True,0.7531645569620253,0.11392405063291139,0.13291139240506328,0.09554140127388536
61005,validation_006,0,B,True,0.9113924050632911,0.08860759493670886,0.0,0.01910828025477707
61005,validation_006,1,A,False,0.9725,0.0,0.0275,0.007518796992481203
61005,validation_006,1,B,False,0.0775,0.015,0.9075,0.040100250626566414
61005,validation_007,0,A,True,0.7012987012987013,0.11688311688311688,0.18181818181818182,0.0784313725490196
61005,validation_007,0,B,True,0.8311688311688312,0.16883116883116883,0.0,0.0196078431372549
61005,validation_007,1,A,False,0.9525,0.0,0.0475,0.02506265664160401
61005,validation_007,1,B,False,0.0875,0.01,0.9025,0.06265664160401002
61005,validation_008,0,A,True,0.5285714285714286,0.2,0.2714285714285714,0.13043478260869565
61005,validation_008,0,B,True,0.34285714285714286,0.44285714285714284,0.21428571428571427,0.21739130434782608
61005,validation_008,1,A,False,0.9775,0.0,0.0225,0.007518796992481203
61005,validation_008,1,B,False,0.0775,0.015,0.9075,0.06516290726817042
61006,validation_001,0,A,False,0.0275,0.0,0.9725,0.010025062656641603
61006,validation_001,0,B,False,0.925,0.045,0.03,0.010025062656641603
61006,validation_001,1,A,True,0.8869047619047619,0.10119047619047619,0.011904761904761904,0.023880597014925373
61006,validation_001,1,B,True,0.7410714285714286,0.11607142857142858,0.14285714285714285,0.07462686567164178
61006,validation_002,0,A,False,0.85,0.03,0.12,0.017543859649122806
61006,validation_002,0,B,False,0.0375,0.075,0.8875,0.020050125313283207
61006,validation_002,1,A,True,0.6136363636363636,0.38636363636363635,0.0,0.034482758620689655
61006,validation_002,1,B,True,0.056818181818181816,0.5681818181818182,0.375,0.034482758620689655
61006,validation_003,0,A,True,0.4936708860759494,0.24050632911392406,0.26582278481012656,0.1282051282051282
61006,validation_003,0,B,True,0.7341772151898734,0.08860759493670886,0.17721518987341772,0.14102564102564102
61006,validation_003,1,A,True,0.850187265917603,0.14232209737827714,0.00749063670411985,0.022556390977443608
61006,validation_003,1,B,True,0.6779026217228464,0.14232209737827714,0.1797752808988764,0.07142857142857142
61006,validation_004,0,A,False,0.03,0.0,0.97,0.005012531328320802
61006,validation_004,0,B,False,0.96,0.04,0.0,0.005012531328320802
61006,validation_004,1,A,True,0.6444444444444445,0.32222222222222224,0.03333333333333333,0.056179775280898875
61006,validation_004,1,B,True,0.05555555555555555,0.5777777777777777,0.36666666666666664,0.033707865168539325
61006,validation_005,0,A,False,0.0375,0.0,0.9625,0.005012531328320802
61006,validation_005,0,B,False,0.9325,0.035,0.0325,0.010025062656641603
61006,validation_005,1,A,True,0.71875,0.28125,0.0,0.031578947368421054
61006,validation_005,1,B,True,0.052083333333333336,0.5833333333333334,0.3645833333333333,0.031578947368421054
61006,validation_006,0,A,False,0.03,0.0,0.97,0.005012531328320802
61006,validation_006,0,B,False,0.955,0.0425,0.0025,0.007518796992481203
61006,validation_006,1,A,True,0.71875,0.28125,0.0,0.031578947368421054
61006,validation_006,1,B,True,0.0625,0.5833333333333334,0.3541666666666667,0.042105263157894736
61006,validation_007,0,A,False,0.85,0.025,0.125,0.017543859649122806
61006,validation_007,0,B,False,0.5225,0.065,0.4125,0.03508771929824561
61006,validation_007,1,A,True,0.4880952380952381,0.47619047619047616,0.03571428571428571,0.08433734939759036
61006,validation_007,1,B,True,0.05952380952380952,0.5595238095238095,0.38095238095238093,0.03614457831325301
61006,validation_008,0,A,False,0.8975,0.0,0.1025,0.007518796992481203
61006,validation_008,0,B,False,0.91,0.09,0.0,0.010025062656641603
61006,validation_008,1,A,True,0.5606060606060606,0.4393939393939394,0.0,0.046153846153846156
61006,validation_008,1,B,True,0.3939393939393939,0.4696969696969697,0.13636363636363635,0.06153846153846154
61007,validation_001,0,A,True,0.37037037037037035,0.6296296296296297,0.0,0.05660377358490566
61007,validation_001,0,B,True,0.7222222222222222,0.2777777777777778,0.0,0.1320754716981132
61007,validation_001,1,A,True,0.7285714285714285,0.18571428571428572,0.08571428571428572,0.057971014492753624
61007,validation_001,1,B,True,1.0,0.0,0.0,0.0
61007,validation_002,0,A,True,0.7865168539325843,0.07865168539325842,0.1348314606741573,0.07954545454545454
61007,validation_002,0,B,True,0.5280898876404494,0.2808988764044944,0.19101123595505617,0.1590909090909091
61007,validation_002,1,A,True,0.6507936507936508,0.3492063492063492,0.0,0.11290322580645161
61007,validation_002,1,B,True,0.6507936507936508,0.25396825396825395,0.09523809523809523,0.1935483870967742
61007,validation_003,0,A,True,0.3584905660377358,0.6415094339622641,0.0,0.09615384615384616
61007,validation_003,0,B,True,0.5471698113207547,0.4528301886792453,0.0,0.15384615384615385
61007,validation_003,1,A,True,0.8,0.09230769230769231,0.1076923076923077,0.046875
61007,validation_003,1,B,True,0.8769230769230769,0.12307692307692308,0.0,0.046875
61007,validation_004,0,A,True,0.3333333333333333,0.6666666666666666,0.0,0.05660377358490566
61007,validation_004,0,B,True,0.7407407407407407,0.25925925925925924,0.0,0.1509433962264151
61007,validation_004,1,A,True,0.7534246575342466,0.1506849315068493,0.0958904109589041,0.027777777777777776
61007,validation_004,1,B,True,0.9863013698630136,0.0136986301369863,0.0,0.027777777777777776
61007,validation_005,0,A,True,0.527027027027027,0.24324324324324326,0.22972972972972974,0.1232876712328767
61007,validation_005,0,B,True,0.7432432432432432,0.17567567567567569,0.08108108108108109,0.0410958904109589
61007,validation_005,1,A,True,0.3888888888888889,0.3194444444444444,0.2916666666666667,0.08450704225352113
61007,validation_005,1,B,True,0.6666666666666666,0.2777777777777778,0.05555555555555555,0.056338028169014086
61007,validation_006,0,A,True,0.7027027027027027,0.22972972972972974,0.06756756756756757,0.1095890410958904
61007,validation_006,0,B,True,0.4594594594594595,0.35135135135135137,0.1891891891891892,0.2191780821917808
61007,validation_006,1,A,True,0.759493670886076,0.1518987341772152,0.08860759493670886,0.07692307692307693
61007,validation_006,1,B,True,0.9746835443037974,0.02531645569620253,0.0,0.02564102564102564
61007,validation_007,0,A,True,0.7888888888888889,0.05555555555555555,0.15555555555555556,0.07865168539325842
61007,validation_007,0,B,True,0.5,0.2777777777777778,0.2222222222222222,0.14606741573033707
61007,validation_007,1,A,True,0.671875,0.328125,0.0,0.07936507936507936
61007,validation_007,1,B,True,0.625,0.25,0.125,0.12698412698412698
61007,validation_008,0,A,True,0.5357142857142857,0.4642857142857143,0.0,0.09090909090909091
61007,validation_008,0,B,True,0.7142857142857143,0.2857142857142857,0.0,0.14545454545454545
61007,validation_008,1,A,True,0.7777777777777778,0.13580246913580246,0.08641975308641975,0.05
61007,validation_008,1,B,True,1.0,0.0,0.0,0.0
61008,validation_001,0,A,False,0.055,0.0,0.945,0.015037593984962405
61008,validation_001,0,B,False,0.9375,0.0425,0.02,0.012531328320802004
61008,validation_001,1,A,False,0.95,0.0,0.05,0.010025062656641603
61008,validation_001,1,B,False,0.9025,0.0075,0.09,0.015037593984962405
61008,validation_002,0,A,False,0.005,0.0,0.995,0.005012531328320802
61008,validation_002,0,B,False,0.875,0.0525,0.0725,0.03759398496240601
61008,validation_002,1,A,False,0.9675,0.0,0.0325,0.015037593984962405
61008,validation_002,1,B,False,0.9075,0.01,0.0825,0.020050125313283207
61008,validation_003,0,A,False,0.0075,0.0,0.9925,0.005012531328320802
61008,validation_003,0,B,False,0.8625,0.0525,0.085,0.012531328320802004
61008,validation_003,1,A,False,0.9775,0.005,0.0175,0.015037593984962405
61008,validation_003,1,B,False,0.8775,0.0,0.1225,0.007518796992481203
61008,validation_004,0,A,False,0.0525,0.0,0.9475,0.005012531328320802
61008,validation_004,0,B,False,0.9,0.0825,0.0175,0.015037593984962405
61008,validation_004,1,A,False,0.9475,0.0,0.0525,0.015037593984962405
61008,validation_004,1,B,False,0.905,0.0125,0.0825,0.015037593984962405
61008,validation_005,0,A,False,0.045,0.0,0.955,0.005012531328320802
61008,validation_005,0,B,False,0.9175,0.0725,0.01,0.020050125313283207
61008,validation_005,1,A,False,0.9325,0.0,0.0675,0.015037593984962405
61008,validation_005,1,B,False,0.88,0.0275,0.0925,0.015037593984962405
61008,validation_006,0,A,False,0.045,0.0,0.955,0.005012531328320802
61008,validation_006,0,B,False,0.8975,0.09,0.0125,0.017543859649122806
61008,validation_006,1,A,False,0.95,0.0,0.05,0.015037593984962405
61008,validation_006,1,B,False,0.8975,0.0175,0.085,0.015037593984962405
61008,validation_007,0,A,False,0.0,0.0,1.0,0.0
61008,validation_007,0,B,False,0.9225,0.01,0.0675,0.017543859649122806
61008,validation_007,1,A,False,0.9875,0.0,0.0125,0.010025062656641603
61008,validation_007,1,B,False,0.8975,0.0,0.1025,0.007518796992481203
61008,validation_008,0,A,False,0.045,0.0,0.955,0.005012531328320802
61008,validation_008,0,B,False,0.895,0.0925,0.0125,0.015037593984962405
61008,validation_008,1,A,False,0.9325,0.0,0.0675,0.015037593984962405
61008,validation_008,1,B,False,0.8575,0.035,0.1075,0.010025062656641603
61009,validation_001,0,A,False,0.8825,0.0675,0.05,0.005012531328320802
61009,validation_001,0,B,False,0.89,0.0,0.11,0.005012531328320802
61009,validation_001,1,A,False,0.91,0.0,0.09,0.002506265664160401
61009,validation_001,1,B,False,0.0,0.0075,0.9925,0.010025062656641603
61009,validation_002,0,A,False,0.7375,0.0625,0.2,0.010025062656641603
61009,validation_002,0,B,False,0.1825,0.0675,0.75,0.012531328320802004
61009,validation_002,1,A,False,0.8825,0.0025,0.115,0.05012531328320802
61009,validation_002,1,B,False,0.8575,0.11,0.0325,0.015037593984962405
61009,validation_003,0,A,False,0.925,0.015,0.06,0.007518796992481203
61009,validation_003,0,B,False,0.9,0.0,0.1,0.012531328320802004
61009,validation_003,1,A,False,0.8775,0.0125,0.11,0.05513784461152882
61009,validation_003,1,B,False,0.895,0.09,0.015,0.015037593984962405
61009,validation_004,0,A,False,0.915,0.0,0.085,0.002506265664160401
61009,validation_004,0,B,False,0.9375,0.0625,0.0,0.010025062656641603
61009,validation_004,1,A,False,0.955,0.045,0.0,0.010025062656641603
61009,validation_004,1,B,False,0.9,0.0075,0.0925,0.017543859649122806
61009,validation_005,0,A,False,0.9225,0.0025,0.075,0.005012531328320802
61009,validation_005,0,B,False,0.94,0.06,0.0,0.010025062656641603
61009,validation_005,1,A,False,0.995,0.005,0.0,0.005012531328320802
61009,validation_005,1,B,False,0.0575,0.0,0.9425,0.005012531328320802
61009,validation_006,0,A,False,0.915,0.0025,0.0825,0.005012531328320802
61009,validation_006,0,B,False,0.9325,0.0675,0.0,0.010025062656641603
61009,validation_006,1,A,False,0.9825,0.0175,0.0,0.010025062656641603
61009,validation_006,1,B,False,0.775,0.0725,0.1525,0.13283208020050125
61009,validation_007,0,A,False,0.8925,0.065,0.0425,0.010025062656641603
61009,validation_007,0,B,False,0.8825,0.0,0.1175,0.002506265664160401
61009,validation_007,1,A,False,0.86,0.005,0.135,0.03508771929824561
61009,validation_007,1,B,False,0.925,0.0725,0.0025,0.012531328320802004
61009,validation_008,0,A,False,0.9175,0.0,0.0825,0.002506265664160401
61009,validation_008,0,B,False,0.9225,0.0775,0.0,0.010025062656641603
61009,validation_008,1,A,False,0.975,0.025,0.0,0.015037593984962405
61009,validation_008,1,B,False,0.77,0.075,0.155,0.13784461152882205
61010,validation_001,0,A,False,0.885,0.0425,0.0725,0.012531328320802004
61010,validation_001,0,B,False,0.76,0.0925,0.1475,0.08521303258145363
61010,validation_001,1,A,False,0.8825,0.0,0.1175,0.005012531328320802
61010,validation_001,1,B,False,0.045,0.015,0.94,0.03759398496240601
61010,validation_002,0,A,False,0.15789473684210525,0.7368421052631579,0.10526315789473684,0.2222222222222222
61010,validation_002,0,B,False,0.15789473684210525,0.5263157894736842,0.3157894736842105,0.2222222222222222
61010,validation_002,1,A,False,0.8575,0.0,0.1425,0.005012531328320802
61010,validation_002,1,B,False,0.0625,0.005,0.9325,0.020050125313283207
61010,validation_003,0,A,False,0.03,0.035,0.935,0.020050125313283207
61010,validation_003,0,B,False,0.025,0.03,0.945,0.02756892230576441
61010,validation_003,1,A,False,0.0,0.0,1.0,0.0
61010,validation_003,1,B,False,0.0575,0.0,0.9425,0.007518796992481203
61010,validation_004,0,A,False,0.865,0.05,0.085,0.017543859649122806
61010,validation_004,0,B,False,0.8225,0.0575,0.12,0.08521303258145363
61010,validation_004,1,A,False,0.94,0.0125,0.0475,0.010025062656641603
61010,validation_004,1,B,False,0.13,0.0975,0.7725,0.14035087719298245
61010,validation_005,0,A,False,0.0,1.0,0.0,0.0
61010,validation_005,0,B,False,0.05263157894736842,0.7894736842105263,0.15789473684210525,0.1111111111111111
61010,validation_005,1,A,False,0.965,0.015,0.02,0.007518796992481203
61010,validation_005,1,B,False,0.0975,0.1025,0.8,0.11528822055137844
61010,validation_006,0,A,False,0.005,0.06,0.935,0.017543859649122806
61010,validation_006,0,B,False,0.025,0.0275,0.9475,0.022556390977443608
61010,validation_006,1,A,False,0.0925,0.0075,0.9,0.007518796992481203
61010,validation_006,1,B,False,0.8775,0.02,0.1025,0.015037593984962405
61010,validation_007,0,A,False,0.2777777777777778,0.6666666666666666,0.05555555555555555,0.23529411764705882
61010,validation_007,0,B,False,0.1111111111111111,0.5555555555555556,0.3333333333333333,0.17647058823529413
61010,validation_007,1,A,False,0.8725,0.0,0.1275,0.005012531328320802
61010,validation_007,1,B,False,0.055,0.0075,0.9375,0.020050125313283207
61010,validation_008,0,A,False,0.015,0.055,0.93,0.017543859649122806
61010,validation_008,0,B,False,0.0125,0.0325,0.955,0.007518796992481203
61010,validation_008,1,A,False,0.9075,0.01,0.0825,0.020050125313283207
61010,validation_008,1,B,False,0.88,0.02,0.1,0.02756892230576441
