seed,condition,regime,group,opp_worse,opp_better,yield_worse,yield_better,recv_opp_worse,recv_yield_worse,priority_pairs,priority_to_worse_off,burden_opp_worse,burden_opp_better,burden_event_worse,burden_event_better,worst_off_samples,recovery_n_k10,recovery_sum_k10,gapclosure_sum_k10,recovery_n_k25,recovery_sum_k25,gapclosure_sum_k25,recovery_n_k50,recovery_sum_k50,gapclosure_sum_k50
920101,baseline,original,ALL,25615.0,91129.0,2261.0,6591.0,25615.0,2261.0,54.0,54.0,25615.0,91129.0,669.0,657.0,8324.0,7918.0,9.813299772817906,46.33894506927724,4913.0,-0.4192902172843216,75.77900703009591,304.0,-47.998294454765684,3.9033655221617414
920101,baseline,original,mainline-fast,8033.0,22940.0,82.0,1137.0,5600.0,1229.0,0.0,0.0,8033.0,22940.0,23.0,411.0,2455.0,2245.0,-32.387989438031,2.624784860864526,1467.0,-63.67197800058248,12.778993299213743,304.0,-47.998294454765684,3.9033655221617414
920101,baseline,original,mainline-slow,4293.0,23519.0,872.0,2254.0,7546.0,138.0,26.0,26.0,4293.0,23519.0,130.0,82.0,2183.0,2163.0,17.301125037001263,16.904739534806907,1348.0,25.145644983991705,24.57265538542892,0.0,0.0,0.0
920101,baseline,original,ramp-fast,9156.0,21214.0,574.0,896.0,3529.0,668.0,0.0,0.0,9156.0,21214.0,415.0,56.0,835.0,719.0,-0.9627238337343552,1.2675626605808121,370.0,0.6187041831174607,1.3979635896820528,0.0,0.0,0.0
920101,baseline,original,ramp-slow,4133.0,23456.0,733.0,2304.0,8940.0,226.0,28.0,28.0,4133.0,23456.0,101.0,108.0,2851.0,2791.0,25.862888007581997,25.54185801302499,1728.0,37.48833861618899,37.02939475577119,0.0,0.0,0.0
920101,baseline,wsc,ALL,250.0,118348.0,2.0,17573.0,250.0,2.0,0,0,250.0,118348.0,0,245.0,271.0,270.0,0.02948664598474582,0.02948664598474582,128.0,0.04736729727861644,0.04736729727861644,0,0,0
920101,baseline,wsc,mainline-fast,161.0,26597.0,0.0,3443.0,76.0,0.0,0.0,0.0,161.0,26597.0,0.0,15.0,83.0,83.0,0.01759323353783626,0.01759323353783626,46.0,0.034131924859834295,0.034131924859834295,0.0,0.0,0.0
920101,baseline,wsc,mainline-slow,1.0,31135.0,1.0,6361.0,11.0,0.0,0.0,0.0,1.0,31135.0,0.0,117.0,12.0,12.0,-0.0035093550833246168,-0.0035093550833246168,2.0,-0.005292318700316434,-0.005292318700316434,0.0,0.0,0.0
920101,baseline,wsc,ramp-fast,77.0,28326.0,0.0,3382.0,163.0,2.0,0.0,0.0,77.0,28326.0,0.0,25.0,176.0,175.0,0.015402767530234174,0.015402767530234174,80.0,0.018527691119098577,0.018527691119098577,0.0,0.0,0.0
920101,baseline,wsc,ramp-slow,11.0,32290.0,1.0,4387.0,0.0,0.0,0.0,0.0,11.0,32290.0,0.0,88.0,0.0,0.0,0.0,0.0,0.0,0.0,0.0,0.0,0.0,0.0
920101,mean,original,ALL,0,134933.0,0,11420.0,0,0,0,0,0,134933.0,0,421.0,0,0,0,0,0,0,0,0,0,0
920101,mean,original,mainline-fast,0.0,33814.0,0.0,4300.0,0.0,0.0,0.0,0.0,0.0,33814.0,0.0,140.0,0.0,0.0,0.0,0.0,0.0,0.0,0.0,0.0,0.0,0.0
920101,mean,original,mainline-slow,0.0,33525.0,0.0,1583.0,0.0,0.0,0.0,0.0,0.0,33525.0,0.0,81.0,0.0,0.0,0.0,0.0,0.0,0.0,0.0,0.0,0.0,0.0
920101,mean,original,ramp-fast,0.0,33190.0,0.0,4069.0,0.0,0.0,0.0,0.0,0.0,33190.0,0.0,131.0,0.0,0.0,0.0,0.0,0.0,0.0,0.0,0.0,0.0,0.0
920101,mean,original,ramp-slow,0.0,34404.0,0.0,1468.0,0.0,0.0,0.0,0.0,0.0,34404.0,0.0,69.0,0.0,0.0,0.0,0.0,0.0,0.0,0.0,0.0,0.0,0.0
920101,mean,wsc,ALL,0,117370.0,0,3934.0,0,0,0,0,0,117370.0,0,113.0,0,0,0,0,0,0,0,0,0,0
920101,mean,wsc,mainline-fast,0.0,27668.0,0.0,367.0,0.0,0.0,0.0,0.0,0.0,27668.0,0.0,23.0,0.0,0.0,0.0,0.0,0.0,0.0,0.0,0.0,0.0,0.0
920101,mean,wsc,mainline-slow,0.0,31536.0,0.0,1727.0,0.0,0.0,0.0,0.0,0.0,31536.0,0.0,46.0,0.0,0.0,0.0,0.0,0.0,0.0,0.0,0.0,0.0,0.0
920101,mean,wsc,ramp-fast,0.0,26552.0,0.0,392.0,0.0,0.0,0.0,0.0,0.0,26552.0,0.0,22.0,0.0,0.0,0.0,0.0,0.0,0.0,0.0,0.0,0.0,0.0
920101,mean,wsc,ramp-slow,0.0,31614.0,0.0,1448.0,0.0,0.0,0.0,0.0,0.0,31614.0,0.0,22.0,0.0,0.0,0.0,0.0,0.0,0.0,0.0,0.0,0.0,0.0
920101,ggi,original,ALL,6116.0,130543.0,189.0,3183.0,6116.0,189.0,0,0,6116.0,130543.0,68.0,349.0,2970.0,2765.0,0.1625292633288966,3.0357492188934847,1716.0,0.5560050430444327,6.587055653456648,98.0,-3.6832443575071183,0.2867302215837534
920101,ggi,original,mainline-fast,1138.0,33557.0,22.0,1771.0,2720.0,126.0,0.0,0.0,1138.0,33557.0,18.0,149.0,1607.0,1540.0,-0.6683499778886659,1.6533239596987905,983.0,-0.26953139930859404,4.086330337330622,80.0,-2.665616273159724,-0.07862039983896796
920101,ggi,original,mainline-slow,1855.0,31359.0,65.0,252.0,0.0,0.0,0.0,0.0,1855.0,31359.0,0.0,16.0,0.0,0.0,0.0,0.0,0.0,0.0,0.0,0.0,0.0,0.0
920101,ggi,original,ramp-fast,1441.0,34569.0,76.0,818.0,3396.0,63.0,0.0,0.0,1441.0,34569.0,50.0,146.0,1363.0,1225.0,0.8308792412175625,1.3824252591946942,733.0,0.8255364423530267,2.500725316126026,18.0,-1.0176280843473942,0.36535062142272134
920101,ggi,original,ramp-slow,1682.0,31058.0,26.0,342.0,0.0,0.0,0.0,0.0,1682.0,31058.0,0.0,38.0,0.0,0.0,0.0,0.0,0.0,0.0,0.0,0.0,0.0,0.0
920101,ggi,wsc,ALL,9456.0,123029.0,277.0,6127.0,9456.0,277.0,66.0,0,9456.0,123029.0,6.0,638.0,3134.0,3133.0,5.647782158252852,5.7423086598643955,2041.0,8.542057824242438,8.613751535694744,21.0,0.4215254295123285,0.5020549782691084
920101,ggi,wsc,mainline-fast,2285.0,29802.0,0.0,1684.0,4264.0,145.0,33.0,0.0,2285.0,29802.0,0.0,194.0,1471.0,1467.0,2.524324850255057,2.524324850255057,964.0,3.681435313447836,3.681435313447836,6.0,0.05787036407884938,0.05787036407884938
920101,ggi,wsc,mainline-slow,2275.0,29995.0,144.0,704.0,0.0,0.0,0.0,0.0,2275.0,29995.0,1.0,0.0,0.0,0.0,0.0,0.0,0.0,0.0,0.0,0.0,0.0,0.0
920101,ggi,wsc,ramp-fast,2055.0,31363.0,0.0,2126.0,5192.0,132.0,33.0,0.0,2055.0,31363.0,0.0,423.0,1663.0,1666.0,3.1234573079977945,3.217983809609339,1077.0,4.8606225107946015,4.932316222246908,15.0,0.36365506543347914,0.444184614190259
920101,ggi,wsc,ramp-slow,2841.0,31869.0,133.0,1613.0,0.0,0.0,0.0,0.0,2841.0,31869.0,5.0,21.0,0.0,0.0,0.0,0.0,0.0,0.0,0.0,0.0,0.0,0.0
920101,maximin,original,ALL,42766.0,84250.0,581.0,3305.0,42766.0,581.0,102.0,0,42766.0,84250.0,231.0,644.0,9151.0,8865.0,13.59683315540255,11.600540498629304,5489.0,19.17148940311246,16.47143750149935,16.0,0.20279047957380592,0.1929980914591488
920101,maximin,original,mainline-fast,8228.0,23149.0,167.0,1377.0,17218.0,164.0,57.0,0.0,8228.0,23149.0,113.0,278.0,3245.5,3086.0,3.923516462138825,3.1730465927545257,1885.0,5.308228884042524,4.34692598810538,3.0,0.020634042604825487,0.020231941245439256
920101,maximin,original,mainline-slow,13841.0,17627.0,40.0,169.0,3079.0,116.0,0.0,0.0,13841.0,17627.0,1.0,37.0,725.0,725.0,2.144363823791225,1.8813407720506905,462.0,3.132273313933118,2.7466365608151966,2.0,0.0723265519040166,0.06880294401811027
920101,maximin,original,ramp-fast,7590.0,24288.0,252.0,1532.0,17551.0,155.0,45.0,0.0,7590.0,24288.0,116.0,276.0,3779.5,3653.0,3.853558077187908,3.326044586575927,2236.0,5.339581293070983,4.658708647145328,8.0,0.05759080904853453,0.05632121081589647
920101,maximin,original,ramp-slow,13107.0,19186.0,122.0,227.0,4918.0,146.0,0.0,0.0,13107.0,19186.0,1.0,53.0,1401.0,1401.0,3.675394792284591,3.2201085472481608,906.0,5.391405912065835,4.719166305433443,3.0,0.0522390760164293,0.04764199537970282
920101,maximin,wsc,ALL,12290.0,112367.0,1388.0,7118.0,12290.0,1388.0,3.0,0,12290.0,112367.0,186.0,446.0,4987.0,4878.0,-63.91188901923038,-9.484120782386615,3387.0,-125.16285703151593,10.148915230808248,903.0,-125.714408336604,29.831096231051944
920101,maximin,wsc,mainline-fast,2983.0,27871.0,212.0,2149.0,5279.0,633.0,3.0,0.0,2983.0,27871.0,5.0,160.0,2153.5,2080.0,-44.744595501446135,-6.115771000015331,1479.0,-88.45662458408928,0.37177013892005895,484.0,-88.68968736792327,11.871861385133196
920101,maximin,wsc,mainline-slow,3374.0,28963.0,394.0,2735.0,479.0,207.0,0.0,0.0,3374.0,28963.0,57.0,65.0,33.0,33.0,-1.0332356253314519,0.47824091307790595,33.0,-2.5870261426052372,1.6851199891948627,33.0,-2.0980899843429963,1.7345166519430846
920101,maximin,wsc,ramp-fast,2458.0,26938.0,373.0,1018.0,6134.0,426.0,0.0,0.0,2458.0,26938.0,14.0,168.0,2784.5,2749.0,-17.73013073872449,-4.22448941680925,1859.0,-33.14889142905576,7.103447242296484,370.0,-34.246554412242446,15.310174439437171
920101,maximin,wsc,ramp-slow,3475.0,28595.0,409.0,1216.0,398.0,122.0,0.0,0.0,3475.0,28595.0,110.0,53.0,16.0,16.0,-0.40392715372830457,0.3778987213600611,16.0,-0.9703148757656501,0.9885778603968424,16.0,-0.680076572095276,0.9145437545384928
920102,baseline,original,ALL,715.0,129769.0,0,3759.0,715.0,0,0,0,715.0,129769.0,0,131.0,620.0,602.0,6.180943822850467,6.180943822850467,409.0,11.611599365876675,11.611599365876675,59.0,2.9528921656302343,2.9528921656302343
920102,baseline,original,mainline-fast,689.0,30610.0,0.0,1533.0,0.0,0.0,0.0,0.0,689.0,30610.0,0.0,9.0,0.0,0.0,0.0,0.0,0.0,0.0,0.0,0.0,0.0,0.0
920102,baseline,original,mainline-slow,3.0,32692.0,0.0,376.0,0.0,0.0,0.0,0.0,3.0,32692.0,0.0,16.0,0.0,0.0,0.0,0.0,0.0,0.0,0.0,0.0,0.0,0.0
920102,baseline,original,ramp-fast,0.0,32797.0,0.0,726.0,715.0,0.0,0.0,0.0,0.0,32797.0,0.0,48.0,620.0,602.0,6.180943822850467,6.180943822850467,409.0,11.611599365876675,11.611599365876675,59.0,2.9528921656302343,2.9528921656302343
920102,baseline,original,ramp-slow,23.0,33670.0,0.0,1124.0,0.0,0.0,0.0,0.0,23.0,33670.0,0.0,58.0,0.0,0.0,0.0,0.0,0.0,0.0,0.0,0.0,0.0,0.0
920102,baseline,wsc,ALL,1347.0,146518.0,108.0,8644.0,1347.0,108.0,0,0,1347.0,146518.0,20.0,872.0,449.0,376.0,0.013496639569476221,0.013317786660188125,110.0,0.060766080332009476,0.05907831943935549,0,0,0
920102,baseline,wsc,mainline-fast,98.0,37373.0,14.0,2791.0,1019.0,90.0,0.0,0.0,98.0,37373.0,4.0,237.0,327.0,270.0,-0.00011786934728708065,-0.00011786934728708065,64.0,0.03400777623991569,0.03400777623991569,0.0,0.0,0.0
920102,baseline,wsc,mainline-slow,528.0,36913.0,73.0,1651.0,0.0,0.0,0.0,0.0,528.0,36913.0,15.0,248.0,0.0,0.0,0.0,0.0,0.0,0.0,0.0,0.0,0.0,0.0
920102,baseline,wsc,ramp-fast,293.0,35988.0,19.0,2120.0,328.0,18.0,0.0,0.0,293.0,35988.0,0.0,128.0,122.0,106.0,0.013614508916763302,0.013435656007475205,46.0,0.026758304092093788,0.0250705431994398,0.0,0.0,0.0
920102,baseline,wsc,ramp-slow,428.0,36244.0,2.0,2082.0,0.0,0.0,0.0,0.0,428.0,36244.0,1.0,259.0,0.0,0.0,0.0,0.0,0.0,0.0,0.0,0.0,0.0,0.0
920102,mean,original,ALL,15590.0,127747.0,1819.0,9039.0,15590.0,1819.0,13.0,0,15590.0,127747.0,92.0,380.0,4304.0,4055.0,2.7313775970178016,2.729444116362124,2374.0,3.7593535912515095,3.7565662453905664,45.0,0.17420098853662336,0.17420098853662336
920102,mean,original,mainline-fast,2264.0,33284.0,443.0,2035.0,8244.0,813.0,10.0,0.0,2264.0,33284.0,2.0,92.0,2456.0,2362.0,1.6772053060721128,1.6752718254164352,1458.0,2.3914739788794113,2.388686633018468,38.0,0.14456072136653297,0.14456072136653297
920102,mean,original,mainline-slow,5410.0,30898.0,503.0,2397.0,0.0,0.0,0.0,0.0,5410.0,30898.0,27.0,99.0,0.0,0.0,0.0,0.0,0.0,0.0,0.0,0.0,0.0,0.0
920102,mean,original,ramp-fast,2878.0,32848.0,318.0,1576.0,7346.0,1006.0,3.0,0.0,2878.0,32848.0,16.0,60.0,1848.0,1693.0,1.0541722909456888,1.0541722909456888,916.0,1.3678796123720982,1.3678796123720982,7.0,0.029640267170090384,0.029640267170090384
920102,mean,original,ramp-slow,5038.0,30717.0,555.0,3031.0,0.0,0.0,0.0,0.0,5038.0,30717.0,47.0,129.0,0.0,0.0,0.0,0.0,0.0,0.0,0.0,0.0,0.0,0.0
920102,mean,wsc,ALL,11001.0,121647.0,3729.0,38365.0,11001.0,3729.0,0,0,11001.0,121647.0,120.0,1241.0,2393.0,2243.0,1.8068672508312198,1.6737702789359887,1188.0,2.1698248014706696,2.047298443687841,0,0,0
920102,mean,wsc,mainline-fast,1097.0,31769.0,271.0,8883.0,6625.0,2254.0,0.0,0.0,1097.0,31769.0,5.0,358.0,1468.5,1345.0,0.9605552559795635,0.9460869543496765,738.0,1.2703490508089916,1.2493759233506987,0.0,0.0,0.0
920102,mean,wsc,mainline-slow,4066.0,29212.0,1532.0,10532.0,0.0,0.0,0.0,0.0,4066.0,29212.0,48.0,289.0,0.0,0.0,0.0,0.0,0.0,0.0,0.0,0.0,0.0,0.0
920102,mean,wsc,ramp-fast,1787.0,30959.0,462.0,8526.0,4376.0,1475.0,0.0,0.0,1787.0,30959.0,15.0,174.0,924.5,898.0,0.8463119948516564,0.7276833245863124,450.0,0.8994757506616781,0.7979225203371424,0.0,0.0,0.0
920102,mean,wsc,ramp-slow,4051.0,29707.0,1464.0,10424.0,0.0,0.0,0.0,0.0,4051.0,29707.0,52.0,420.0,0.0,0.0,0.0,0.0,0.0,0.0,0.0,0.0,0.0,0.0
920102,ggi,original,ALL,19130.0,127718.0,5211.0,34051.0,19130.0,5211.0,7.0,0,19130.0,127718.0,591.0,1247.0,5225.0,5055.0,3.4478451725097234,3.4525870270517194,2997.0,5.061733490992166,5.0500872921592315,114.0,0.11601497637013591,0.14609728547656353
920102,ggi,original,mainline-fast,3737.0,32641.0,1353.0,8203.0,7613.0,1965.0,3.0,0.0,3737.0,32641.0,69.0,182.0,1960.0,1910.0,1.3740471296565742,1.3905781468896659,1186.0,2.041594148961663,2.0469115368592505,64.0,0.06822326110578814,0.09240481056184502
920102,ggi,original,mainline-slow,6364.0,29731.0,1408.0,7962.0,0.0,0.0,0.0,0.0,6364.0,29731.0,204.0,356.0,0.0,0.0,0.0,0.0,0.0,0.0,0.0,0.0,0.0,0.0
920102,ggi,original,ramp-fast,2430.0,34590.0,717.0,9979.0,11326.0,3223.0,4.0,0.0,2430.0,34590.0,59.0,333.0,3191.0,3071.0,2.0624100871387645,2.050620924447669,1763.0,3.00337025869666,2.9864066719661375,50.0,0.04779171526434778,0.05369247491471851
920102,ggi,original,ramp-slow,6599.0,30756.0,1733.0,7907.0,191.0,23.0,0.0,0.0,6599.0,30756.0,259.0,376.0,74.0,74.0,0.011387955714384779,0.011387955714384779,48.0,0.016769083333843082,0.016769083333843082,0.0,0.0,0.0
920102,ggi,wsc,ALL,24349.0,114849.0,3975.0,12809.0,24349.0,3975.0,121.0,0,24349.0,114849.0,270.0,1684.0,4780.0,4612.0,25.148253585753096,21.792236359648058,2874.0,38.70027278358127,33.50411598769888,163.0,6.450136046286567,7.1869224810341805
920102,ggi,wsc,mainline-fast,2770.0,31962.0,146.0,2972.0,12170.0,1931.0,65.0,0.0,2770.0,31962.0,133.0,647.0,2433.0,2206.0,11.07831776385941,9.446216997084957,1314.0,16.013784107187487,13.8017201771032,21.0,0.6890913727698046,0.6889889804679193
920102,ggi,wsc,mainline-slow,9232.0,25780.0,1726.0,3502.0,671.0,126.0,0.0,0.0,9232.0,25780.0,23.0,145.0,0.0,0.0,0.0,0.0,0.0,0.0,0.0,0.0,0.0,0.0
920102,ggi,wsc,ramp-fast,2777.0,31321.0,103.0,2204.0,11508.0,1918.0,56.0,0.0,2777.0,31321.0,85.0,710.0,2347.0,2406.0,14.069935821893688,12.346019362563103,1560.0,22.686488676393786,19.702395810595682,142.0,5.761044673516762,6.497933500566261
920102,ggi,wsc,ramp-slow,9570.0,25786.0,2000.0,4131.0,0.0,0.0,0.0,0.0,9570.0,25786.0,29.0,182.0,0.0,0.0,0.0,0.0,0.0,0.0,0.0,0.0,0.0,0.0
920102,maximin,original,ALL,7082.0,126503.0,1231.0,9747.0,7082.0,1231.0,0,0,7082.0,126503.0,291.0,812.0,1646.0,1595.0,0.6173489425252378,0.6173489425252378,883.0,0.8203924553442202,0.8203924553442202,0,0,0
920102,maximin,original,mainline-fast,1097.0,32916.0,51.0,1208.0,3488.0,809.0,0.0,0.0,1097.0,32916.0,35.0,204.0,776.0,771.0,0.26685804578596817,0.26685804578596817,431.0,0.35687216383143316,0.35687216383143316,0.0,0.0,0.0
920102,maximin,original,mainline-slow,2423.0,30889.0,392.0,3928.0,0.0,0.0,0.0,0.0,2423.0,30889.0,61.0,256.0,0.0,0.0,0.0,0.0,0.0,0.0,0.0,0.0,0.0,0.0
920102,maximin,original,ramp-fast,1115.0,31126.0,281.0,1107.0,3594.0,422.0,0.0,0.0,1115.0,31126.0,171.0,111.0,870.0,824.0,0.3504908967392696,0.3504908967392696,452.0,0.46352029151278706,0.46352029151278706,0.0,0.0,0.0
920102,maximin,original,ramp-slow,2447.0,31572.0,507.0,3504.0,0.0,0.0,0.0,0.0,2447.0,31572.0,24.0,241.0,0.0,0.0,0.0,0.0,0.0,0.0,0.0,0.0,0.0,0.0
920102,maximin,wsc,ALL,15813.0,103533.0,3198.0,28496.0,15813.0,3198.0,17.0,0,15813.0,103533.0,984.0,3410.0,3355.0,2663.0,-1.8075151217808751,5.236826705583663,1561.0,-1.8358988561920062,6.972117170918446,106.0,-1.8145933772642144,1.7717653218946978
920102,maximin,wsc,mainline-fast,1745.0,28348.0,389.0,8455.0,8490.0,1761.0,6.0,0.0,1745.0,28348.0,249.0,1249.0,2151.5,1643.0,-0.353670220748196,5.359362796208421,903.0,-1.3609435765790376,4.6173710762439235,76.0,-1.234251486611467,1.191722815615063
920102,maximin,wsc,mainline-slow,5529.0,24044.0,958.0,5877.0,0.0,0.0,0.0,0.0,5529.0,24044.0,111.0,633.0,0.0,0.0,0.0,0.0,0.0,0.0,0.0,0.0,0.0,0.0
920102,maximin,wsc,ramp-fast,2993.0,26539.0,725.0,8662.0,7323.0,1437.0,11.0,0.0,2993.0,26539.0,548.0,983.0,1203.5,1020.0,-1.4538449010326793,-0.12253609062475745,658.0,-0.4749552796129686,2.3547460946745233,30.0,-0.5803418906527472,0.5800425062796348
920102,maximin,wsc,ramp-slow,5546.0,24602.0,1126.0,5502.0,0.0,0.0,0.0,0.0,5546.0,24602.0,76.0,545.0,0.0,0.0,0.0,0.0,0.0,0.0,0.0,0.0,0.0,0.0
920103,baseline,original,ALL,22693.0,87075.0,2524.0,14064.0,22693.0,2524.0,40.0,0,22693.0,87075.0,618.0,2191.0,10733.0,10731.0,64.10265655150052,63.93725785100833,7477.0,102.9848919075098,102.61870819088627,1253.0,43.96994015381324,43.91551368033322
920103,baseline,original,mainline-fast,6981.0,19193.0,411.0,2698.0,2543.0,54.0,11.0,0.0,6981.0,19193.0,153.0,538.0,1780.0,1778.0,17.990245286522715,17.86309438647043,1287.0,29.90839086762536,29.64134179729186,287.0,14.13069207234613,14.085250025154647
920103,baseline,original,mainline-slow,4711.0,24558.0,1073.0,4845.0,7917.0,952.0,0.0,0.0,4711.0,24558.0,187.0,700.0,3698.0,3698.0,24.274212188165,24.274212188165,2553.0,38.25711966987748,38.25711966987748,403.0,16.354983915237042,16.354983915237042
920103,baseline,original,ramp-fast,7779.0,18653.0,270.0,1765.0,1760.0,199.0,29.0,0.0,7779.0,18653.0,128.0,234.0,672.0,674.0,6.104709465768463,6.066461665328569,486.0,10.20441233427251,10.105277687982465,111.0,4.71813358050365,4.709149154215118
920103,baseline,original,ramp-slow,3222.0,24671.0,770.0,4756.0,10473.0,1319.0,0.0,0.0,3222.0,24671.0,150.0,719.0,4583.0,4581.0,15.733489611044334,15.733489611044334,3151.0,24.614969035734457,24.614969035734457,452.0,8.766130585726414,8.766130585726414
920103,baseline,wsc,ALL,10.0,142259.0,2.0,9840.0,10.0,2.0,0,0,10.0,142259.0,2.0,302.0,11.0,7.0,-0.06957490529859223,-0.06957490529859223,0,0,0,0,0,0
920103,baseline,wsc,mainline-fast,10.0,35460.0,2.0,1801.0,0.0,0.0,0.0,0.0,10.0,35460.0,2.0,55.0,0.0,0.0,0.0,0.0,0.0,0.0,0.0,0.0,0.0,0.0
920103,baseline,wsc,mainline-slow,0.0,35559.0,0.0,3212.0,0.0,0.0,0.0,0.0,0.0,35559.0,0.0,77.0,0.0,0.0,0.0,0.0,0.0,0.0,0.0,0.0,0.0,0.0
920103,baseline,wsc,ramp-fast,0.0,35116.0,0.0,1959.0,10.0,2.0,0.0,0.0,0.0,35116.0,0.0,74.0,11.0,7.0,-0.06957490529859223,-0.06957490529859223,0.0,0.0,0.0,0.0,0.0,0.0
920103,baseline,wsc,ramp-slow,0.0,36124.0,0.0,2868.0,0.0,0.0,0.0,0.0,0.0,36124.0,0.0,96.0,0.0,0.0,0.0,0.0,0.0,0.0,0.0,0.0,0.0,0.0
920103,mean,original,ALL,0,134969.0,0,6809.0,0,0,0,0,0,134969.0,0,664.0,0,0,0,0,0,0,0,0,0,0
920103,mean,original,mainline-fast,0.0,33584.0,0.0,2725.0,0.0,0.0,0.0,0.0,0.0,33584.0,0.0,181.0,0.0,0.0,0.0,0.0,0.0,0.0,0.0,0.0,0.0,0.0
920103,mean,original,mainline-slow,0.0,34112.0,0.0,1199.0,0.0,0.0,0.0,0.0,0.0,34112.0,0.0,169.0,0.0,0.0,0.0,0.0,0.0,0.0,0.0,0.0,0.0,0.0
920103,mean,original,ramp-fast,0.0,32756.0,0.0,2076.0,0.0,0.0,0.0,0.0,0.0,32756.0,0.0,167.0,0.0,0.0,0.0,0.0,0.0,0.0,0.0,0.0,0.0,0.0
920103,mean,original,ramp-slow,0.0,34517.0,0.0,809.0,0.0,0.0,0.0,0.0,0.0,34517.0,0.0,147.0,0.0,0.0,0.0,0.0,0.0,0.0,0.0,0.0,0.0,0.0
920103,mean,wsc,ALL,0,134252.0,0,15133.0,0,0,0,0,0,134252.0,0,764.0,0,0,0,0,0,0,0,0,0,0
920103,mean,wsc,mainline-fast,0.0,31242.0,0.0,4894.0,0.0,0.0,0.0,0.0,0.0,31242.0,0.0,377.0,0.0,0.0,0.0,0.0,0.0,0.0,0.0,0.0,0.0,0.0
920103,mean,wsc,mainline-slow,0.0,35319.0,0.0,3464.0,0.0,0.0,0.0,0.0,0.0,35319.0,0.0,141.0,0.0,0.0,0.0,0.0,0.0,0.0,0.0,0.0,0.0,0.0
920103,mean,wsc,ramp-fast,0.0,31478.0,0.0,3439.0,0.0,0.0,0.0,0.0,0.0,31478.0,0.0,67.0,0.0,0.0,0.0,0.0,0.0,0.0,0.0,0.0,0.0,0.0
920103,mean,wsc,ramp-slow,0.0,36213.0,0.0,3336.0,0.0,0.0,0.0,0.0,0.0,36213.0,0.0,179.0,0.0,0.0,0.0,0.0,0.0,0.0,0.0,0.0,0.0,0.0
920103,ggi,original,ALL,0,132412.0,0,6974.0,0,0,0,0,0,132412.0,0,541.0,0,0,0,0,0,0,0,0,0,0
920103,ggi,original,mainline-fast,0.0,33577.0,0.0,745.0,0.0,0.0,0.0,0.0,0.0,33577.0,0.0,65.0,0.0,0.0,0.0,0.0,0.0,0.0,0.0,0.0,0.0,0.0
920103,ggi,original,mainline-slow,0.0,32019.0,0.0,2106.0,0.0,0.0,0.0,0.0,0.0,32019.0,0.0,170.0,0.0,0.0,0.0,0.0,0.0,0.0,0.0,0.0,0.0,0.0
920103,ggi,original,ramp-fast,0.0,33188.0,0.0,655.0,0.0,0.0,0.0,0.0,0.0,33188.0,0.0,83.0,0.0,0.0,0.0,0.0,0.0,0.0,0.0,0.0,0.0,0.0
920103,ggi,original,ramp-slow,0.0,33628.0,0.0,3468.0,0.0,0.0,0.0,0.0,0.0,33628.0,0.0,223.0,0.0,0.0,0.0,0.0,0.0,0.0,0.0,0.0,0.0,0.0
920103,ggi,wsc,ALL,328.0,128166.0,0,7340.0,328.0,0,0,0,328.0,128166.0,0,170.0,369.0,369.0,0.008188311960050099,0.008188311960050099,13.0,1.95079740021864e-05,1.95079740021864e-05,0,0,0
920103,ggi,wsc,mainline-fast,328.0,31600.0,0.0,1844.0,0.0,0.0,0.0,0.0,328.0,31600.0,0.0,1.0,0.0,0.0,0.0,0.0,0.0,0.0,0.0,0.0,0.0,0.0
920103,ggi,wsc,mainline-slow,0.0,31882.0,0.0,1564.0,0.0,0.0,0.0,0.0,0.0,31882.0,0.0,28.0,0.0,0.0,0.0,0.0,0.0,0.0,0.0,0.0,0.0,0.0
920103,ggi,wsc,ramp-fast,0.0,31985.0,0.0,2317.0,328.0,0.0,0.0,0.0,0.0,31985.0,0.0,86.0,369.0,369.0,0.008188311960050099,0.008188311960050099,13.0,1.95079740021864e-05,1.95079740021864e-05,0.0,0.0,0.0
920103,ggi,wsc,ramp-slow,0.0,32699.0,0.0,1615.0,0.0,0.0,0.0,0.0,0.0,32699.0,0.0,55.0,0.0,0.0,0.0,0.0,0.0,0.0,0.0,0.0,0.0,0.0
920103,maximin,original,ALL,3241.0,122528.0,334.0,4970.0,3241.0,334.0,0,0,3241.0,122528.0,25.0,284.0,2072.0,2063.0,4.686118361942135,4.495402805706577,1364.0,7.916023429988146,7.596599850386971,135.0,1.2480331360526162,1.255814837604115
920103,maximin,original,mainline-fast,570.0,30818.0,14.0,1512.0,2201.0,167.0,0.0,0.0,570.0,30818.0,0.0,76.0,1495.5,1486.0,3.4285218173378027,3.2872069175123366,980.0,5.854355328684366,5.634188730951739,97.0,0.9698578474967353,0.9498246016155141
920103,maximin,original,mainline-slow,599.0,31098.0,144.0,1368.0,0.0,0.0,0.0,0.0,599.0,31098.0,8.0,70.0,0.0,0.0,0.0,0.0,0.0,0.0,0.0,0.0,0.0,0.0
920103,maximin,original,ramp-fast,1488.0,29556.0,14.0,530.0,1040.0,167.0,0.0,0.0,1488.0,29556.0,0.0,40.0,576.5,577.0,1.2575965446043322,1.2081958881942403,384.0,2.0616681013037796,1.9624111194352318,38.0,0.2781752885558808,0.305990235988601
920103,maximin,original,ramp-slow,584.0,31056.0,162.0,1560.0,0.0,0.0,0.0,0.0,584.0,31056.0,17.0,98.0,0.0,0.0,0.0,0.0,0.0,0.0,0.0,0.0,0.0,0.0
920103,maximin,wsc,ALL,77.0,129075.0,2.0,11154.0,77.0,2.0,0,0,77.0,129075.0,1.0,364.0,103.0,103.0,-1.7358729477193218,-0.5389370802148754,69.0,-2.918905389641127,-0.5183098428554975,8.0,-1.2435335294763639,-0.3715833290063342
920103,maximin,wsc,mainline-fast,0.0,32287.0,0.0,1737.0,0.0,0.0,0.0,0.0,0.0,32287.0,0.0,16.0,0.0,0.0,0.0,0.0,0.0,0.0,0.0,0.0,0.0,0.0
920103,maximin,wsc,mainline-slow,77.0,31994.0,2.0,3150.0,0.0,0.0,0.0,0.0,77.0,31994.0,1.0,105.0,8.0,0.0,0.0,0.0,0.0,0.0,0.0,0.0,0.0,0.0
920103,maximin,wsc,ramp-fast,0.0,31834.0,0.0,2461.0,0.0,0.0,0.0,0.0,0.0,31834.0,0.0,52.0,0.0,0.0,0.0,0.0,0.0,0.0,0.0,0.0,0.0,0.0
920103,maximin,wsc,ramp-slow,0.0,32960.0,0.0,3806.0,77.0,2.0,0.0,0.0,0.0,32960.0,0.0,191.0,95.0,103.0,-1.7358729477193218,-0.5389370802148754,69.0,-2.918905389641127,-0.5183098428554975,8.0,-1.2435335294763639,-0.3715833290063342
