seed,scenario,outcome,completion,collision,timeout,cross_road_overlap_any,cross_road_overlap_steps,cross_road_overlap_duration_s,max_simultaneous_merge_vehicles,min_crossroad_x_gap,min_crossroad_euclidean_gap,min_crossroad_clearance_m,min_crossroad_crossing_gap_x300,min_crossroad_crossing_gap_x380,front_pair_crossing_gap_x300,front_pair_crossing_gap_x380,rear_pair_crossing_gap_x300,rear_pair_crossing_gap_x380,min_projected_ttc_gap_s,any_BRAKE_action,total_BRAKE_actions,any_negative_acceleration,any_hard_brake_event,total_hard_brake_events,C_brake,any_below_target_burden,C_mean,U_mean,U_min,Utility_Gini,utility_range,worst_off_identity,role_V0,role_V1,role_V2,role_V3,ttc_slot_V0,ttc_slot_V1,ttc_slot_V2,ttc_slot_V3,U_V0,U_V1,U_V2,U_V3,C_V0,C_V1,C_V2,C_V3
900104,H1_00000,success,1,0,0,1,37,7.4,4,3.032,10.9163,-1.968,0.5597,0.5806,0.8302,1.4066,0.5597,0.5806,0.5183,0,0,1,0,0,0.020922,1,0.052284,0.996627,0.988786,0.002253,0.011214,V1,ramp,ramp,mainline,mainline,front,rear,front,rear,1.0,0.988786,1.0,0.99772,0.0,0.174942,0.0,0.034195
900104,H1_00001,success,1,0,0,1,39,7.8,4,1.8728,10.6442,-3.1272,0.6008,0.6982,0.777,1.0803,0.6008,0.6982,0.6972,0,0,1,0,0,0.023426,1,0.097754,0.993774,0.979249,0.004176,0.020751,V1,ramp,ramp,mainline,mainline,front,rear,front,rear,1.0,0.979249,1.0,0.995845,0.0,0.327859,0.0,0.063157
900104,H1_00002,success,1,0,0,1,37,7.4,4,5.0129,11.5896,0.0129,0.4985,0.6037,0.5116,0.7202,0.4985,0.6037,0.6027,0,0,1,0,0,0.024463,0,0.0,1.0,1.0,0.0,0.0,V1,ramp,ramp,mainline,mainline,front,rear,front,rear,1.0,1.0,1.0,1.0,0.0,0.0,0.0,0.0
900104,H1_00003,success,1,0,0,1,30,6.0,4,10.3701,14.7528,5.3701,0.5874,0.6826,0.7107,0.7217,0.5874,0.6826,0.6846,0,0,1,0,0,0.03005,0,0.0,1.0,1.0,0.0,0.0,V1,ramp,ramp,mainline,mainline,rear,front,front,rear,1.0,1.0,1.0,1.0,0.0,0.0,0.0,0.0
900104,H1_00004,success,1,0,0,1,38,7.6,4,1.9042,10.6171,-3.0958,0.6489,0.6186,0.7451,1.3684,0.6489,0.6894,0.5481,0,0,1,0,0,0.01743,1,0.090513,0.994385,0.979762,0.003956,0.020238,V3,ramp,ramp,mainline,mainline,front,rear,front,rear,1.0,0.99778,1.0,0.979762,0.0,0.034195,0.0,0.327859
900104,H1_00005,success,1,0,0,1,38,7.6,4,1.7542,10.5903,-3.2458,0.5957,0.6147,0.7381,1.3628,0.5957,0.6387,0.5451,0,0,1,0,0,0.019371,1,0.072773,0.995313,0.983532,0.003245,0.016468,V2,ramp,ramp,mainline,mainline,front,rear,rear,front,1.0,0.99772,0.983532,1.0,0.0,0.034195,0.256898,0.0
900104,H1_00006,success,1,0,0,1,31,6.2,4,11.5991,12.5318,6.5991,0.4118,0.4007,0.804,0.8149,0.5681,0.5682,0.0221,1,3,1,0,0,0.040698,0,0.0,1.0,1.0,0.0,0.0,V1,ramp,ramp,mainline,mainline,rear,front,rear,front,1.0,1.0,1.0,1.0,0.0,0.0,0.0,0.0
900104,H1_00007,success,1,0,0,1,31,6.2,4,13.1043,16.3394,8.1043,0.6356,0.7257,0.7207,0.7257,0.6356,0.7289,0.7233,0,0,1,0,0,0.032416,0,0.0,1.0,1.0,0.0,0.0,V1,ramp,ramp,mainline,mainline,rear,front,front,rear,1.0,1.0,1.0,1.0,0.0,0.0,0.0,0.0
900104,H1_00008,success,1,0,0,1,39,7.8,4,3.0956,10.188,-1.9044,0.4321,0.5435,0.5704,0.7396,0.4321,0.5435,0.543,0,0,1,0,0,0.02414,0,0.0,1.0,1.0,0.0,0.0,V0,ramp,ramp,mainline,mainline,rear,front,rear,front,1.0,1.0,1.0,1.0,0.0,0.0,0.0,0.0
900104,H1_00009,success,1,0,0,1,32,6.4,4,10.0387,14.5214,5.0387,0.5782,0.5777,0.655,0.7374,0.5782,0.7475,0.3515,0,0,1,0,0,0.026035,0,0.0,1.0,1.0,0.0,0.0,V1,ramp,ramp,mainline,mainline,rear,front,rear,front,1.0,1.0,1.0,1.0,0.0,0.0,0.0,0.0
900104,H1_00010,success,1,0,0,1,31,6.2,4,10.862,14.722,5.862,0.4732,0.472,0.6574,0.7062,0.4732,0.472,0.2541,0,0,1,0,0,0.035625,0,0.0,1.0,1.0,0.0,0.0,V0,ramp,ramp,mainline,mainline,front,rear,front,rear,1.0,1.0,1.0,1.0,0.0,0.0,0.0,0.0
900104,H1_00011,success,1,0,0,1,34,6.8,4,5.9002,8.0711,0.9002,0.2355,0.2525,0.5467,0.7511,0.2355,0.2525,0.1428,1,3,1,1,3,0.181561,0,0.0,1.0,1.0,0.0,0.0,V1,ramp,ramp,mainline,mainline,front,rear,rear,front,1.0,1.0,1.0,1.0,0.0,0.0,0.0,0.0
900104,H1_00012,success,1,0,0,1,44,8.8,4,2.6572,5.2089,-2.3428,0.1769,0.4096,0.6018,0.8258,0.1769,0.4096,0.1211,1,2,1,1,1,0.068734,1,0.02702,0.998352,0.99341,0.001238,0.00659,V2,ramp,ramp,mainline,mainline,rear,front,rear,front,1.0,1.0,0.99341,1.0,0.0,0.0,0.108079,0.0
900104,H1_00013,success,1,0,0,1,31,6.2,4,12.7897,16.2573,7.7897,0.5588,0.5578,0.7155,0.7451,0.5588,0.5578,0.5546,0,0,1,0,0,0.031479,0,0.0,1.0,1.0,0.0,0.0,V0,ramp,ramp,mainline,mainline,front,rear,front,rear,1.0,1.0,1.0,1.0,0.0,0.0,0.0,0.0
900104,H1_00014,success,1,0,0,1,35,7.0,4,9.1321,13.8886,4.1321,0.6667,0.8597,0.6667,0.8597,1.0465,1.1039,0.8594,0,0,1,0,0,0.025721,0,0.0,1.0,1.0,0.0,0.0,V1,ramp,ramp,mainline,mainline,front,rear,rear,front,1.0,1.0,1.0,1.0,0.0,0.0,0.0,0.0
900104,H1_00015,success,1,0,0,1,32,6.4,4,14.063,15.2437,9.063,0.4911,0.4917,0.9514,0.9694,0.4911,0.4917,0.3203,0,0,1,0,0,0.034662,0,0.0,1.0,1.0,0.0,0.0,V0,ramp,ramp,mainline,mainline,rear,front,front,rear,1.0,1.0,1.0,1.0,0.0,0.0,0.0,0.0
900104,H1_00016,success,1,0,0,1,30,6.0,4,12.8079,16.5293,7.8079,0.6491,0.6484,0.6491,0.6484,0.6501,0.7414,0.6473,0,0,1,0,0,0.030186,0,0.0,1.0,1.0,0.0,0.0,V1,ramp,ramp,mainline,mainline,rear,front,rear,front,1.0,1.0,1.0,1.0,0.0,0.0,0.0,0.0
900104,H1_00017,success,1,0,0,1,42,8.4,4,4.1453,11.0721,-0.8547,0.3864,0.3867,0.3864,0.3867,0.4929,0.674,0.3757,0,0,1,0,0,0.026742,1,0.011804,0.999271,0.997085,0.000547,0.002915,V1,ramp,ramp,mainline,mainline,front,rear,front,rear,1.0,0.997085,1.0,1.0,0.0,0.047218,0.0,0.0
900104,H1_00018,success,1,0,0,1,33,6.6,4,13.6109,14.3483,8.6109,0.4602,0.4606,0.9694,0.9884,0.4602,0.4606,0.3052,0,0,1,0,0,0.033933,0,0.0,1.0,1.0,0.0,0.0,V1,ramp,ramp,mainline,mainline,front,rear,front,rear,1.0,1.0,1.0,1.0,0.0,0.0,0.0,0.0
900104,H1_00019,success,1,0,0,1,33,6.6,4,13.2087,14.7542,8.2087,0.4742,0.4744,0.9711,0.9933,0.4742,0.4744,0.2993,0,0,1,0,0,0.034689,0,0.0,1.0,1.0,0.0,0.0,V1,ramp,ramp,mainline,mainline,front,rear,front,rear,1.0,1.0,1.0,1.0,0.0,0.0,0.0,0.0
900104,H1_00020,success,1,0,0,1,33,6.6,4,13.0965,16.7638,8.0965,0.7306,0.7301,0.9188,0.9372,0.7306,0.7301,0.5577,0,0,1,0,0,0.032483,0,0.0,1.0,1.0,0.0,0.0,V1,ramp,ramp,mainline,mainline,front,rear,rear,front,1.0,1.0,1.0,1.0,0.0,0.0,0.0,0.0
900104,H1_00021,success,1,0,0,1,31,6.2,4,11.6763,12.3105,6.6763,0.4032,0.393,0.8293,0.8394,0.5558,0.5558,0.0322,1,2,1,0,0,0.039018,0,0.0,1.0,1.0,0.0,0.0,V1,ramp,ramp,mainline,mainline,rear,front,front,rear,1.0,1.0,1.0,1.0,0.0,0.0,0.0,0.0
900104,H1_00022,success,1,0,0,1,39,7.8,4,2.1607,9.0548,-2.8393,0.3881,0.529,0.6008,0.7743,0.3881,0.529,0.4732,0,0,1,0,0,0.023391,1,0.016385,0.998976,0.995904,0.000769,0.004096,V3,ramp,ramp,mainline,mainline,front,rear,front,rear,1.0,1.0,1.0,0.995904,0.0,0.0,0.0,0.06554
900104,H1_00023,success,1,0,0,1,39,7.8,4,2.4862,9.7841,-2.5138,0.415,0.5373,0.6098,0.7775,0.415,0.5373,0.5377,0,0,1,0,0,0.02279,1,0.010093,0.999353,0.997412,0.000486,0.002588,V3,ramp,ramp,mainline,mainline,rear,front,front,rear,1.0,1.0,1.0,0.997412,0.0,0.0,0.0,0.04037
900104,H1_00024,success,1,0,0,1,32,6.4,4,13.9879,14.778,8.9879,0.4751,0.4751,0.9475,0.9668,0.4751,0.4751,0.3219,0,0,1,0,0,0.033912,0,0.0,1.0,1.0,0.0,0.0,V1,ramp,ramp,mainline,mainline,front,rear,front,rear,1.0,1.0,1.0,1.0,0.0,0.0,0.0,0.0
900104,H1_00025,success,1,0,0,1,31,6.2,4,12.7493,14.9718,7.7493,0.4977,0.4855,0.8414,0.8534,0.5715,0.5715,0.0353,0,0,1,0,0,0.042726,0,0.0,1.0,1.0,0.0,0.0,V1,ramp,ramp,mainline,mainline,rear,front,front,rear,1.0,1.0,1.0,1.0,0.0,0.0,0.0,0.0
900104,H1_00026,success,1,0,0,1,32,6.4,4,11.5594,14.2165,6.5594,0.4724,0.4596,0.8505,0.8632,0.5719,0.5717,0.0089,0,0,1,0,0,0.040698,0,0.0,1.0,1.0,0.0,0.0,V1,ramp,ramp,mainline,mainline,rear,front,rear,front,1.0,1.0,1.0,1.0,0.0,0.0,0.0,0.0
900104,H1_00027,success,1,0,0,1,31,6.2,4,11.088,11.7534,6.088,0.3818,0.3736,0.8206,0.8284,0.5859,0.5857,0.009,1,5,1,0,0,0.040698,0,0.0,1.0,1.0,0.0,0.0,V0,ramp,ramp,mainline,mainline,front,rear,rear,front,1.0,1.0,1.0,1.0,0.0,0.0,0.0,0.0
900104,H1_00028,success,1,0,0,1,32,6.4,4,9.8999,14.4203,4.8999,0.5882,0.5501,0.6409,0.707,0.5882,0.7607,0.3077,0,0,1,0,0,0.026436,0,0.0,1.0,1.0,0.0,0.0,V0,ramp,ramp,mainline,mainline,front,rear,rear,front,1.0,1.0,1.0,1.0,0.0,0.0,0.0,0.0
900104,H1_00029,success,1,0,0,1,31,6.2,4,11.6796,15.6721,6.6796,0.6163,0.7072,0.7038,0.7077,0.6163,0.7072,0.7059,0,0,1,0,0,0.028669,0,0.0,1.0,1.0,0.0,0.0,V0,ramp,ramp,mainline,mainline,front,rear,rear,front,1.0,1.0,1.0,1.0,0.0,0.0,0.0,0.0
900104,H1_00030,success,1,0,0,1,38,7.6,4,2.1987,10.7035,-2.8013,0.5899,0.5997,0.7364,1.353,0.5899,0.6309,0.5249,0,0,1,0,0,0.020569,1,0.054719,0.996515,0.988311,0.00234,0.011689,V3,ramp,ramp,mainline,mainline,front,rear,front,rear,1.0,0.99775,1.0,0.988311,0.0,0.034195,0.0,0.184681
900104,H1_00031,success,1,0,0,1,30,6.0,4,13.4544,16.6698,8.4544,0.6506,0.7329,0.7223,0.7329,0.6506,0.7407,0.7306,0,0,1,0,0,0.032915,0,0.0,1.0,1.0,0.0,0.0,V0,ramp,ramp,mainline,mainline,front,rear,front,rear,1.0,1.0,1.0,1.0,0.0,0.0,0.0,0.0
900104,H1_00032,success,1,0,0,1,42,8.4,4,3.5324,8.4399,-1.4676,0.3146,0.4707,0.5294,0.7039,0.3146,0.4707,0.1892,0,0,1,0,0,0.018481,1,0.053653,0.996639,0.987732,0.002382,0.012268,V0,ramp,ramp,mainline,mainline,rear,front,front,rear,0.987732,1.0,1.0,0.998826,0.196294,0.0,0.0,0.018319
900104,H1_00033,success,1,0,0,1,30,6.0,4,9.1664,12.7987,4.1664,0.4247,0.4071,0.5778,0.5953,0.5226,0.5212,0.0771,0,0,1,0,0,0.035802,0,0.0,1.0,1.0,0.0,0.0,V1,ramp,ramp,mainline,mainline,rear,front,rear,front,1.0,1.0,1.0,1.0,0.0,0.0,0.0,0.0
900104,H1_00034,success,1,0,0,1,33,6.6,4,14.8739,18.1863,9.8739,0.7349,0.7166,0.9775,0.9958,0.8598,0.8592,0.4798,0,0,1,0,0,0.033793,0,0.0,1.0,1.0,0.0,0.0,V1,ramp,ramp,mainline,mainline,front,rear,front,rear,1.0,1.0,1.0,1.0,0.0,0.0,0.0,0.0
900104,H1_00035,success,1,0,0,1,39,7.8,4,4.9367,11.5942,-0.0633,0.4812,0.5793,0.5864,0.727,0.4812,0.5793,0.5785,0,0,1,0,0,0.026394,0,0.0,1.0,1.0,0.0,0.0,V0,ramp,ramp,mainline,mainline,rear,front,rear,front,1.0,1.0,1.0,1.0,0.0,0.0,0.0,0.0
900104,H1_00036,success,1,0,0,1,38,7.6,4,0.4147,10.3666,-4.5853,0.6537,0.7022,0.6597,1.0873,0.6537,0.7022,0.7013,0,0,1,0,0,0.019858,1,0.090513,0.994315,0.979509,0.004005,0.020491,V3,ramp,ramp,mainline,mainline,rear,front,front,rear,0.99775,1.0,1.0,0.979509,0.034195,0.0,0.0,0.327859
900104,H1_00037,success,1,0,0,1,38,7.6,4,6.8963,12.5556,1.8963,0.5453,0.6352,0.5743,0.7723,0.5453,0.6352,0.6341,0,0,1,0,0,0.025668,0,0.0,1.0,1.0,0.0,0.0,V1,ramp,ramp,mainline,mainline,front,rear,front,rear,1.0,1.0,1.0,1.0,0.0,0.0,0.0,0.0
900104,H1_00038,success,1,0,0,1,33,6.6,4,11.5927,15.0273,6.5927,0.4836,0.484,0.917,0.9401,0.4836,0.484,0.3151,0,0,1,0,0,0.034662,0,0.0,1.0,1.0,0.0,0.0,V1,ramp,ramp,mainline,mainline,front,rear,rear,front,1.0,1.0,1.0,1.0,0.0,0.0,0.0,0.0
900104,H1_00039,success,1,0,0,1,31,6.2,4,12.5498,13.147,7.5498,0.4426,0.422,0.8951,0.9154,0.5373,0.5374,0.0234,0,0,1,0,0,0.042394,0,0.0,1.0,1.0,0.0,0.0,V1,ramp,ramp,mainline,mainline,rear,front,rear,front,1.0,1.0,1.0,1.0,0.0,0.0,0.0,0.0
900104,H1_00040,success,1,0,0,1,31,6.2,4,8.6102,13.4468,3.6102,0.4931,0.4501,0.5967,0.6397,0.4985,0.497,0.1668,0,0,1,0,0,0.036536,0,0.0,1.0,1.0,0.0,0.0,V1,ramp,ramp,mainline,mainline,rear,front,front,rear,1.0,1.0,1.0,1.0,0.0,0.0,0.0,0.0
900104,H1_00041,success,1,0,0,1,38,7.6,4,4.211,11.3095,-0.789,0.4611,0.5541,0.5793,0.7851,0.4611,0.5541,0.5533,0,0,1,0,0,0.024224,0,0.0,1.0,1.0,0.0,0.0,V0,ramp,ramp,mainline,mainline,rear,front,rear,front,1.0,1.0,1.0,1.0,0.0,0.0,0.0,0.0
900104,H1_00042,success,1,0,0,1,39,7.8,4,0.0518,10.4857,-4.9482,0.649,0.7127,0.7039,1.073,0.649,0.7127,0.7125,0,0,1,0,0,0.016176,1,0.09132,0.994333,0.979762,0.003969,0.020238,V3,ramp,ramp,mainline,mainline,rear,front,front,rear,0.99757,1.0,1.0,0.979762,0.03742,0.0,0.0,0.327859
900104,H1_00043,success,1,0,0,1,38,7.6,4,2.1098,10.6498,-2.8902,0.5976,0.6675,0.7076,1.054,0.5976,0.6675,0.6673,0,0,1,0,0,0.019295,1,0.072773,0.995431,0.983944,0.003164,0.016056,V3,ramp,ramp,mainline,mainline,rear,front,front,rear,0.99778,1.0,1.0,0.983944,0.034195,0.0,0.0,0.256898
900104,H1_00044,success,1,0,0,1,32,6.4,4,14.7723,18.098,9.7723,0.7044,0.6853,0.9732,0.9924,0.8005,0.7999,0.4498,0,0,1,0,0,0.033784,0,0.0,1.0,1.0,0.0,0.0,V0,ramp,ramp,mainline,mainline,rear,front,rear,front,1.0,1.0,1.0,1.0,0.0,0.0,0.0,0.0
900104,H1_00045,success,1,0,0,1,31,6.2,4,11.3609,14.5215,6.3609,0.4662,0.4649,0.6626,0.6895,0.4662,0.4649,0.2284,0,0,1,0,0,0.035627,0,0.0,1.0,1.0,0.0,0.0,V1,ramp,ramp,mainline,mainline,rear,front,rear,front,1.0,1.0,1.0,1.0,0.0,0.0,0.0,0.0
900104,H1_00046,success,1,0,0,1,33,6.6,4,9.0422,13.706,4.0422,0.595,0.5986,0.595,0.8506,0.5979,0.5986,0.5976,0,0,1,0,0,0.023923,0,0.0,1.0,1.0,0.0,0.0,V0,ramp,ramp,mainline,mainline,front,rear,front,rear,1.0,1.0,1.0,1.0,0.0,0.0,0.0,0.0
900104,H1_00047,success,1,0,0,1,32,6.4,4,9.0331,13.8141,4.0331,0.5367,0.622,0.6393,0.7884,0.5367,0.7054,0.4717,0,0,1,0,0,0.015882,0,0.0,1.0,1.0,0.0,0.0,V0,ramp,ramp,mainline,mainline,front,rear,rear,front,1.0,1.0,1.0,1.0,0.0,0.0,0.0,0.0
900104,H1_00048,success,1,0,0,1,30,6.0,4,11.6988,15.6835,6.6988,0.6102,0.7021,0.7287,0.7315,0.6102,0.7021,0.7043,0,0,1,0,0,0.031923,0,0.0,1.0,1.0,0.0,0.0,V0,ramp,ramp,mainline,mainline,front,rear,front,rear,1.0,1.0,1.0,1.0,0.0,0.0,0.0,0.0
900104,H1_00049,success,1,0,0,1,39,7.8,4,2.5614,9.7966,-2.4386,0.4162,0.5402,0.6071,0.7768,0.4162,0.5402,0.5405,0,0,1,0,0,0.022776,1,0.010081,0.99937,0.99748,0.000473,0.00252,V2,ramp,ramp,mainline,mainline,front,rear,rear,front,1.0,1.0,0.99748,1.0,0.0,0.0,0.040324,0.0
900104,H1_00050,success,1,0,0,1,32,6.4,4,11.8219,15.7541,6.8219,0.5082,0.5094,0.9248,0.9477,0.5082,0.5094,0.2023,0,0,1,0,0,0.042309,0,0.0,1.0,1.0,0.0,0.0,V0,ramp,ramp,mainline,mainline,rear,front,rear,front,1.0,1.0,1.0,1.0,0.0,0.0,0.0,0.0
900104,H1_00051,success,1,0,0,1,36,7.2,4,5.334,11.574,0.334,0.3633,0.3613,0.652,0.9132,0.3633,0.3613,0.3557,0,0,1,0,0,0.031774,0,0.0,1.0,1.0,0.0,0.0,V0,ramp,ramp,mainline,mainline,rear,front,rear,front,1.0,1.0,1.0,1.0,0.0,0.0,0.0,0.0
900104,H1_00052,success,1,0,0,1,31,6.2,4,0.3651,8.2572,-4.6349,0.3435,0.3473,0.3435,0.3898,0.4948,0.4953,0.011,1,9,1,0,0,0.017904,1,0.010007,0.999237,0.997812,0.000465,0.002188,V1,ramp,ramp,mainline,mainline,rear,front,front,rear,1.0,0.997812,0.999135,1.0,0.0,0.02844,0.011587,0.0
900104,H1_00053,success,1,0,0,1,31,6.2,4,8.8203,13.6929,3.8203,0.4801,0.4794,0.6142,0.6654,0.4801,0.4794,0.2261,0,0,1,0,0,0.036885,0,0.0,1.0,1.0,0.0,0.0,V1,ramp,ramp,mainline,mainline,rear,front,front,rear,1.0,1.0,1.0,1.0,0.0,0.0,0.0,0.0
900104,H1_00054,success,1,0,0,1,30,6.0,4,12.4542,16.264,7.4542,0.6342,0.6667,0.6693,0.6667,0.6342,0.738,0.6602,0,0,1,0,0,0.037106,0,0.0,1.0,1.0,0.0,0.0,V1,ramp,ramp,mainline,mainline,rear,front,front,rear,1.0,1.0,1.0,1.0,0.0,0.0,0.0,0.0
900104,H1_00055,success,1,0,0,1,31,6.2,4,10.4265,11.14,5.4265,0.3708,0.3512,0.8589,0.878,0.5379,0.538,0.0178,1,5,1,0,0,0.03869,0,0.0,1.0,1.0,0.0,0.0,V0,ramp,ramp,mainline,mainline,front,rear,front,rear,1.0,1.0,1.0,1.0,0.0,0.0,0.0,0.0
900104,H1_00056,success,1,0,0,1,33,6.6,4,13.3585,14.3552,8.3585,0.4605,0.4604,0.9752,0.9982,0.4605,0.4604,0.325,0,0,1,0,0,0.032576,0,0.0,1.0,1.0,0.0,0.0,V1,ramp,ramp,mainline,mainline,front,rear,front,rear,1.0,1.0,1.0,1.0,0.0,0.0,0.0,0.0
900104,H1_00057,success,1,0,0,1,38,7.6,4,6.3843,12.2713,1.3843,0.5248,0.6301,0.5698,0.7689,0.5248,0.6301,0.6291,0,0,1,0,0,0.024933,0,0.0,1.0,1.0,0.0,0.0,V1,ramp,ramp,mainline,mainline,front,rear,front,rear,1.0,1.0,1.0,1.0,0.0,0.0,0.0,0.0
900104,H1_00058,success,1,0,0,1,36,7.2,4,4.031,7.6851,-0.969,0.2206,0.2326,0.6652,0.9162,0.2206,0.2326,0.2121,1,7,1,1,3,0.183981,0,0.0,1.0,1.0,0.0,0.0,V0,ramp,ramp,mainline,mainline,rear,front,front,rear,1.0,1.0,1.0,1.0,0.0,0.0,0.0,0.0
900104,H1_00059,success,1,0,0,1,31,6.2,4,12.6551,15.2243,7.6551,0.5062,0.4943,0.8385,0.8502,0.5442,0.5442,0.0439,0,0,1,0,0,0.042726,0,0.0,1.0,1.0,0.0,0.0,V0,ramp,ramp,mainline,mainline,front,rear,rear,front,1.0,1.0,1.0,1.0,0.0,0.0,0.0,0.0
900104,H1_00060,success,1,0,0,1,35,7.0,4,0.4997,6.5268,-4.5003,0.2154,0.3628,0.2154,0.3734,0.4771,0.4771,0.1685,1,10,1,1,2,0.121816,1,0.003798,0.999721,0.998883,0.00021,0.001117,V2,ramp,ramp,mainline,mainline,front,rear,front,rear,1.0,1.0,0.998883,1.0,0.0,0.0,0.015193,0.0
900104,H1_00061,success,1,0,0,1,37,7.4,4,0.8955,7.2558,-4.1045,0.2923,0.4855,0.2923,0.4855,0.5129,0.5239,0.4058,0,0,1,0,0,0.012218,1,0.060347,0.996072,0.985276,0.002834,0.014724,V2,ramp,ramp,mainline,mainline,rear,front,rear,front,0.999011,1.0,0.985276,1.0,0.014637,0.0,0.226749,0.0
900104,H1_00062,success,1,0,0,1,37,7.4,4,7.3031,12.7849,2.3031,0.5558,0.6573,0.5778,0.7752,0.5558,0.6573,0.6561,0,0,1,0,0,0.025355,0,0.0,1.0,1.0,0.0,0.0,V0,ramp,ramp,mainline,mainline,rear,front,rear,front,1.0,1.0,1.0,1.0,0.0,0.0,0.0,0.0
900104,H1_00063,success,1,0,0,1,31,6.2,4,12.0931,12.7068,7.0931,0.4184,0.4068,0.9136,0.9246,0.5924,0.5924,0.0148,1,4,1,0,0,0.042765,0,0.0,1.0,1.0,0.0,0.0,V1,ramp,ramp,mainline,mainline,rear,front,front,rear,1.0,1.0,1.0,1.0,0.0,0.0,0.0,0.0
900104,H1_00064,success,1,0,0,1,37,7.4,4,6.4533,12.2682,1.4533,0.508,0.6049,0.5658,0.7648,0.508,0.6049,0.604,0,0,1,0,0,0.025056,0,0.0,1.0,1.0,0.0,0.0,V1,ramp,ramp,mainline,mainline,front,rear,front,rear,1.0,1.0,1.0,1.0,0.0,0.0,0.0,0.0
900104,H1_00065,success,1,0,0,1,36,7.2,4,1.1684,8.461,-3.8316,0.3501,0.5522,0.3501,0.5653,0.5435,0.5522,0.5282,0,0,1,0,0,0.019282,1,0.046029,0.996964,0.988649,0.002184,0.011351,V1,ramp,ramp,mainline,mainline,front,rear,rear,front,1.0,0.988649,0.999206,1.0,0.0,0.172529,0.011587,0.0
900104,H1_00066,success,1,0,0,1,38,7.6,4,2.9384,10.8801,-2.0616,0.5761,0.5928,0.8182,1.4014,0.5761,0.5928,0.5916,0,0,1,0,0,0.015112,1,0.073196,0.995284,0.983631,0.00324,0.016369,V0,ramp,ramp,mainline,mainline,rear,front,rear,front,0.983631,1.0,0.997505,1.0,0.255362,0.0,0.03742,0.0
900104,H1_00067,success,1,0,0,1,31,6.2,4,10.7783,15.0293,5.7783,0.5769,0.5244,0.6662,0.7182,0.6058,0.7816,0.2658,0,0,1,0,0,0.026287,0,0.0,1.0,1.0,0.0,0.0,V0,ramp,ramp,mainline,mainline,front,rear,front,rear,1.0,1.0,1.0,1.0,0.0,0.0,0.0,0.0
900104,H1_00068,success,1,0,0,1,41,8.2,4,2.826,9.0462,-2.174,0.344,0.479,0.6365,0.8642,0.344,0.479,0.1547,0,0,1,0,0,0.021573,1,0.031646,0.998022,0.992088,0.001486,0.007912,V1,ramp,ramp,mainline,mainline,front,rear,rear,front,1.0,0.992088,1.0,1.0,0.0,0.126584,0.0,0.0
900104,H1_00069,success,1,0,0,1,31,6.2,4,11.8037,15.7555,6.8037,0.6189,0.7112,0.7208,0.7403,0.6189,0.7112,0.7134,0,0,1,0,0,0.032145,0,0.0,1.0,1.0,0.0,0.0,V0,ramp,ramp,mainline,mainline,front,rear,rear,front,1.0,1.0,1.0,1.0,0.0,0.0,0.0,0.0
900104,H1_00070,success,1,0,0,1,38,7.6,4,0.5092,10.1464,-4.4908,0.5644,0.6102,0.6148,0.9995,0.5644,0.6102,0.6098,0,0,1,0,0,0.019172,1,0.072615,0.995323,0.983573,0.003238,0.016427,V2,ramp,ramp,mainline,mainline,front,rear,rear,front,1.0,0.99772,0.983573,1.0,0.0,0.034195,0.256265,0.0
900104,H1_00071,success,1,0,0,1,31,6.2,4,10.4442,13.7279,5.4442,0.4586,0.4422,0.8108,0.8265,0.5538,0.554,0.016,0,0,1,0,0,0.04033,0,0.0,1.0,1.0,0.0,0.0,V1,ramp,ramp,mainline,mainline,rear,front,rear,front,1.0,1.0,1.0,1.0,0.0,0.0,0.0,0.0
900104,H1_00072,success,1,0,0,1,30,6.0,4,11.8057,15.7558,6.8057,0.6127,0.7059,0.7068,0.7062,0.6127,0.7059,0.7052,0,0,1,0,0,0.031259,0,0.0,1.0,1.0,0.0,0.0,V0,ramp,ramp,mainline,mainline,front,rear,rear,front,1.0,1.0,1.0,1.0,0.0,0.0,0.0,0.0
900104,H1_00073,success,1,0,0,1,39,7.8,4,5.0502,11.6464,0.0502,0.4869,0.5831,0.5824,0.7221,0.4869,0.5831,0.5823,0,0,1,0,0,0.026394,0,0.0,1.0,1.0,0.0,0.0,V0,ramp,ramp,mainline,mainline,rear,front,front,rear,1.0,1.0,1.0,1.0,0.0,0.0,0.0,0.0
900104,H1_00074,success,1,0,0,1,35,7.0,4,7.8775,9.7239,2.8775,0.2967,0.297,0.7271,0.9248,0.2967,0.297,0.2875,0,0,1,0,0,0.021822,0,0.0,1.0,1.0,0.0,0.0,V1,ramp,ramp,mainline,mainline,front,rear,rear,front,1.0,1.0,1.0,1.0,0.0,0.0,0.0,0.0
900104,H1_00075,success,1,0,0,1,31,6.2,4,10.6518,14.7504,5.6518,0.5032,0.4823,0.6389,0.6598,0.5195,0.5184,0.1633,0,0,1,0,0,0.036932,0,0.0,1.0,1.0,0.0,0.0,V1,ramp,ramp,mainline,mainline,rear,front,rear,front,1.0,1.0,1.0,1.0,0.0,0.0,0.0,0.0
900104,H1_00076,success,1,0,0,1,32,6.4,4,12.0722,12.8769,7.0722,0.4255,0.4126,0.8679,0.8799,0.5701,0.5703,0.0057,1,2,1,0,0,0.040698,0,0.0,1.0,1.0,0.0,0.0,V0,ramp,ramp,mainline,mainline,front,rear,rear,front,1.0,1.0,1.0,1.0,0.0,0.0,0.0,0.0
900104,H1_00077,success,1,0,0,1,33,6.6,4,0.0277,5.9536,-4.9723,0.1931,0.2269,0.1931,0.282,0.4783,0.4779,0.0165,1,28,1,1,1,0.083396,1,0.004031,0.999704,0.998814,0.000222,0.001186,V1,ramp,ramp,mainline,mainline,rear,front,front,rear,1.0,0.998814,1.0,1.0,0.0,0.016125,0.0,0.0
900104,H1_00078,success,1,0,0,1,31,6.2,4,10.1122,14.3575,5.1122,0.5052,0.5052,0.6411,0.6749,0.5052,0.5052,0.2119,0,0,1,0,0,0.026724,0,0.0,1.0,1.0,0.0,0.0,V0,ramp,ramp,mainline,mainline,front,rear,rear,front,1.0,1.0,1.0,1.0,0.0,0.0,0.0,0.0
900104,H1_00079,success,1,0,0,1,33,6.6,4,13.2007,16.8505,8.2007,0.732,0.7313,0.9233,0.9407,0.732,0.7313,0.549,0,0,1,0,0,0.032494,0,0.0,1.0,1.0,0.0,0.0,V1,ramp,ramp,mainline,mainline,front,rear,front,rear,1.0,1.0,1.0,1.0,0.0,0.0,0.0,0.0
900104,H1_00080,success,1,0,0,1,31,6.2,4,10.4771,14.7935,5.4771,0.4795,0.4793,0.6424,0.684,0.4795,0.4793,0.2288,0,0,1,0,0,0.035609,0,0.0,1.0,1.0,0.0,0.0,V0,ramp,ramp,mainline,mainline,front,rear,rear,front,1.0,1.0,1.0,1.0,0.0,0.0,0.0,0.0
900104,H1_00081,success,1,0,0,1,42,8.4,4,4.9925,10.467,-0.0075,0.3348,0.3343,0.3348,0.3343,0.4847,0.6657,0.3326,0,0,1,0,0,0.026775,1,0.011804,0.99928,0.997121,0.00054,0.002879,V2,ramp,ramp,mainline,mainline,front,rear,rear,front,1.0,1.0,0.997121,1.0,0.0,0.0,0.047218,0.0
900104,H1_00082,success,1,0,0,1,38,7.6,4,6.1295,11.7922,1.1295,0.497,0.5966,0.6,0.7436,0.497,0.5966,0.5963,0,0,1,0,0,0.026251,0,0.0,1.0,1.0,0.0,0.0,V1,ramp,ramp,mainline,mainline,front,rear,rear,front,1.0,1.0,1.0,1.0,0.0,0.0,0.0,0.0
900104,H1_00083,success,1,0,0,1,31,6.2,4,13.0144,16.4833,8.0144,0.6514,0.7316,0.7195,0.7329,0.6514,0.7316,0.7306,0,0,1,0,0,0.033626,0,0.0,1.0,1.0,0.0,0.0,V0,ramp,ramp,mainline,mainline,front,rear,front,rear,1.0,1.0,1.0,1.0,0.0,0.0,0.0,0.0
900104,H1_00084,success,1,0,0,1,38,7.6,4,2.8571,10.8595,-2.1429,0.6154,0.6418,0.8447,1.4223,0.6154,0.6418,0.5576,0,0,1,0,0,0.016314,1,0.073421,0.99527,0.983573,0.003251,0.016427,V1,ramp,ramp,mainline,mainline,front,rear,rear,front,1.0,0.983573,0.997505,1.0,0.0,0.256265,0.03742,0.0
900104,H1_00085,success,1,0,0,1,39,7.8,4,1.1952,10.5475,-3.8048,0.5948,0.6334,0.7356,1.3415,0.5948,0.6458,0.5647,0,0,1,0,0,0.016095,1,0.07358,0.99532,0.983741,0.003218,0.016259,V2,ramp,ramp,mainline,mainline,rear,front,rear,front,0.997538,1.0,0.983741,1.0,0.03742,0.0,0.256898,0.0
900104,H1_00086,success,1,0,0,1,32,6.4,4,9.3758,13.8546,4.3758,0.5439,0.5426,0.5959,0.745,0.5439,0.5426,0.5354,0,0,1,0,0,0.034949,0,0.0,1.0,1.0,0.0,0.0,V0,ramp,ramp,mainline,mainline,front,rear,front,rear,1.0,1.0,1.0,1.0,0.0,0.0,0.0,0.0
900104,H1_00087,success,1,0,0,1,34,6.8,4,13.2599,16.9107,8.2599,0.8785,0.865,0.9292,0.9422,1.0937,1.1439,0.7197,0,0,1,0,0,0.030738,0,0.0,1.0,1.0,0.0,0.0,V1,ramp,ramp,mainline,mainline,front,rear,rear,front,1.0,1.0,1.0,1.0,0.0,0.0,0.0,0.0
900104,H1_00088,success,1,0,0,1,32,6.4,4,13.64,15.3547,8.64,0.5159,0.497,0.9365,0.9547,0.5396,0.5405,0.0884,0,0,1,0,0,0.042406,0,0.0,1.0,1.0,0.0,0.0,V0,ramp,ramp,mainline,mainline,rear,front,front,rear,1.0,1.0,1.0,1.0,0.0,0.0,0.0,0.0
900104,H1_00089,success,1,0,0,1,36,7.2,4,0.2567,6.2834,-4.7433,0.2031,0.3606,0.2031,0.3606,0.4498,0.4495,0.1843,1,6,1,1,2,0.121816,1,0.003798,0.999725,0.998899,0.000206,0.001101,V2,ramp,ramp,mainline,mainline,front,rear,front,rear,1.0,1.0,0.998899,1.0,0.0,0.0,0.015193,0.0
900104,H1_00090,success,1,0,0,1,31,6.2,4,10.9493,12.5937,5.9493,0.4195,0.4029,0.8271,0.8435,0.5353,0.5352,0.0041,1,1,1,0,0,0.042404,0,0.0,1.0,1.0,0.0,0.0,V1,ramp,ramp,mainline,mainline,rear,front,front,rear,1.0,1.0,1.0,1.0,0.0,0.0,0.0,0.0
900104,H1_00091,success,1,0,0,1,37,7.4,4,5.7442,11.9558,0.7442,0.5057,0.6077,0.594,0.7973,0.5057,0.6077,0.6066,0,0,1,0,0,0.024604,0,0.0,1.0,1.0,0.0,0.0,V0,ramp,ramp,mainline,mainline,rear,front,rear,front,1.0,1.0,1.0,1.0,0.0,0.0,0.0,0.0
900104,H1_00092,success,1,0,0,1,37,7.4,4,1.4519,10.586,-3.5481,0.4999,0.5447,0.6042,0.8564,0.4999,0.5447,0.5427,0,0,1,0,0,0.022891,1,0.047066,0.996934,0.988725,0.002182,0.011275,V2,ramp,ramp,mainline,mainline,rear,front,rear,front,0.999011,1.0,0.988725,1.0,0.014637,0.0,0.173628,0.0
900104,H1_00093,success,1,0,0,1,31,6.2,4,9.388,14.0805,4.388,0.4949,0.491,0.6424,0.6735,0.4949,0.4946,0.1993,0,0,1,0,0,0.036257,0,0.0,1.0,1.0,0.0,0.0,V0,ramp,ramp,mainline,mainline,front,rear,front,rear,1.0,1.0,1.0,1.0,0.0,0.0,0.0,0.0
900104,H1_00094,success,1,0,0,1,44,8.8,4,2.5714,5.1685,-2.4286,0.1737,0.4069,0.6051,0.8273,0.1737,0.4069,0.1172,1,2,1,1,1,0.068734,1,0.02702,0.998372,0.993489,0.001223,0.006511,V3,ramp,ramp,mainline,mainline,front,rear,front,rear,1.0,1.0,1.0,0.993489,0.0,0.0,0.0,0.108079
900104,H1_00095,success,1,0,0,1,31,6.2,4,10.8682,15.1041,5.8682,0.6161,0.6978,0.7436,0.7569,0.6161,0.6978,0.6966,0,0,1,0,0,0.032403,0,0.0,1.0,1.0,0.0,0.0,V1,ramp,ramp,mainline,mainline,rear,front,rear,front,1.0,1.0,1.0,1.0,0.0,0.0,0.0,0.0
900104,H1_00096,success,1,0,0,1,30,6.0,4,9.5731,10.3404,4.5731,0.3352,0.3232,0.8651,0.8767,0.5732,0.573,0.0283,1,16,1,0,0,0.040698,0,0.0,1.0,1.0,0.0,0.0,V0,ramp,ramp,mainline,mainline,front,rear,front,rear,1.0,1.0,1.0,1.0,0.0,0.0,0.0,0.0
900104,H1_00097,success,1,0,0,1,39,7.8,4,5.64,11.8696,0.64,0.4915,0.584,0.5637,0.7157,0.4915,0.584,0.5832,0,0,1,0,0,0.024779,0,0.0,1.0,1.0,0.0,0.0,V1,ramp,ramp,mainline,mainline,front,rear,rear,front,1.0,1.0,1.0,1.0,0.0,0.0,0.0,0.0
900104,H1_00098,success,1,0,0,1,30,6.0,4,11.2022,11.8625,6.2022,0.383,0.3771,0.8135,0.8191,0.6031,0.6033,0.0043,1,6,1,0,0,0.038402,0,0.0,1.0,1.0,0.0,0.0,V1,ramp,ramp,mainline,mainline,rear,front,front,rear,1.0,1.0,1.0,1.0,0.0,0.0,0.0,0.0
900104,H1_00099,success,1,0,0,1,32,6.4,4,9.7948,14.3549,4.7948,0.4861,0.487,0.6421,0.7236,0.4861,0.487,0.3035,0,0,1,0,0,0.028255,0,0.0,1.0,1.0,0.0,0.0,V1,ramp,ramp,mainline,mainline,rear,front,rear,front,1.0,1.0,1.0,1.0,0.0,0.0,0.0,0.0
900104,H1_00100,success,1,0,0,1,32,6.4,4,14.363,17.7625,9.363,0.7117,0.6921,0.9591,0.9787,0.8626,0.862,0.4575,0,0,1,0,0,0.033784,0,0.0,1.0,1.0,0.0,0.0,V1,ramp,ramp,mainline,mainline,front,rear,rear,front,1.0,1.0,1.0,1.0,0.0,0.0,0.0,0.0
900104,H1_00101,success,1,0,0,1,39,7.8,4,5.2269,11.1634,0.2269,0.4682,0.5655,0.5878,0.736,0.4682,0.5655,0.5652,0,0,1,0,0,0.026063,0,0.0,1.0,1.0,0.0,0.0,V0,ramp,ramp,mainline,mainline,rear,front,rear,front,1.0,1.0,1.0,1.0,0.0,0.0,0.0,0.0
900104,H1_00102,success,1,0,0,1,38,7.6,4,0.6244,9.9374,-4.3756,0.5524,0.828,0.5524,0.828,1.1893,1.4409,0.8307,0,0,1,0,0,0.006985,1,0.209933,0.987219,0.952687,0.008752,0.046063,V2,ramp,ramp,mainline,mainline,rear,front,rear,front,0.998751,0.998748,0.952687,0.998692,0.018992,0.01678,0.785393,0.018569
900104,H1_00103,success,1,0,0,1,31,6.2,4,11.3205,15.4363,6.3205,0.6328,0.7131,0.7419,0.7547,0.6328,0.7131,0.7116,0,0,1,0,0,0.032403,0,0.0,1.0,1.0,0.0,0.0,V1,ramp,ramp,mainline,mainline,rear,front,front,rear,1.0,1.0,1.0,1.0,0.0,0.0,0.0,0.0
900104,H1_00104,success,1,0,0,1,31,6.2,4,12.5924,14.2107,7.5924,0.4677,0.459,0.8397,0.8477,0.558,0.5583,0.0057,1,1,1,0,0,0.042738,0,0.0,1.0,1.0,0.0,0.0,V0,ramp,ramp,mainline,mainline,front,rear,front,rear,1.0,1.0,1.0,1.0,0.0,0.0,0.0,0.0
900104,H1_00105,success,1,0,0,1,35,7.0,4,0.0115,6.8336,-4.9885,0.2393,0.3478,0.2393,0.3478,0.4573,0.4573,0.1783,1,3,1,1,2,0.117951,1,0.007776,0.999458,0.998851,0.000279,0.001149,V0,ramp,ramp,mainline,mainline,rear,front,front,rear,0.998851,1.0,0.99898,1.0,0.017239,0.0,0.013866,0.0
900104,H1_00106,success,1,0,0,1,39,7.8,4,0.0981,9.963,-4.9019,0.6248,0.6821,0.6248,1.0338,0.6274,0.6821,0.6816,0,0,1,0,0,0.019524,1,0.090513,0.99425,0.979249,0.004055,0.020751,V2,ramp,ramp,mainline,mainline,rear,front,rear,front,0.99775,1.0,0.979249,1.0,0.034195,0.0,0.327859,0.0
900104,H1_00107,success,1,0,0,1,38,7.6,4,6.4681,12.302,1.4681,0.5235,0.6129,0.5695,0.7683,0.5235,0.6129,0.6118,0,0,1,0,0,0.025093,0,0.0,1.0,1.0,0.0,0.0,V0,ramp,ramp,mainline,mainline,rear,front,front,rear,1.0,1.0,1.0,1.0,0.0,0.0,0.0,0.0
900104,H1_00108,success,1,0,0,1,31,6.2,4,9.4707,13.8813,4.4707,0.5141,0.4937,0.6118,0.6643,0.5141,0.5125,0.2248,0,0,1,0,0,0.036565,0,0.0,1.0,1.0,0.0,0.0,V1,ramp,ramp,mainline,mainline,rear,front,rear,front,1.0,1.0,1.0,1.0,0.0,0.0,0.0,0.0
900104,H1_00109,collision,0,1,0,1,50,10.0,4,0.6004,4.0448,-4.3996,0.0474,0.0267,0.5096,0.6962,0.0474,0.0267,0.0041,1,27,1,1,26,1.356306,1,0.284922,0.5,0.0,0.5,1.0,V0,ramp,ramp,mainline,mainline,rear,front,rear,front,0.0,1.0,0.0,1.0,0.57555,0.0,0.564136,0.0
900104,H1_00110,success,1,0,0,1,38,7.6,4,2.5311,10.7832,-2.4689,0.5677,0.6621,0.764,1.0479,0.5677,0.6621,0.6607,0,0,1,0,0,0.020925,1,0.054557,0.996481,0.988203,0.002363,0.011797,V0,ramp,ramp,mainline,mainline,rear,front,rear,front,0.988203,1.0,0.99772,1.0,0.184033,0.0,0.034195,0.0
900104,H1_00111,success,1,0,0,1,44,8.8,4,2.3361,5.0671,-2.6639,0.1651,0.3995,0.4783,0.6632,0.1651,0.3995,0.1067,1,2,1,1,1,0.068734,1,0.02702,0.998372,0.993489,0.001223,0.006511,V2,ramp,ramp,mainline,mainline,front,rear,rear,front,1.0,1.0,0.993489,1.0,0.0,0.0,0.108079,0.0
900104,H1_00112,success,1,0,0,1,31,6.2,4,11.0964,14.957,6.0964,0.5048,0.4883,0.6453,0.6614,0.5245,0.5234,0.1589,0,0,1,0,0,0.03572,0,0.0,1.0,1.0,0.0,0.0,V0,ramp,ramp,mainline,mainline,front,rear,rear,front,1.0,1.0,1.0,1.0,0.0,0.0,0.0,0.0
900104,H1_00113,success,1,0,0,1,31,6.2,4,11.4706,12.1162,6.4706,0.3969,0.386,0.8444,0.8549,0.584,0.5841,0.0286,1,4,1,0,0,0.040698,0,0.0,1.0,1.0,0.0,0.0,V1,ramp,ramp,mainline,mainline,rear,front,rear,front,1.0,1.0,1.0,1.0,0.0,0.0,0.0,0.0
900104,H1_00114,success,1,0,0,1,31,6.2,4,10.6122,14.9124,5.6122,0.5129,0.4885,0.6519,0.6759,0.5211,0.5206,0.1882,0,0,1,0,0,0.037086,0,0.0,1.0,1.0,0.0,0.0,V0,ramp,ramp,mainline,mainline,front,rear,rear,front,1.0,1.0,1.0,1.0,0.0,0.0,0.0,0.0
900104,H1_00115,success,1,0,0,1,32,6.4,4,11.8047,12.4334,6.8047,0.4105,0.3971,0.9097,0.9227,0.5744,0.5746,0.0193,1,3,1,0,0,0.04069,0,0.0,1.0,1.0,0.0,0.0,V0,ramp,ramp,mainline,mainline,front,rear,rear,front,1.0,1.0,1.0,1.0,0.0,0.0,0.0,0.0
900104,H1_00116,success,1,0,0,1,31,6.2,4,8.4979,13.3277,3.4979,0.5248,0.4769,0.5882,0.6361,0.5286,0.5268,0.2,0,0,1,0,0,0.036573,0,0.0,1.0,1.0,0.0,0.0,V1,ramp,ramp,mainline,mainline,rear,front,rear,front,1.0,1.0,1.0,1.0,0.0,0.0,0.0,0.0
900104,H1_00117,success,1,0,0,1,31,6.2,4,12.835,14.6952,7.835,0.4845,0.4758,0.8478,0.8558,0.5363,0.5365,0.0236,0,0,1,0,0,0.042738,0,0.0,1.0,1.0,0.0,0.0,V0,ramp,ramp,mainline,mainline,front,rear,front,rear,1.0,1.0,1.0,1.0,0.0,0.0,0.0,0.0
900104,H1_00118,success,1,0,0,1,38,7.6,4,4.2455,11.3201,-0.7545,0.4597,0.5554,0.5105,0.7188,0.4597,0.5554,0.5545,0,0,1,0,0,0.024084,0,0.0,1.0,1.0,0.0,0.0,V1,ramp,ramp,mainline,mainline,front,rear,rear,front,1.0,1.0,1.0,1.0,0.0,0.0,0.0,0.0
900104,H1_00119,success,1,0,0,1,31,6.2,4,11.9202,14.0314,6.9202,0.4695,0.4528,0.859,0.8751,0.5478,0.5481,0.0042,0,0,1,0,0,0.040342,0,0.0,1.0,1.0,0.0,0.0,V1,ramp,ramp,mainline,mainline,rear,front,rear,front,1.0,1.0,1.0,1.0,0.0,0.0,0.0,0.0
900104,H1_00120,success,1,0,0,1,39,7.8,4,6.4299,11.6279,1.4299,0.4863,0.5737,0.5973,0.7379,0.4863,0.5737,0.5734,0,0,1,0,0,0.027049,0,0.0,1.0,1.0,0.0,0.0,V0,ramp,ramp,mainline,mainline,rear,front,rear,front,1.0,1.0,1.0,1.0,0.0,0.0,0.0,0.0
900104,H1_00121,success,1,0,0,1,31,6.2,4,10.4021,11.1154,5.4021,0.3684,0.3507,0.8757,0.8935,0.5445,0.5444,0.0131,1,5,1,0,0,0.038696,0,0.0,1.0,1.0,0.0,0.0,V0,ramp,ramp,mainline,mainline,front,rear,front,rear,1.0,1.0,1.0,1.0,0.0,0.0,0.0,0.0
900104,H1_00122,success,1,0,0,1,31,6.2,4,11.296,11.9544,6.296,0.3971,0.3803,0.8583,0.8746,0.5243,0.5244,0.0261,1,1,1,0,0,0.040338,0,0.0,1.0,1.0,0.0,0.0,V1,ramp,ramp,mainline,mainline,rear,front,rear,front,1.0,1.0,1.0,1.0,0.0,0.0,0.0,0.0
900104,H1_00123,success,1,0,0,1,32,6.4,4,13.3263,16.9401,8.3263,0.7069,0.6879,0.9258,0.9448,0.9689,0.9683,0.4652,0,0,1,0,0,0.031413,0,0.0,1.0,1.0,0.0,0.0,V1,ramp,ramp,mainline,mainline,front,rear,front,rear,1.0,1.0,1.0,1.0,0.0,0.0,0.0,0.0
900104,H1_00124,success,1,0,0,1,34,6.8,4,8.63,13.5879,3.63,0.5327,0.53,0.6036,0.8832,0.5327,0.53,0.5242,0,0,1,0,0,0.030905,0,0.0,1.0,1.0,0.0,0.0,V1,ramp,ramp,mainline,mainline,rear,front,rear,front,1.0,1.0,1.0,1.0,0.0,0.0,0.0,0.0
900104,H1_00125,success,1,0,0,1,35,7.0,4,0.7991,6.7288,-4.2009,0.2312,0.3338,0.2312,0.3338,0.4503,0.4492,0.1358,1,4,1,1,2,0.117075,1,0.003798,0.999729,0.998915,0.000204,0.001085,V2,ramp,ramp,mainline,mainline,rear,front,front,rear,1.0,1.0,0.998915,1.0,0.0,0.0,0.015193,0.0
900104,H1_00126,success,1,0,0,1,31,6.2,4,10.9132,13.7973,5.9132,0.4408,0.4404,0.6367,0.6484,0.4408,0.4404,0.1527,0,0,1,0,0,0.030348,0,0.0,1.0,1.0,0.0,0.0,V0,ramp,ramp,mainline,mainline,front,rear,front,rear,1.0,1.0,1.0,1.0,0.0,0.0,0.0,0.0
900104,H1_00127,success,1,0,0,1,32,6.4,4,13.5279,15.3446,8.5279,0.5121,0.4969,0.9368,0.9513,0.5141,0.5151,0.1429,0,0,1,0,0,0.042373,0,0.0,1.0,1.0,0.0,0.0,V0,ramp,ramp,mainline,mainline,rear,front,rear,front,1.0,1.0,1.0,1.0,0.0,0.0,0.0,0.0
900104,H1_00128,success,1,0,0,1,31,6.2,4,11.4341,15.5098,6.4341,0.6129,0.7074,0.7047,0.7074,0.6129,0.7123,0.7076,0,0,1,0,0,0.02763,0,0.0,1.0,1.0,0.0,0.0,V1,ramp,ramp,mainline,mainline,rear,front,front,rear,1.0,1.0,1.0,1.0,0.0,0.0,0.0,0.0
900104,H1_00129,success,1,0,0,1,39,7.8,4,0.085,10.4094,-4.915,0.5741,0.6396,0.6633,1.0645,0.5741,0.6396,0.639,0,0,1,0,0,0.019604,1,0.070966,0.995487,0.984198,0.003118,0.015802,V3,ramp,ramp,mainline,mainline,rear,front,front,rear,0.99775,1.0,1.0,0.984198,0.034195,0.0,0.0,0.24967
900104,H1_00130,success,1,0,0,1,46,9.2,4,1.8098,10.6169,-3.1902,0.6294,0.7244,0.6294,0.7244,0.6516,0.842,0.7238,0,0,1,0,0,0.015427,1,0.424132,0.975419,0.926717,0.01519,0.072114,V2,ramp,ramp,mainline,mainline,front,rear,rear,front,0.998831,0.977705,0.926717,0.998422,0.015193,0.370095,1.289774,0.021465
900104,H1_00131,success,1,0,0,1,35,7.0,4,1.3922,8.1064,-3.6078,0.3096,0.4205,0.3096,0.4217,0.4206,0.4205,0.1757,1,1,1,1,1,0.061891,0,0.0,1.0,1.0,0.0,0.0,V1,ramp,ramp,mainline,mainline,front,rear,front,rear,1.0,1.0,1.0,1.0,0.0,0.0,0.0,0.0
900104,H1_00132,success,1,0,0,1,36,7.2,4,2.2027,10.2907,-2.7973,0.5478,0.588,0.5674,0.823,0.5478,0.588,0.5855,0,0,1,0,0,0.023742,1,0.046029,0.997003,0.988797,0.002156,0.011203,V3,ramp,ramp,mainline,mainline,front,rear,front,rear,1.0,0.999217,1.0,0.988797,0.0,0.011587,0.0,0.172529
900104,H1_00133,success,1,0,0,1,31,6.2,4,11.7834,15.7766,6.7834,0.6385,0.715,0.71,0.715,0.6385,0.7204,0.7135,0,0,1,0,0,0.033123,0,0.0,1.0,1.0,0.0,0.0,V1,ramp,ramp,mainline,mainline,rear,front,front,rear,1.0,1.0,1.0,1.0,0.0,0.0,0.0,0.0
900104,H1_00134,success,1,0,0,1,37,7.4,4,4.9184,11.5571,-0.0816,0.3768,0.3746,0.7291,1.1214,0.3768,0.3746,0.3694,0,0,1,0,0,0.031508,0,0.0,1.0,1.0,0.0,0.0,V0,ramp,ramp,mainline,mainline,rear,front,front,rear,1.0,1.0,1.0,1.0,0.0,0.0,0.0,0.0
900104,H1_00135,success,1,0,0,1,38,7.6,4,5.5717,11.8552,0.5717,0.4935,0.5821,0.5849,0.789,0.4935,0.5821,0.5809,0,0,1,0,0,0.024664,0,0.0,1.0,1.0,0.0,0.0,V0,ramp,ramp,mainline,mainline,rear,front,rear,front,1.0,1.0,1.0,1.0,0.0,0.0,0.0,0.0
900104,H1_00136,success,1,0,0,1,32,6.4,4,13.8778,15.7277,8.8778,0.5076,0.5072,0.9224,0.9409,0.5076,0.5072,0.2028,0,0,1,0,0,0.036091,0,0.0,1.0,1.0,0.0,0.0,V0,ramp,ramp,mainline,mainline,front,rear,rear,front,1.0,1.0,1.0,1.0,0.0,0.0,0.0,0.0
900104,H1_00137,success,1,0,0,1,32,6.4,4,12.5933,15.1523,7.5933,0.498,0.4917,0.8417,0.8476,0.5658,0.5658,0.0313,0,0,1,0,0,0.040698,0,0.0,1.0,1.0,0.0,0.0,V0,ramp,ramp,mainline,mainline,front,rear,front,rear,1.0,1.0,1.0,1.0,0.0,0.0,0.0,0.0
900104,H1_00138,success,1,0,0,1,31,6.2,4,14.1565,14.6869,9.1565,0.4813,0.4756,0.8538,0.859,0.5812,0.5812,0.012,0,0,1,0,0,0.040698,0,0.0,1.0,1.0,0.0,0.0,V0,ramp,ramp,mainline,mainline,front,rear,front,rear,1.0,1.0,1.0,1.0,0.0,0.0,0.0,0.0
900104,H1_00139,success,1,0,0,1,39,7.8,4,0.4119,10.5013,-4.5881,0.5653,0.6248,0.6737,1.0891,0.5653,0.6248,0.6245,0,0,1,0,0,0.015736,1,0.073421,0.995388,0.983983,0.00317,0.016017,V2,ramp,ramp,mainline,mainline,rear,front,rear,front,0.99757,1.0,0.983983,1.0,0.03742,0.0,0.256265,0.0
900104,H1_00140,success,1,0,0,1,37,7.4,4,0.2031,10.4381,-4.7969,0.5787,0.6366,0.5787,0.8466,0.586,0.6366,0.6349,0,0,1,0,0,0.018704,1,0.066029,0.995738,0.985261,0.00292,0.014739,V0,ramp,ramp,mainline,mainline,rear,front,front,rear,0.985261,1.0,1.0,0.99769,0.229923,0.0,0.0,0.034195
900104,H1_00141,success,1,0,0,1,33,6.6,4,15.5042,16.2063,10.5042,0.5242,0.5248,1.0217,1.0376,0.5242,0.5248,0.3518,0,0,1,0,0,0.034689,0,0.0,1.0,1.0,0.0,0.0,V0,ramp,ramp,mainline,mainline,rear,front,rear,front,1.0,1.0,1.0,1.0,0.0,0.0,0.0,0.0
900104,H1_00142,success,1,0,0,1,41,8.2,4,4.461,10.2308,-0.539,0.3539,0.3531,0.3539,0.3531,0.4739,0.6618,0.3506,0,0,1,0,0,0.026143,1,0.011804,0.999271,0.997085,0.000547,0.002915,V2,ramp,ramp,mainline,mainline,rear,front,rear,front,1.0,1.0,0.997085,1.0,0.0,0.0,0.047218,0.0
900104,H1_00143,success,1,0,0,1,37,7.4,4,10.3368,14.6956,5.3368,0.8204,0.9123,0.9746,1.3882,0.8204,0.9123,0.9285,0,0,1,0,0,0.019692,1,0.125667,0.991864,0.97482,0.005181,0.02518,V3,ramp,ramp,mainline,mainline,rear,front,front,rear,0.999662,0.992975,1.0,0.97482,0.005075,0.099757,0.0,0.397836
900104,H1_00144,success,1,0,0,1,38,7.6,4,6.0564,11.6326,1.0564,0.4898,0.5741,0.6053,0.7565,0.4898,0.5741,0.5741,0,0,1,0,0,0.024432,0,0.0,1.0,1.0,0.0,0.0,V0,ramp,ramp,mainline,mainline,rear,front,rear,front,1.0,1.0,1.0,1.0,0.0,0.0,0.0,0.0
900104,H1_00145,success,1,0,0,1,33,6.6,4,13.9897,17.4889,8.9897,0.6959,0.6745,0.998,1.0195,0.9445,0.9436,0.4424,0,0,1,0,0,0.033734,0,0.0,1.0,1.0,0.0,0.0,V1,ramp,ramp,mainline,mainline,front,rear,front,rear,1.0,1.0,1.0,1.0,0.0,0.0,0.0,0.0
900104,H1_00146,success,1,0,0,1,33,6.6,4,0.1464,6.0834,-4.8536,0.2081,0.2802,0.2081,0.3126,0.4622,0.4626,0.0042,1,18,1,0,0,0.01947,1,0.003798,0.999717,0.998866,0.000213,0.001134,V1,ramp,ramp,mainline,mainline,rear,front,front,rear,1.0,0.998866,1.0,1.0,0.0,0.015193,0.0,0.0
900104,H1_00147,success,1,0,0,1,38,7.6,4,0.8813,10.5261,-4.1187,0.6372,0.5356,0.6896,1.2858,0.6372,0.6756,0.4529,0,0,1,0,0,0.019912,1,0.07081,0.995547,0.984396,0.003078,0.015604,V3,ramp,ramp,mainline,mainline,front,rear,front,rear,1.0,0.997792,1.0,0.984396,0.0,0.033568,0.0,0.24967
900104,H1_00148,success,1,0,0,1,38,7.6,4,5.1985,10.9318,0.1985,0.4567,0.5456,0.5552,0.7661,0.4567,0.5456,0.5459,0,0,1,0,0,0.022601,0,0.0,1.0,1.0,0.0,0.0,V1,ramp,ramp,mainline,mainline,front,rear,rear,front,1.0,1.0,1.0,1.0,0.0,0.0,0.0,0.0
900104,H1_00149,success,1,0,0,1,32,6.4,4,14.9502,16.1593,9.9502,0.5225,0.5223,0.9148,0.9261,0.5225,0.5223,0.223,0,0,1,0,0,0.036453,0,0.0,1.0,1.0,0.0,0.0,V0,ramp,ramp,mainline,mainline,front,rear,front,rear,1.0,1.0,1.0,1.0,0.0,0.0,0.0,0.0
900104,H1_00150,success,1,0,0,1,33,6.6,4,13.4148,14.1398,8.4148,0.4531,0.4533,0.9394,0.9555,0.4531,0.4533,0.3192,0,0,1,0,0,0.032576,0,0.0,1.0,1.0,0.0,0.0,V0,ramp,ramp,mainline,mainline,rear,front,front,rear,1.0,1.0,1.0,1.0,0.0,0.0,0.0,0.0
900104,H1_00151,success,1,0,0,1,35,7.0,4,1.1565,7.9575,-3.8435,0.3013,0.3877,0.3013,0.4792,0.4176,0.4179,0.2041,1,1,1,1,1,0.068696,0,0.0,1.0,1.0,0.0,0.0,V0,ramp,ramp,mainline,mainline,rear,front,rear,front,1.0,1.0,1.0,1.0,0.0,0.0,0.0,0.0
900104,H1_00152,success,1,0,0,1,31,6.2,4,11.8043,15.7581,6.8043,0.6193,0.7113,0.715,0.7355,0.6193,0.7113,0.7134,0,0,1,0,0,0.032145,0,0.0,1.0,1.0,0.0,0.0,V1,ramp,ramp,mainline,mainline,rear,front,rear,front,1.0,1.0,1.0,1.0,0.0,0.0,0.0,0.0
900104,H1_00153,success,1,0,0,1,31,6.2,4,14.1151,14.6482,9.1151,0.4791,0.4744,0.8511,0.8554,0.5531,0.5529,0.0071,0,0,1,0,0,0.04096,0,0.0,1.0,1.0,0.0,0.0,V1,ramp,ramp,mainline,mainline,rear,front,front,rear,1.0,1.0,1.0,1.0,0.0,0.0,0.0,0.0
900104,H1_00154,success,1,0,0,1,41,8.2,4,4.4684,11.1707,-0.5316,0.3489,0.3492,0.3489,0.3492,0.5026,0.6857,0.3369,0,0,1,0,0,0.026775,1,0.011565,0.999295,0.997179,0.000529,0.002821,V1,ramp,ramp,mainline,mainline,front,rear,rear,front,1.0,0.997179,1.0,1.0,0.0,0.046261,0.0,0.0
900104,H1_00155,success,1,0,0,1,30,6.0,4,9.7979,14.322,4.7979,0.4958,0.4673,0.6258,0.654,0.5004,0.5002,0.173,0,0,1,0,0,0.036819,0,0.0,1.0,1.0,0.0,0.0,V0,ramp,ramp,mainline,mainline,front,rear,rear,front,1.0,1.0,1.0,1.0,0.0,0.0,0.0,0.0
900104,H1_00156,success,1,0,0,1,31,6.2,4,8.9412,13.7806,3.9412,0.4879,0.4788,0.616,0.6495,0.4879,0.4873,0.1925,0,0,1,0,0,0.036739,0,0.0,1.0,1.0,0.0,0.0,V1,ramp,ramp,mainline,mainline,rear,front,front,rear,1.0,1.0,1.0,1.0,0.0,0.0,0.0,0.0
900104,H1_00157,success,1,0,0,1,37,7.4,4,1.8498,10.5924,-3.1502,0.6328,0.5379,0.6965,1.2887,0.6328,0.6699,0.452,0,0,1,0,0,0.019412,1,0.072773,0.995365,0.983741,0.003206,0.016259,V2,ramp,ramp,mainline,mainline,rear,front,rear,front,0.99772,1.0,0.983741,1.0,0.034195,0.0,0.256898,0.0
900104,H1_00158,success,1,0,0,1,37,7.4,4,2.2242,10.6598,-2.7758,0.637,0.5636,0.7118,1.3134,0.637,0.6738,0.4811,0,0,1,0,0,0.019674,1,0.072773,0.995424,0.983944,0.003166,0.016056,V2,ramp,ramp,mainline,mainline,rear,front,rear,front,0.99775,1.0,0.983944,1.0,0.034195,0.0,0.256898,0.0
900104,H1_00159,success,1,0,0,1,30,6.0,4,10.1653,13.9995,5.1653,0.456,0.4489,0.5975,0.604,0.5223,0.5211,0.0916,0,0,1,0,0,0.035898,0,0.0,1.0,1.0,0.0,0.0,V0,ramp,ramp,mainline,mainline,front,rear,front,rear,1.0,1.0,1.0,1.0,0.0,0.0,0.0,0.0
900104,H1_00160,success,1,0,0,1,38,7.6,4,1.8814,10.6628,-3.1186,0.6253,0.7458,0.7606,1.0563,0.6253,0.7458,0.7526,0,0,1,0,0,0.012707,1,0.073421,0.99538,0.983983,0.003172,0.016017,V1,ramp,ramp,mainline,mainline,front,rear,front,rear,1.0,0.983983,1.0,0.997538,0.0,0.256265,0.0,0.03742
900104,H1_00161,success,1,0,0,1,40,8.0,4,2.0827,9.1197,-2.9173,0.3388,0.4687,0.5823,0.7563,0.3388,0.4687,0.3667,0,0,1,0,0,0.021456,1,0.023465,0.998496,0.993983,0.00113,0.006017,V0,ramp,ramp,mainline,mainline,rear,front,rear,front,0.993983,1.0,1.0,1.0,0.093861,0.0,0.0,0.0
900104,H1_00162,success,1,0,0,1,31,6.2,4,10.0163,14.5079,5.0163,0.5142,0.5042,0.6569,0.7009,0.5142,0.514,0.2343,0,0,1,0,0,0.037084,0,0.0,1.0,1.0,0.0,0.0,V1,ramp,ramp,mainline,mainline,rear,front,front,rear,1.0,1.0,1.0,1.0,0.0,0.0,0.0,0.0
900104,H1_00163,success,1,0,0,1,31,6.2,4,10.5045,14.8149,5.5045,0.4761,0.4769,0.652,0.7047,0.4761,0.4769,0.2712,0,0,1,0,0,0.027408,0,0.0,1.0,1.0,0.0,0.0,V1,ramp,ramp,mainline,mainline,rear,front,front,rear,1.0,1.0,1.0,1.0,0.0,0.0,0.0,0.0
900104,H1_00164,success,1,0,0,1,33,6.6,4,13.3512,16.982,8.3512,0.7129,0.6914,0.9766,0.9982,0.738,0.7376,0.4438,0,0,1,0,0,0.032494,0,0.0,1.0,1.0,0.0,0.0,V0,ramp,ramp,mainline,mainline,rear,front,rear,front,1.0,1.0,1.0,1.0,0.0,0.0,0.0,0.0
900104,H1_00165,success,1,0,0,1,43,8.6,4,2.5764,5.615,-2.4236,0.1799,0.3384,0.6011,0.8275,0.1799,0.3384,0.1231,1,1,1,0,0,0.018726,1,0.031696,0.998067,0.992269,0.001452,0.007731,V1,ramp,ramp,mainline,mainline,front,rear,rear,front,1.0,0.992269,1.0,1.0,0.0,0.126782,0.0,0.0
900104,H1_00166,success,1,0,0,1,33,6.6,4,6.413,8.5344,1.413,0.253,0.2871,0.4735,0.6735,0.253,0.2871,0.2449,1,10,1,1,5,0.269296,0,0.0,1.0,1.0,0.0,0.0,V0,ramp,ramp,mainline,mainline,rear,front,rear,front,1.0,1.0,1.0,1.0,0.0,0.0,0.0,0.0
900104,H1_00167,success,1,0,0,1,31,6.2,4,9.2966,14.0067,4.2966,0.4761,0.4754,0.6343,0.6702,0.4761,0.4754,0.2047,0,0,1,0,0,0.036276,0,0.0,1.0,1.0,0.0,0.0,V0,ramp,ramp,mainline,mainline,front,rear,front,rear,1.0,1.0,1.0,1.0,0.0,0.0,0.0,0.0
900104,H1_00168,success,1,0,0,1,36,7.2,4,5.7934,11.4176,0.7934,0.3577,0.3572,0.6472,0.8965,0.3577,0.3572,0.3482,0,0,1,0,0,0.032144,0,0.0,1.0,1.0,0.0,0.0,V1,ramp,ramp,mainline,mainline,front,rear,rear,front,1.0,1.0,1.0,1.0,0.0,0.0,0.0,0.0
900104,H1_00169,success,1,0,0,1,32,6.4,4,14.9279,18.2215,9.9279,0.7125,0.693,0.9778,0.9975,0.736,0.7356,0.4425,0,0,1,0,0,0.032494,0,0.0,1.0,1.0,0.0,0.0,V0,ramp,ramp,mainline,mainline,rear,front,front,rear,1.0,1.0,1.0,1.0,0.0,0.0,0.0,0.0
900104,H1_00170,success,1,0,0,1,38,7.6,4,1.6317,10.6088,-3.3683,0.5833,0.5704,0.715,1.3224,0.5833,0.6247,0.4922,0,0,1,0,0,0.020356,1,0.054719,0.99647,0.988161,0.002371,0.011839,V2,ramp,ramp,mainline,mainline,front,rear,rear,front,1.0,0.99772,0.988161,1.0,0.0,0.034195,0.184681,0.0
900104,H1_00171,success,1,0,0,1,33,6.6,4,13.2799,16.9242,8.2799,0.7085,0.6864,0.9734,0.9957,0.7389,0.7387,0.4399,0,0,1,0,0,0.032494,0,0.0,1.0,1.0,0.0,0.0,V0,ramp,ramp,mainline,mainline,rear,front,rear,front,1.0,1.0,1.0,1.0,0.0,0.0,0.0,0.0
900104,H1_00172,success,1,0,0,1,37,7.4,4,0.5906,10.4699,-4.4094,0.5796,0.6338,0.6293,0.943,0.5796,0.6338,0.6148,0,0,1,0,0,0.018459,1,0.072389,0.995338,0.983631,0.003227,0.016369,V1,ramp,ramp,mainline,mainline,front,rear,front,rear,1.0,0.983631,1.0,0.99772,0.0,0.255362,0.0,0.034195
900104,H1_00173,success,1,0,0,1,31,6.2,4,11.1341,15.2571,6.1341,0.5961,0.6889,0.7269,0.7463,0.5961,0.6889,0.6911,0,0,1,0,0,0.032145,0,0.0,1.0,1.0,0.0,0.0,V1,ramp,ramp,mainline,mainline,rear,front,rear,front,1.0,1.0,1.0,1.0,0.0,0.0,0.0,0.0
900104,H1_00174,success,1,0,0,1,31,6.2,4,10.9936,14.9689,5.9936,0.4989,0.4977,0.6574,0.6907,0.4989,0.4977,0.205,0,0,1,0,0,0.033873,0,0.0,1.0,1.0,0.0,0.0,V1,ramp,ramp,mainline,mainline,rear,front,rear,front,1.0,1.0,1.0,1.0,0.0,0.0,0.0,0.0
900104,H1_00175,success,1,0,0,1,31,6.2,4,10.3361,13.9399,5.3361,0.4457,0.4455,0.6544,0.7025,0.4457,0.4455,0.2742,0,0,1,0,0,0.030582,0,0.0,1.0,1.0,0.0,0.0,V1,ramp,ramp,mainline,mainline,rear,front,front,rear,1.0,1.0,1.0,1.0,0.0,0.0,0.0,0.0
900104,H1_00176,success,1,0,0,1,33,6.6,4,14.9903,18.2756,9.9903,0.6219,0.6223,0.9383,0.9497,0.6219,0.6223,0.6091,0,0,1,0,0,0.037582,0,0.0,1.0,1.0,0.0,0.0,V1,ramp,ramp,mainline,mainline,front,rear,front,rear,1.0,1.0,1.0,1.0,0.0,0.0,0.0,0.0
900104,H1_00177,success,1,0,0,1,35,7.0,4,5.1761,8.1413,0.1761,0.2382,0.2553,0.5573,0.7671,0.2382,0.2553,0.221,1,3,1,1,3,0.181561,0,0.0,1.0,1.0,0.0,0.0,V1,ramp,ramp,mainline,mainline,front,rear,front,rear,1.0,1.0,1.0,1.0,0.0,0.0,0.0,0.0
900104,H1_00178,success,1,0,0,1,30,6.0,4,11.366,14.6965,6.366,0.472,0.4708,0.6297,0.6332,0.472,0.4708,0.1105,0,0,1,0,0,0.033126,0,0.0,1.0,1.0,0.0,0.0,V0,ramp,ramp,mainline,mainline,front,rear,front,rear,1.0,1.0,1.0,1.0,0.0,0.0,0.0,0.0
900104,H1_00179,success,1,0,0,1,37,7.4,4,1.5923,10.6073,-3.4077,0.5999,0.6383,0.6841,1.0331,0.5999,0.6383,0.593,0,0,1,0,0,0.019704,1,0.070805,0.99549,0.984239,0.003112,0.015761,V0,ramp,ramp,mainline,mainline,rear,front,front,rear,0.984239,1.0,1.0,0.99772,0.249024,0.0,0.0,0.034195
900104,H1_00180,success,1,0,0,1,39,7.8,4,0.9729,10.5017,-4.0271,0.5559,0.6977,0.7051,1.0655,0.5559,0.6977,0.496,0,0,1,0,0,0.012989,1,0.080933,0.994951,0.984082,0.003268,0.015918,V3,ramp,ramp,mainline,mainline,rear,front,front,rear,0.995724,1.0,1.0,0.984082,0.065857,0.0,0.0,0.257876
900104,H1_00181,success,1,0,0,1,31,6.2,4,11.5709,12.2103,6.5709,0.399,0.3896,0.8213,0.8305,0.5601,0.56,0.0287,1,3,1,0,0,0.040698,0,0.0,1.0,1.0,0.0,0.0,V1,ramp,ramp,mainline,mainline,rear,front,front,rear,1.0,1.0,1.0,1.0,0.0,0.0,0.0,0.0
900104,H1_00182,success,1,0,0,1,32,6.4,4,13.5187,17.0946,8.5187,0.6939,0.6752,0.9327,0.9512,0.9424,0.942,0.4519,0,0,1,0,0,0.034472,0,0.0,1.0,1.0,0.0,0.0,V0,ramp,ramp,mainline,mainline,rear,front,front,rear,1.0,1.0,1.0,1.0,0.0,0.0,0.0,0.0
900104,H1_00183,success,1,0,0,1,32,6.4,4,12.707,14.8595,7.707,0.4881,0.4815,0.8453,0.8514,0.5782,0.5783,0.0214,0,0,1,0,0,0.042765,0,0.0,1.0,1.0,0.0,0.0,V1,ramp,ramp,mainline,mainline,rear,front,rear,front,1.0,1.0,1.0,1.0,0.0,0.0,0.0,0.0
900104,H1_00184,success,1,0,0,1,30,6.0,4,9.808,14.0388,4.808,0.483,0.4645,0.6078,0.6258,0.5216,0.5202,0.1373,0,0,1,0,0,0.034742,0,0.0,1.0,1.0,0.0,0.0,V1,ramp,ramp,mainline,mainline,rear,front,rear,front,1.0,1.0,1.0,1.0,0.0,0.0,0.0,0.0
900104,H1_00185,success,1,0,0,1,30,6.0,4,12.3513,16.1696,7.3513,0.631,0.7099,0.7102,0.7099,0.631,0.7241,0.7088,0,0,1,0,0,0.031259,0,0.0,1.0,1.0,0.0,0.0,V1,ramp,ramp,mainline,mainline,rear,front,front,rear,1.0,1.0,1.0,1.0,0.0,0.0,0.0,0.0
900104,H1_00186,success,1,0,0,1,31,6.2,4,13.8621,14.4186,8.8621,0.4838,0.4647,0.9526,0.9711,0.5412,0.5424,0.0544,0,0,1,0,0,0.042373,0,0.0,1.0,1.0,0.0,0.0,V1,ramp,ramp,mainline,mainline,front,rear,rear,front,1.0,1.0,1.0,1.0,0.0,0.0,0.0,0.0
900104,H1_00187,success,1,0,0,1,38,7.6,4,4.9043,11.5697,-0.0957,0.4751,0.5786,0.5893,0.7937,0.4751,0.5786,0.5775,0,0,1,0,0,0.024305,0,0.0,1.0,1.0,0.0,0.0,V0,ramp,ramp,mainline,mainline,rear,front,rear,front,1.0,1.0,1.0,1.0,0.0,0.0,0.0,0.0
900104,H1_00188,success,1,0,0,1,34,6.8,4,8.899,13.6095,3.899,0.4988,0.4995,0.5992,0.8969,0.4988,0.4995,0.4998,0,0,1,0,0,0.023938,0,0.0,1.0,1.0,0.0,0.0,V0,ramp,ramp,mainline,mainline,front,rear,rear,front,1.0,1.0,1.0,1.0,0.0,0.0,0.0,0.0
900104,H1_00189,success,1,0,0,1,31,6.2,4,10.7432,14.9885,5.7432,0.503,0.5024,0.654,0.6945,0.503,0.5024,0.2558,0,0,1,0,0,0.035939,0,0.0,1.0,1.0,0.0,0.0,V1,ramp,ramp,mainline,mainline,rear,front,rear,front,1.0,1.0,1.0,1.0,0.0,0.0,0.0,0.0
900104,H1_00190,success,1,0,0,1,38,7.6,4,0.0303,10.0907,-4.9697,0.5509,0.6154,0.6346,1.0194,0.5509,0.6154,0.6157,0,0,1,0,0,0.015632,1,0.070805,0.995497,0.984239,0.00311,0.015761,V3,ramp,ramp,mainline,mainline,rear,front,front,rear,0.99775,1.0,1.0,0.984239,0.034195,0.0,0.0,0.249024
900104,H1_00191,success,1,0,0,1,31,6.2,4,14.006,14.5422,9.006,0.4759,0.4707,0.8478,0.8526,0.5473,0.5473,0.0049,0,0,1,0,0,0.039018,0,0.0,1.0,1.0,0.0,0.0,V1,ramp,ramp,mainline,mainline,rear,front,rear,front,1.0,1.0,1.0,1.0,0.0,0.0,0.0,0.0
900104,H1_00192,success,1,0,0,1,30,6.0,4,10.0597,13.7405,5.0597,0.4569,0.4405,0.6039,0.6201,0.4864,0.4851,0.1103,0,0,1,0,0,0.036453,0,0.0,1.0,1.0,0.0,0.0,V0,ramp,ramp,mainline,mainline,front,rear,front,rear,1.0,1.0,1.0,1.0,0.0,0.0,0.0,0.0
900104,H1_00193,success,1,0,0,1,41,8.2,4,3.9266,10.7837,-1.0734,0.3836,0.384,0.3836,0.384,0.4795,0.6666,0.3735,0,0,1,0,0,0.026143,1,0.011804,0.999271,0.997085,0.000547,0.002915,V0,ramp,ramp,mainline,mainline,rear,front,rear,front,0.997085,1.0,1.0,1.0,0.047218,0.0,0.0,0.0
900104,H1_00194,success,1,0,0,1,32,6.4,4,12.4476,13.0452,7.4476,0.4314,0.4185,0.8852,0.8974,0.5661,0.5663,0.0002,1,2,1,0,0,0.040698,0,0.0,1.0,1.0,0.0,0.0,V1,ramp,ramp,mainline,mainline,rear,front,rear,front,1.0,1.0,1.0,1.0,0.0,0.0,0.0,0.0
900104,H1_00195,success,1,0,0,1,35,7.0,4,0.5415,7.0037,-4.4585,0.2464,0.3481,0.2464,0.3481,0.4251,0.426,0.1306,1,3,1,1,2,0.116428,1,0.007776,0.999454,0.998835,0.000282,0.001165,V1,ramp,ramp,mainline,mainline,front,rear,rear,front,1.0,0.998835,1.0,0.99898,0.0,0.017239,0.0,0.013866
900104,H1_00196,success,1,0,0,1,37,7.4,4,1.6514,10.6061,-3.3486,0.5057,0.5522,0.6076,0.863,0.5057,0.5522,0.5429,0,0,1,0,0,0.022891,1,0.047066,0.996974,0.98887,0.002154,0.01113,V3,ramp,ramp,mainline,mainline,rear,front,front,rear,0.999024,1.0,1.0,0.98887,0.014637,0.0,0.0,0.173628
900104,H1_00197,success,1,0,0,1,32,6.4,4,12.9301,14.8929,7.9301,0.4892,0.4826,0.8528,0.8589,0.5888,0.5888,0.0225,0,0,1,0,0,0.042765,0,0.0,1.0,1.0,0.0,0.0,V0,ramp,ramp,mainline,mainline,front,rear,rear,front,1.0,1.0,1.0,1.0,0.0,0.0,0.0,0.0
900104,H1_00198,success,1,0,0,1,32,6.4,4,14.5753,15.0942,9.5753,0.4859,0.4854,0.9062,0.9178,0.4859,0.4854,0.324,0,0,1,0,0,0.035037,0,0.0,1.0,1.0,0.0,0.0,V1,ramp,ramp,mainline,mainline,rear,front,front,rear,1.0,1.0,1.0,1.0,0.0,0.0,0.0,0.0
900104,H1_00199,success,1,0,0,1,33,6.6,4,4.9434,7.4973,-0.0566,0.2134,0.2641,0.4391,0.4855,0.2134,0.2641,0.1044,1,25,1,1,5,0.286724,0,0.0,1.0,1.0,0.0,0.0,V1,ramp,ramp,mainline,mainline,front,rear,rear,front,1.0,1.0,1.0,1.0,0.0,0.0,0.0,0.0
900104,H1_00200,success,1,0,0,1,35,7.0,4,6.4946,7.8722,1.4946,0.2279,0.2393,0.6102,0.8109,0.2279,0.2393,0.2111,1,3,1,1,3,0.182741,0,0.0,1.0,1.0,0.0,0.0,V0,ramp,ramp,mainline,mainline,rear,front,front,rear,1.0,1.0,1.0,1.0,0.0,0.0,0.0,0.0
900104,H1_00201,success,1,0,0,1,31,6.2,4,12.7498,15.1281,7.7498,0.5008,0.4907,0.8436,0.8534,0.5805,0.5807,0.034,0,0,1,0,0,0.042728,0,0.0,1.0,1.0,0.0,0.0,V1,ramp,ramp,mainline,mainline,rear,front,rear,front,1.0,1.0,1.0,1.0,0.0,0.0,0.0,0.0
900104,H1_00202,success,1,0,0,1,31,6.2,4,13.8152,14.3586,8.8152,0.4693,0.4643,0.8407,0.8456,0.5671,0.567,0.0029,0,0,1,0,0,0.04096,0,0.0,1.0,1.0,0.0,0.0,V0,ramp,ramp,mainline,mainline,front,rear,front,rear,1.0,1.0,1.0,1.0,0.0,0.0,0.0,0.0
900104,H1_00203,success,1,0,0,1,37,7.4,4,5.8815,11.992,0.8815,0.3842,0.3824,0.7151,0.9965,0.3842,0.3824,0.3763,0,0,1,0,0,0.031739,0,0.0,1.0,1.0,0.0,0.0,V1,ramp,ramp,mainline,mainline,front,rear,front,rear,1.0,1.0,1.0,1.0,0.0,0.0,0.0,0.0
900104,H1_00204,success,1,0,0,1,31,6.2,4,9.7408,14.2846,4.7408,0.4858,0.4768,0.631,0.672,0.4858,0.4854,0.2017,0,0,1,0,0,0.036992,0,0.0,1.0,1.0,0.0,0.0,V1,ramp,ramp,mainline,mainline,rear,front,rear,front,1.0,1.0,1.0,1.0,0.0,0.0,0.0,0.0
900104,H1_00205,success,1,0,0,1,43,8.6,4,2.5198,5.6354,-2.4802,0.1818,0.3391,0.6126,0.8307,0.1818,0.3391,0.1211,1,1,1,0,0,0.018935,1,0.031695,0.998067,0.99227,0.001452,0.00773,V1,ramp,ramp,mainline,mainline,front,rear,rear,front,1.0,0.99227,1.0,1.0,0.0,0.126778,0.0,0.0
900104,H1_00206,success,1,0,0,1,31,6.2,4,10.569,14.88,5.569,0.4873,0.488,0.6548,0.7069,0.4873,0.488,0.2836,0,0,1,0,0,0.027414,0,0.0,1.0,1.0,0.0,0.0,V1,ramp,ramp,mainline,mainline,rear,front,front,rear,1.0,1.0,1.0,1.0,0.0,0.0,0.0,0.0
900104,H1_00207,success,1,0,0,1,33,6.6,4,5.2218,7.5299,0.2218,0.2146,0.2697,0.4746,0.6667,0.2146,0.2697,0.0278,1,11,1,1,6,0.329487,0,0.0,1.0,1.0,0.0,0.0,V1,ramp,ramp,mainline,mainline,front,rear,rear,front,1.0,1.0,1.0,1.0,0.0,0.0,0.0,0.0
900104,H1_00208,success,1,0,0,1,34,6.8,4,5.0771,8.2592,0.0771,0.2426,0.2733,0.491,0.6933,0.2426,0.2733,0.1121,1,10,1,1,4,0.227094,0,0.0,1.0,1.0,0.0,0.0,V0,ramp,ramp,mainline,mainline,rear,front,rear,front,1.0,1.0,1.0,1.0,0.0,0.0,0.0,0.0
900104,H1_00209,success,1,0,0,1,32,6.4,4,13.0453,14.8874,8.0453,0.4789,0.4792,0.9156,0.9353,0.4789,0.4792,0.3248,0,0,1,0,0,0.033912,0,0.0,1.0,1.0,0.0,0.0,V0,ramp,ramp,mainline,mainline,rear,front,front,rear,1.0,1.0,1.0,1.0,0.0,0.0,0.0,0.0
900104,H1_00210,success,1,0,0,1,42,8.4,4,3.9891,10.9656,-1.0109,0.3804,0.3803,0.3804,0.3803,0.4875,0.6688,0.3695,0,0,1,0,0,0.026742,1,0.011804,0.999271,0.997085,0.000547,0.002915,V1,ramp,ramp,mainline,mainline,front,rear,front,rear,1.0,0.997085,1.0,1.0,0.0,0.047218,0.0,0.0
900104,H1_00211,success,1,0,0,1,44,8.8,4,1.8,4.7209,-3.2,0.1304,0.3692,0.505,0.6957,0.1304,0.3692,0.082,1,2,1,1,1,0.06885,1,0.020209,0.998783,0.99513,0.000914,0.00487,V2,ramp,ramp,mainline,mainline,front,rear,rear,front,1.0,1.0,0.99513,1.0,0.0,0.0,0.080834,0.0
900104,H1_00212,success,1,0,0,1,33,6.6,4,9.3926,14.034,4.3926,0.5013,0.5017,0.6095,0.9032,0.5013,0.5017,0.5017,0,0,1,0,0,0.024028,0,0.0,1.0,1.0,0.0,0.0,V1,ramp,ramp,mainline,mainline,rear,front,rear,front,1.0,1.0,1.0,1.0,0.0,0.0,0.0,0.0
900104,H1_00213,success,1,0,0,1,30,6.0,4,11.3813,15.437,6.3813,0.6041,0.6975,0.7344,0.7448,0.6041,0.6975,0.6993,0,0,1,0,0,0.031763,0,0.0,1.0,1.0,0.0,0.0,V0,ramp,ramp,mainline,mainline,front,rear,rear,front,1.0,1.0,1.0,1.0,0.0,0.0,0.0,0.0
900104,H1_00214,success,1,0,0,1,34,6.8,4,10.8346,15.0771,5.8346,0.7496,0.8609,0.7496,0.9295,1.0315,1.1032,0.8326,0,0,1,0,0,0.021176,0,0.0,1.0,1.0,0.0,0.0,V0,ramp,ramp,mainline,mainline,rear,front,rear,front,1.0,1.0,1.0,1.0,0.0,0.0,0.0,0.0
900104,H1_00215,success,1,0,0,1,39,7.8,4,1.1956,10.5363,-3.8044,0.6428,0.6345,0.7283,1.3389,0.6428,0.6772,0.5687,0,0,1,0,0,0.012307,1,0.090987,0.994218,0.979334,0.004052,0.020666,V2,ramp,ramp,mainline,mainline,rear,front,rear,front,0.997538,1.0,0.979334,1.0,0.03742,0.0,0.326529,0.0
900104,H1_00216,success,1,0,0,1,33,6.6,4,12.8659,14.8448,7.8659,0.4774,0.4776,0.9115,0.9295,0.4774,0.4776,0.3223,0,0,1,0,0,0.033921,0,0.0,1.0,1.0,0.0,0.0,V0,ramp,ramp,mainline,mainline,rear,front,front,rear,1.0,1.0,1.0,1.0,0.0,0.0,0.0,0.0
900104,H1_00217,success,1,0,0,1,31,6.2,4,10.2903,14.684,5.2903,0.4988,0.4984,0.6458,0.6976,0.4988,0.4984,0.2531,0,0,1,0,0,0.035387,0,0.0,1.0,1.0,0.0,0.0,V0,ramp,ramp,mainline,mainline,front,rear,rear,front,1.0,1.0,1.0,1.0,0.0,0.0,0.0,0.0
900104,H1_00218,success,1,0,0,1,31,6.2,4,11.7736,15.7711,6.7736,0.6474,0.7235,0.7112,0.7235,0.6474,0.7281,0.7225,0,0,1,0,0,0.032403,0,0.0,1.0,1.0,0.0,0.0,V0,ramp,ramp,mainline,mainline,front,rear,rear,front,1.0,1.0,1.0,1.0,0.0,0.0,0.0,0.0
900104,H1_00219,success,1,0,0,1,31,6.2,4,10.6754,14.9698,5.6754,0.6115,0.7053,0.7165,0.7367,0.6115,0.7053,0.7072,0,0,1,0,0,0.032097,0,0.0,1.0,1.0,0.0,0.0,V0,ramp,ramp,mainline,mainline,front,rear,front,rear,1.0,1.0,1.0,1.0,0.0,0.0,0.0,0.0
900104,H1_00220,success,1,0,0,1,31,6.2,4,11.9204,12.5423,6.9204,0.4119,0.4011,0.9008,0.9111,0.5708,0.5709,0.0225,1,3,1,0,0,0.039018,0,0.0,1.0,1.0,0.0,0.0,V1,ramp,ramp,mainline,mainline,rear,front,front,rear,1.0,1.0,1.0,1.0,0.0,0.0,0.0,0.0
900104,H1_00221,success,1,0,0,1,31,6.2,4,10.1635,14.5656,5.1635,0.5773,0.5539,0.6356,0.7336,0.5773,0.7545,0.3441,0,0,1,0,0,0.025801,0,0.0,1.0,1.0,0.0,0.0,V1,ramp,ramp,mainline,mainline,rear,front,rear,front,1.0,1.0,1.0,1.0,0.0,0.0,0.0,0.0
900104,H1_00222,success,1,0,0,1,31,6.2,4,12.4746,14.7314,7.4746,0.4877,0.4774,0.8339,0.8442,0.5331,0.533,0.021,0,0,1,0,0,0.042738,0,0.0,1.0,1.0,0.0,0.0,V0,ramp,ramp,mainline,mainline,front,rear,front,rear,1.0,1.0,1.0,1.0,0.0,0.0,0.0,0.0
900104,H1_00223,success,1,0,0,1,31,6.2,4,11.0059,11.682,6.0059,0.388,0.3706,0.8586,0.8756,0.5211,0.5213,0.0298,1,3,1,0,0,0.040338,0,0.0,1.0,1.0,0.0,0.0,V0,ramp,ramp,mainline,mainline,front,rear,front,rear,1.0,1.0,1.0,1.0,0.0,0.0,0.0,0.0
900104,H1_00224,success,1,0,0,1,36,7.2,4,4.4431,9.9511,-0.5569,0.3048,0.3056,0.6141,0.846,0.3048,0.3056,0.305,0,0,1,0,0,0.02315,0,0.0,1.0,1.0,0.0,0.0,V1,ramp,ramp,mainline,mainline,front,rear,front,rear,1.0,1.0,1.0,1.0,0.0,0.0,0.0,0.0
900104,H1_00225,success,1,0,0,1,33,6.6,4,14.0888,14.8155,9.0888,0.4764,0.4766,0.969,0.9863,0.4764,0.4766,0.3206,0,0,1,0,0,0.033933,0,0.0,1.0,1.0,0.0,0.0,V0,ramp,ramp,mainline,mainline,rear,front,rear,front,1.0,1.0,1.0,1.0,0.0,0.0,0.0,0.0
900104,H1_00226,success,1,0,0,1,38,7.6,4,5.6259,11.9004,0.6259,0.4606,0.4679,0.7727,1.3467,0.4606,0.4679,0.4638,0,0,1,0,0,0.030399,1,0.023193,0.998474,0.993897,0.001146,0.006103,V1,ramp,ramp,mainline,mainline,front,rear,rear,front,1.0,0.993897,1.0,1.0,0.0,0.09277,0.0,0.0
900104,H1_00227,success,1,0,0,1,31,6.2,4,12.3246,12.9269,7.3246,0.4258,0.4147,0.8855,0.8965,0.5895,0.5895,0.0081,1,3,1,0,0,0.040698,0,0.0,1.0,1.0,0.0,0.0,V0,ramp,ramp,mainline,mainline,front,rear,rear,front,1.0,1.0,1.0,1.0,0.0,0.0,0.0,0.0
900104,H1_00228,success,1,0,0,1,30,6.0,4,12.6056,16.3747,7.6056,0.6437,0.6862,0.6885,0.6862,0.6437,0.7347,0.6823,0,0,1,0,0,0.035077,0,0.0,1.0,1.0,0.0,0.0,V0,ramp,ramp,mainline,mainline,front,rear,rear,front,1.0,1.0,1.0,1.0,0.0,0.0,0.0,0.0
900104,H1_00229,success,1,0,0,1,34,6.8,4,5.4838,7.9185,0.4838,0.2317,0.2865,0.4389,0.6385,0.2317,0.2865,0.2133,1,15,1,1,7,0.372957,0,0.0,1.0,1.0,0.0,0.0,V1,ramp,ramp,mainline,mainline,front,rear,front,rear,1.0,1.0,1.0,1.0,0.0,0.0,0.0,0.0
900104,H1_00230,success,1,0,0,1,32,6.4,4,12.238,12.8453,7.238,0.4253,0.4117,0.8997,0.913,0.5881,0.5882,0.004,1,3,1,0,0,0.040698,0,0.0,1.0,1.0,0.0,0.0,V1,ramp,ramp,mainline,mainline,rear,front,rear,front,1.0,1.0,1.0,1.0,0.0,0.0,0.0,0.0
900104,H1_00231,success,1,0,0,1,38,7.6,4,6.5342,12.355,1.5342,0.5234,0.6279,0.5985,0.7948,0.5234,0.6279,0.6268,0,0,1,0,0,0.025268,0,0.0,1.0,1.0,0.0,0.0,V1,ramp,ramp,mainline,mainline,front,rear,front,rear,1.0,1.0,1.0,1.0,0.0,0.0,0.0,0.0
900104,H1_00232,success,1,0,0,1,36,7.2,4,1.9867,9.0085,-3.0133,0.378,0.5596,0.378,0.5898,0.5504,0.5596,0.5201,0,0,1,0,0,0.019282,1,0.046029,0.997042,0.98894,0.002128,0.01106,V0,ramp,ramp,mainline,mainline,rear,front,front,rear,0.98894,1.0,1.0,0.999228,0.172529,0.0,0.0,0.011587
900104,H1_00233,success,1,0,0,1,39,7.8,4,2.1985,8.0839,-2.8015,0.3157,0.3785,0.5965,0.7394,0.3157,0.3785,0.3785,0,0,1,0,0,0.02604,0,0.0,1.0,1.0,0.0,0.0,V0,ramp,ramp,mainline,mainline,rear,front,front,rear,1.0,1.0,1.0,1.0,0.0,0.0,0.0,0.0
900104,H1_00234,success,1,0,0,1,35,7.0,4,0.8917,7.0724,-4.1083,0.2518,0.3608,0.2518,0.3608,0.4441,0.4431,0.1488,1,1,1,1,1,0.067292,0,0.0,1.0,1.0,0.0,0.0,V0,ramp,ramp,mainline,mainline,rear,front,front,rear,1.0,1.0,1.0,1.0,0.0,0.0,0.0,0.0
900104,H1_00235,success,1,0,0,1,38,7.6,4,2.286,10.6991,-2.714,0.6698,0.8342,0.7274,1.0033,0.6698,0.8342,0.763,0,0,1,0,0,0.021022,1,0.080297,0.994979,0.984072,0.003263,0.015928,V0,ramp,ramp,mainline,mainline,rear,front,front,rear,0.984072,1.0,1.0,0.995845,0.25803,0.0,0.0,0.063157
900104,H1_00236,success,1,0,0,1,37,7.4,4,0.3279,6.9547,-4.6721,0.2763,0.4719,0.2763,0.4719,0.4836,0.4911,0.3854,0,0,1,0,0,0.018335,1,0.046029,0.997003,0.988797,0.002156,0.011203,V3,ramp,ramp,mainline,mainline,front,rear,front,rear,1.0,0.999217,1.0,0.988797,0.0,0.011587,0.0,0.172529
900104,H1_00237,success,1,0,0,1,37,7.4,4,6.1023,11.9069,1.1023,0.4097,0.4107,0.7226,1.0338,0.4097,0.4107,0.4098,0,0,1,0,0,0.023465,1,0.004031,0.999731,0.998925,0.000202,0.001075,V0,ramp,ramp,mainline,mainline,rear,front,rear,front,0.998925,1.0,1.0,1.0,0.016125,0.0,0.0,0.0
900104,H1_00238,success,1,0,0,1,37,7.4,4,5.8935,11.6282,0.8935,0.3717,0.371,0.7091,1.0511,0.3717,0.371,0.3666,0,0,1,0,0,0.029968,1,0.020913,0.998642,0.994568,0.00102,0.005432,V0,ramp,ramp,mainline,mainline,rear,front,front,rear,0.994568,1.0,1.0,1.0,0.083653,0.0,0.0,0.0
900104,H1_00239,success,1,0,0,1,32,6.4,4,12.2259,13.6499,7.2259,0.4538,0.4395,0.8716,0.8852,0.5462,0.5464,0.0249,0,0,1,0,0,0.040368,0,0.0,1.0,1.0,0.0,0.0,V0,ramp,ramp,mainline,mainline,front,rear,front,rear,1.0,1.0,1.0,1.0,0.0,0.0,0.0,0.0
900104,H1_00240,success,1,0,0,1,33,6.6,4,13.5087,17.0901,8.5087,0.7136,0.6956,0.933,0.9509,0.9232,0.9228,0.4712,0,0,1,0,0,0.034487,0,0.0,1.0,1.0,0.0,0.0,V1,ramp,ramp,mainline,mainline,front,rear,rear,front,1.0,1.0,1.0,1.0,0.0,0.0,0.0,0.0
900104,H1_00241,success,1,0,0,1,37,7.4,4,2.1399,10.6712,-2.8601,0.5233,0.5686,0.6766,1.0283,0.5233,0.5686,0.5151,0,0,1,0,0,0.024064,1,0.046029,0.99708,0.98908,0.002101,0.01092,V3,ramp,ramp,mainline,mainline,front,rear,front,rear,1.0,0.999238,1.0,0.98908,0.0,0.011587,0.0,0.172529
900104,H1_00242,success,1,0,0,1,38,7.6,4,2.7184,10.8374,-2.2816,0.5774,0.69,0.7768,1.0562,0.5774,0.69,0.6887,0,0,1,0,0,0.021139,1,0.054719,0.996508,0.988311,0.002342,0.011689,V0,ramp,ramp,mainline,mainline,rear,front,rear,front,0.988311,1.0,0.99772,1.0,0.184681,0.0,0.034195,0.0
900104,H1_00243,success,1,0,0,1,44,8.8,4,1.6806,4.6143,-3.3194,0.1243,0.3839,0.6758,0.8857,0.1243,0.3839,0.0765,1,4,1,1,2,0.134065,1,0.017774,0.998929,0.995717,0.000804,0.004283,V3,ramp,ramp,mainline,mainline,rear,front,front,rear,1.0,1.0,1.0,0.995717,0.0,0.0,0.0,0.071097
900104,H1_00244,success,1,0,0,1,33,6.6,4,13.1389,13.8749,8.1389,0.4439,0.4441,0.9853,1.0094,0.4439,0.4441,0.3097,0,0,1,0,0,0.032576,0,0.0,1.0,1.0,0.0,0.0,V1,ramp,ramp,mainline,mainline,front,rear,rear,front,1.0,1.0,1.0,1.0,0.0,0.0,0.0,0.0
900104,H1_00245,success,1,0,0,1,30,6.0,4,10.4829,14.1849,5.4829,0.4636,0.4553,0.607,0.6149,0.4941,0.4932,0.1028,0,0,1,0,0,0.035849,0,0.0,1.0,1.0,0.0,0.0,V0,ramp,ramp,mainline,mainline,front,rear,front,rear,1.0,1.0,1.0,1.0,0.0,0.0,0.0,0.0
900104,H1_00246,success,1,0,0,1,31,6.2,4,10.3349,14.6882,5.3349,0.492,0.4926,0.6419,0.7196,0.492,0.4926,0.2986,0,0,1,0,0,0.028266,0,0.0,1.0,1.0,0.0,0.0,V0,ramp,ramp,mainline,mainline,front,rear,rear,front,1.0,1.0,1.0,1.0,0.0,0.0,0.0,0.0
900104,H1_00247,success,1,0,0,1,36,7.2,4,8.5927,13.4003,3.5927,0.6126,0.8067,0.6126,0.9102,0.6523,0.8067,0.8374,0,0,1,0,0,0.021627,0,0.0,1.0,1.0,0.0,0.0,V1,ramp,ramp,mainline,mainline,rear,front,front,rear,1.0,1.0,1.0,1.0,0.0,0.0,0.0,0.0
900104,H1_00248,success,1,0,0,1,34,6.8,4,8.3396,13.4034,3.3396,0.5028,0.5029,0.5931,0.8873,0.5028,0.5029,0.5033,0,0,1,0,0,0.024028,0,0.0,1.0,1.0,0.0,0.0,V0,ramp,ramp,mainline,mainline,front,rear,front,rear,1.0,1.0,1.0,1.0,0.0,0.0,0.0,0.0
900104,H1_00249,success,1,0,0,1,33,6.6,4,11.908,14.2833,6.908,0.4579,0.458,0.9264,0.9505,0.4579,0.458,0.3065,0,0,1,0,0,0.033894,0,0.0,1.0,1.0,0.0,0.0,V0,ramp,ramp,mainline,mainline,rear,front,rear,front,1.0,1.0,1.0,1.0,0.0,0.0,0.0,0.0
900104,H1_00250,success,1,0,0,1,35,7.0,4,0.9913,6.8426,-4.0087,0.2616,0.384,0.2616,0.384,0.4052,0.4046,0.2125,1,1,1,1,1,0.077461,1,0.01631,0.998913,0.995651,0.000816,0.004349,V2,ramp,ramp,mainline,mainline,rear,front,rear,front,1.0,1.0,0.995651,1.0,0.0,0.0,0.065238,0.0
900104,H1_00251,success,1,0,0,1,39,7.8,4,2.457,10.7491,-2.543,0.6734,0.8275,0.7645,1.0371,0.6734,0.8275,0.808,0,0,1,0,0,0.011796,1,0.096659,0.993981,0.980199,0.004004,0.019801,V1,ramp,ramp,mainline,mainline,front,rear,rear,front,1.0,0.980199,0.995724,1.0,0.0,0.320777,0.065857,0.0
900104,H1_00252,success,1,0,0,1,33,6.6,4,13.1069,15.2812,8.1069,0.4924,0.4929,0.9654,0.9897,0.4924,0.4929,0.3193,0,0,1,0,0,0.034689,0,0.0,1.0,1.0,0.0,0.0,V0,ramp,ramp,mainline,mainline,rear,front,rear,front,1.0,1.0,1.0,1.0,0.0,0.0,0.0,0.0
900104,H1_00253,success,1,0,0,1,38,7.6,4,1.7754,10.631,-3.2246,0.58,0.5715,0.7204,1.3274,0.58,0.6216,0.493,0,0,1,0,0,0.020356,1,0.054719,0.99647,0.988161,0.002371,0.011839,V3,ramp,ramp,mainline,mainline,rear,front,front,rear,0.99772,1.0,1.0,0.988161,0.034195,0.0,0.0,0.184681
900104,H1_00254,success,1,0,0,1,36,7.2,4,5.0952,11.3919,0.0952,0.3568,0.3564,0.6121,0.8333,0.3568,0.3564,0.3464,0,0,1,0,0,0.032144,0,0.0,1.0,1.0,0.0,0.0,V1,ramp,ramp,mainline,mainline,front,rear,rear,front,1.0,1.0,1.0,1.0,0.0,0.0,0.0,0.0
900104,H1_00255,success,1,0,0,1,31,6.2,4,11.8193,15.7894,6.8193,0.6349,0.7217,0.7265,0.7437,0.6349,0.7217,0.7207,0,0,1,0,0,0.03246,0,0.0,1.0,1.0,0.0,0.0,V0,ramp,ramp,mainline,mainline,front,rear,rear,front,1.0,1.0,1.0,1.0,0.0,0.0,0.0,0.0
