seed,condition,orig_completion,orig_collision,orig_U_min,orig_gini,wsc_completion,wsc_collision,wsc_U_min,wsc_gini,delta_completion_wsc_minus_orig,delta_collision_wsc_minus_orig,orig_contrast_Umin_vs_baseline,wsc_contrast_Umin_vs_baseline,I_Umin,orig_contrast_gini_vs_baseline,wsc_contrast_gini_vs_baseline,I_Gini
900101,baseline,0.99609375,0.00390625,0.99609375,0.001953125,0.859375,0.140625,0.8828125,0.05859375,-0.13671875,0.13671875,,,,,,
900101,mean,0.9921875,0.0078125,0.9921875,0.00390625,0.96875,0.03125,0.9666524801756697,0.016100248605939914,-0.0234375,0.0234375,-0.00390625,0.08383998017566974,0.08774623017566974,0.001953125,-0.042493501394060086,-0.044446626394060086
900101,ggi,1.0,0.0,0.9926071699575805,0.001497235097911575,0.96875,0.03125,0.9687442225300102,0.015626083676321165,-0.03125,0.03125,-0.0034865800424195292,0.08593172253001025,0.08941830257242978,-0.0004558899020884249,-0.042967666323678835,-0.04251177642159041
900101,maximin,0.98828125,0.01171875,0.9876951471617499,0.0060305062161625945,0.90234375,0.09765625,0.9021181314559733,0.04887688045508192,-0.0859375,0.0859375,-0.008398602838250113,0.019305631455973304,0.027704234294223418,0.0040773812161625945,-0.009716869544918079,-0.013794250761080673
900102,baseline,0.9765625,0.0234375,0.9637220763488543,0.014329428291206663,0.96875,0.03125,0.968486742324991,0.015674393686081516,-0.0078125,0.0078125,,,,,,
900102,mean,0.99609375,0.00390625,0.981079251373143,0.0050454036045481385,0.9921875,0.0078125,0.9841554608548384,0.005751684078129536,-0.00390625,0.00390625,0.017357175024288685,0.015668718529847414,-0.0016884564944412706,-0.009284024686658524,-0.00992270960795198,-0.0006386849212934569
900102,ggi,1.0,0.0,0.9992439734996879,0.00014197881375351017,0.984375,0.015625,0.9672918941066542,0.011067747546335691,-0.015625,0.015625,0.03552189715083354,-0.0011948482183368192,-0.036716745369170356,-0.014187449477453153,-0.004606646139745825,0.009580803337707328
900102,maximin,0.87890625,0.12109375,0.8728298446930385,0.06182722236320082,0.953125,0.046875,0.953125,0.0234375,0.07421875,-0.07421875,-0.09089223165581584,-0.01536174232499099,0.07553048933082485,0.04749779407199416,0.007763106313918484,-0.039734687758075676
900103,baseline,0.90234375,0.09765625,0.90234375,0.048828125,0.84375,0.15625,0.8229962891654774,0.082880391695019,-0.05859375,0.05859375,,,,,,
900103,mean,0.9765625,0.0234375,0.9762747905892302,0.011772738306414194,0.40234375,0.5703125,0.41044818181764947,0.29299462356101946,-0.57421875,0.546875,0.07393104058923017,-0.41254810734782793,-0.4864791479370581,-0.03705538669358581,0.21011423186600048,0.2471696185595863
900103,ggi,0.9296875,0.0703125,0.9280528415768685,0.0354899662875305,0.93359375,0.06640625,0.9228048245999493,0.035245358104275024,0.00390625,-0.00390625,0.025709091576868515,0.09980853543447188,0.07409944385760336,-0.013338158712469503,-0.047635033590743975,-0.03429687487827447
900103,maximin,0.96875,0.03125,0.9799890431947791,0.004162192687537394,0.86328125,0.13671875,0.8581375404832512,0.06937976345129229,-0.10546875,0.10546875,0.07764529319477909,0.03514125131777379,-0.042504041877005294,-0.0446659323124626,-0.013500628243726706,0.031165304068735897
900104,baseline,0.99609375,0.00390625,0.992718952253636,0.0026171594073854084,0.9921875,0.0078125,0.9787692512176782,0.006743148386786606,-0.00390625,0.00390625,,,,,,
900104,mean,0.9609375,0.0390625,0.96484375,0.017578125,0.97265625,0.02734375,0.9608192013585395,0.015917440710250145,0.01171875,-0.01171875,-0.027875202253636044,-0.017950049859138728,0.009925152394497316,0.014960965592614592,0.009174292323463538,-0.005786673269151055
900104,ggi,0.890625,0.109375,0.890616006386534,0.05468918662619904,0.734375,0.265625,0.7180625942085702,0.13633858116957662,-0.15625,0.15625,-0.102102945867102,-0.260706657009108,-0.158603711142006,0.05207202721881363,0.12959543278279,0.07752340556397638
900104,maximin,0.6640625,0.1015625,0.7731811659382318,0.09023783273935883,0.96875,0.03125,0.9667794461773126,0.0160607266823271,0.3046875,-0.0703125,-0.21953778631540422,-0.01198980504036562,0.2075479812750386,0.08762067333197342,0.009317578295540491,-0.07830309503643293
910101,baseline,1.0,0.0,0.9996325391116607,8.652121585430706e-05,0.99609375,0.00390625,0.9960643031034162,0.0019586481317350134,-0.00390625,0.00390625,,,,,,
910101,mean,0.98828125,0.01171875,0.9881498248762304,0.005884028472294602,0.94140625,0.04296875,0.937369157640549,0.028121712246295852,-0.046875,0.03125,-0.011482714235430347,-0.05869514546286725,-0.0472124312274369,0.005797507256440296,0.02616306411456084,0.020365556858120543
910101,ggi,0.984375,0.015625,0.9826928930173574,0.008129451784917531,0.94140625,0.05078125,0.9112295822450465,0.02322761807832586,-0.04296875,0.03515625,-0.016939646094303318,-0.08483472085836974,-0.06789507476406642,0.008042930569063224,0.02126896994659085,0.013226039377527626
910101,maximin,0.95703125,0.04296875,0.9567653207000334,0.021539337984632607,0.99609375,0.00390625,0.99609375,0.001953125,0.0390625,-0.0390625,-0.04286721841162733,2.9446896583795734e-05,0.042896665308211124,0.0214528167687783,-5.523131735013422e-06,-0.021458339900513313
910102,baseline,0.71484375,0.28515625,0.7132841744370693,0.14293699064743742,0.49609375,0.50390625,0.49609375,0.251953125,-0.21875,0.21875,,,,,,
910102,mean,0.03515625,0.96484375,0.03515625,0.4824654776484407,0.75,0.25,0.741550419277386,0.12700188370108728,0.71484375,-0.71484375,-0.6781279244370693,0.24545666927738596,0.9235845937144552,0.3395284870010033,-0.12495124129891272,-0.464479728299916
910102,ggi,0.53515625,0.38671875,0.5482429916883681,0.2030329331436295,0.98046875,0.01953125,0.98046875,0.009765625,0.4453125,-0.3671875,-0.16504118274870117,0.484375,0.6494161827487012,0.06009594249619207,-0.2421875,-0.3022834424961921
910102,maximin,0.65625,0.34375,0.5907164533716519,0.18682279422880627,0.23046875,0.76953125,0.22766736693725081,0.3859299506340813,-0.42578125,0.42578125,-0.12256772106541736,-0.2684263830627492,-0.14585866199733183,0.04388580358136884,0.1339768256340813,0.09009102205271247
920101,baseline,0.8984375,0.1015625,0.889071513885612,0.05262856834440328,0.80078125,0.19921875,0.8007199669643582,0.09962087142414876,-0.09765625,0.09765625,,,,,,
920101,mean,1.0,0.0,1.0,0.0,0.98828125,0.01171875,0.98828125,0.005859375,-0.01171875,0.01171875,0.11092848611438799,0.1875612830356418,0.0766327969212538,-0.05262856834440328,-0.09376149642414876,-0.04113292807974548
920101,ggi,0.98828125,0.01171875,0.9858163958739556,0.0063818570581038875,1.0,0.0,0.9985249074504596,0.0002848081153331687,0.01171875,-0.01171875,0.09674488198834363,0.19780494048610142,0.10106005849775779,-0.04624671128629939,-0.09933606330881559,-0.0530893520225162
920101,maximin,0.984375,0.015625,0.9812798750926495,0.008522391200630756,0.9921875,0.0078125,0.9670261800691362,0.009810620876654758,0.0078125,-0.0078125,0.09220836120703746,0.166306213104778,0.07409785189774054,-0.04410617714377252,-0.089810250547494,-0.045704073403721485
920102,baseline,0.890625,0.109375,0.8966372728309078,0.04819268771761359,0.84765625,0.15234375,0.8475737402155366,0.07618783809905846,-0.04296875,0.04296875,,,,,,
920102,mean,0.93359375,0.06640625,0.9330041889706947,0.033326888092388235,0.546875,0.453125,0.5465185091458503,0.22663803213474185,-0.38671875,0.38671875,0.03636691613978693,-0.30105523106968624,-0.33742214720947317,-0.014865799625225357,0.15045019403568338,0.16531599366090874
920102,ggi,0.84375,0.15625,0.8428337771064066,0.07829862995756902,0.98046875,0.01953125,0.9739996745919339,0.011280359862145536,0.13671875,-0.13671875,-0.05380349572450116,0.12642593437639738,0.18022943010089854,0.030105942239955427,-0.06490747823691292,-0.09501342047686835
920102,maximin,0.984375,0.015625,0.9842118343460442,0.007843100324831234,0.33984375,0.66015625,0.3385173516887351,0.33168760831563465,-0.64453125,0.64453125,0.08757456151513643,-0.5090563885268015,-0.5966309500419379,-0.040349587392782355,0.2554997702165762,0.2958493576093586
920103,baseline,1.0,0.0,0.9879541967701562,0.0022907295077879,0.96484375,0.03515625,0.9647976456471494,0.01758679514898239,-0.03515625,0.03515625,,,,,,
920103,mean,1.0,0.0,1.0,0.0,0.92578125,0.07421875,0.92578125,0.037109375,-0.07421875,0.07421875,0.012045803229843832,-0.03901639564714943,-0.05106219887699326,-0.0022907295077879,0.01952257985101761,0.02181330935880551
920103,ggi,0.98828125,0.01171875,0.98828125,0.005859375,0.984375,0.015625,0.9843125145035115,0.007824218030350634,-0.00390625,0.00390625,0.00032705322984383223,0.01951486885636211,0.01918781562651828,0.0035686454922121,-0.009762577118631757,-0.013331222610843857
920103,maximin,1.0,0.0,0.9986694289385396,0.00026032723120216644,0.953125,0.046875,0.9524637226972383,0.023597598999847865,-0.046875,0.046875,0.010715232168383437,-0.012333922949911091,-0.02304915511829453,-0.002030402276585733,0.006010803850865474,0.008041206127451208
920104,baseline,0.6484375,0.3515625,0.6523351444780991,0.17481139659214967,0.87109375,0.12890625,0.8710413180649468,0.06446532495360235,0.22265625,-0.22265625,,,,,,
920104,mean,1.0,0.0,0.9990045354077368,0.00018675046768180158,0.8046875,0.1875,0.7891259222932548,0.1029655470494519,-0.1953125,0.1875,0.34666939092963767,-0.08191539577169193,-0.4285847867013296,-0.17462464612446787,0.03850022209584955,0.21312486822031743
920104,ggi,0.78515625,0.21484375,0.784617586468634,0.10754975073515895,0.90234375,0.09765625,0.8978720699364398,0.04961753415306348,0.1171875,-0.1171875,0.13228244199053485,0.026830751871492975,-0.10545169011904187,-0.06726164585699072,-0.014847790800538871,0.05241385505645185
920104,maximin,0.75,0.25,0.7486978888348474,0.12542697823043486,0.90625,0.09375,0.9042074307202947,0.04734784599267479,0.15625,-0.15625,0.0963627443567483,0.03316611265534797,-0.06319663170140033,-0.04938441836171481,-0.017117478960927565,0.032266939400787245
920105,baseline,0.66015625,0.33984375,0.6564026834620033,0.17070065493481512,0.84765625,0.15234375,0.826029361055822,0.08221752559882178,0.1875,-0.1875,,,,,,
920105,mean,0.97265625,0.02734375,0.9720088211339595,0.013848665971421738,0.6640625,0.3359375,0.6634725517339953,0.1681055174445136,-0.30859375,0.30859375,0.3156061376719562,-0.1625568093218267,-0.4781629469937829,-0.1568519889633934,0.08588799184569182,0.2427399808090852
920105,ggi,1.0,0.0,0.9999079051914199,1.7273317363217177e-05,0.99609375,0.00390625,0.9950361302721732,0.002206046562746479,-0.00390625,0.00390625,0.34350522172941667,0.16900676921635116,-0.1744984525130655,-0.17068338161745192,-0.0800114790360753,0.09067190258137661
920105,maximin,0.890625,0.10546875,0.8743863601426962,0.05697019820736796,0.9296875,0.0703125,0.9112291743554101,0.03887320377062535,0.0390625,-0.03515625,0.21798367668069296,0.08519981329958803,-0.13278386338110493,-0.11373045672744717,-0.04334432182819643,0.07038613489925073
920106,baseline,0.9296875,0.0703125,0.9286237884290597,0.03536538500334832,0.796875,0.203125,0.7960888930736658,0.10172330328428962,-0.1328125,0.1328125,,,,,,
920106,mean,0.98046875,0.01953125,0.9776768356235785,0.010439121799732474,0.9921875,0.0078125,0.9918337968357949,0.003972616971721609,0.01171875,-0.01171875,0.04905304719451886,0.19574490376212905,0.1466918565676102,-0.024926263203615847,-0.09775068631256802,-0.07282442310895217
920106,ggi,0.796875,0.203125,0.796875,0.103515625,0.9765625,0.0234375,0.9765044545612693,0.011729674101796015,0.1796875,-0.1796875,-0.13174878842905968,0.18041556148760352,0.3121643499166632,0.06815023999665168,-0.08999362918249361,-0.1581438691791453
920106,maximin,0.73828125,0.26171875,0.7382811839015699,0.13085938739350805,0.9609375,0.0390625,0.9609375,0.01953125,0.22265625,-0.22265625,-0.19034260452748974,0.16484860692633418,0.35519121145382393,0.09549400239015973,-0.08219205328428962,-0.17768605567444934
