controller_id,reward_condition,policy_step,kind,terminated,truncated,controller_terminal,next_observation_is_none,target,learner_reward
A,baseline,1,ongoing,False,False,False,False,0.004984615384615388,0.004984615384615388
B,baseline,1,ongoing,False,False,False,False,0.005595912159490568,0.005595912159490568
A,baseline,2,ongoing,False,False,False,False,0.005107692307692313,0.005107692307692313
B,baseline,2,ongoing,False,False,False,False,0.00571889923991894,0.00571889923991894
A,baseline,3,ongoing,False,False,False,False,0.005230769230769239,0.005230769230769239
B,baseline,3,ongoing,False,False,False,False,0.005841886320347301,0.005841886320347301
A,baseline,4,ongoing,False,False,False,False,0.005353846153846165,0.005353846153846165
B,baseline,4,ongoing,False,False,False,False,0.005964873400775672,0.005964873400775672
A,baseline,5,ongoing,False,False,False,False,0.00547692307692308,0.00547692307692308
B,baseline,5,ongoing,False,False,False,False,0.006087860481204044,0.006087860481204044
A,baseline,6,ongoing,False,False,False,False,0.005600000000000005,0.005600000000000005
B,baseline,6,ongoing,False,False,False,False,0.006210847561632394,0.006210847561632394
A,baseline,7,ongoing,False,False,False,False,0.005723076923076931,0.005723076923076931
B,baseline,7,ongoing,False,False,False,False,0.006333834642060766,0.006333834642060766
A,baseline,8,ongoing,False,False,False,False,0.005846153846153857,0.005846153846153857
B,baseline,8,ongoing,False,False,False,False,0.006456821722489137,0.006456821722489137
A,baseline,9,ongoing,False,False,False,False,0.0059692307692307935,0.0059692307692307935
B,baseline,9,ongoing,False,False,False,False,0.006579808802917498,0.006579808802917498
A,baseline,10,ongoing,False,False,False,False,0.006092307692307686,0.006092307692307686
B,baseline,10,ongoing,False,False,False,False,0.00670279588334588,0.00670279588334588
A,baseline,11,ongoing,False,False,False,False,0.006215384615384645,0.006215384615384645
B,baseline,11,ongoing,False,False,False,False,0.0068257829637742296,0.0068257829637742296
A,baseline,12,ongoing,False,False,False,False,0.00633846153846156,0.00633846153846156
B,baseline,12,ongoing,False,False,False,False,0.006948770044202579,0.006948770044202579
A,baseline,13,ongoing,False,False,False,False,0.006461538461538497,0.006461538461538497
B,baseline,13,ongoing,False,False,False,False,0.007071757124630974,0.007071757124630974
A,baseline,14,ongoing,False,False,False,False,0.006584615384615389,0.006584615384615389
B,baseline,14,ongoing,False,False,False,False,0.007194744205059323,0.007194744205059323
A,baseline,15,ongoing,False,False,False,False,0.00670769230769237,0.00670769230769237
B,baseline,15,ongoing,False,False,False,False,0.007317731285487717,0.007317731285487717
A,baseline,16,ongoing,False,False,False,False,0.006830769230769263,0.006830769230769263
B,baseline,16,ongoing,False,False,False,False,0.007440718365916066,0.007440718365916066
A,baseline,17,ongoing,False,False,False,False,0.006953846153846178,0.006953846153846178
B,baseline,17,ongoing,False,False,False,False,0.0075637054463444375,0.0075637054463444375
A,baseline,18,ongoing,False,False,False,False,0.007076923076923092,0.007076923076923092
B,baseline,18,ongoing,False,False,False,False,0.00768669252677281,0.00768669252677281
A,baseline,19,ongoing,False,False,False,False,0.007200000000000029,0.007200000000000029
B,baseline,19,ongoing,False,False,False,False,0.007809679607201159,0.007809679607201159
A,baseline,20,controller_terminal,True,False,True,True,-0.9981807692307693,-0.9981807692307693
B,baseline,20,controller_terminal,True,False,True,True,-0.9980283633668828,-0.9980283633668828
A,mean_pbrs,1,ongoing,False,False,False,False,0.0040469682135476194,0.0040469682135476194
B,mean_pbrs,1,ongoing,False,False,False,False,0.0046582649884228,0.0046582649884228
A,mean_pbrs,2,ongoing,False,False,False,False,0.004783434102647333,0.004783434102647333
B,mean_pbrs,2,ongoing,False,False,False,False,0.00539464103487396,0.00539464103487396
A,mean_pbrs,3,ongoing,False,False,False,False,0.005315816422628284,0.005315816422628284
B,mean_pbrs,3,ongoing,False,False,False,False,0.005926933512206346,0.005926933512206346
A,mean_pbrs,4,ongoing,False,False,False,False,0.005727220898694741,0.005727220898694741
B,mean_pbrs,4,ongoing,False,False,False,False,0.006338248145624248,0.006338248145624248
A,mean_pbrs,5,ongoing,False,False,False,False,0.006060842458560634,0.006060842458560634
B,mean_pbrs,5,ongoing,False,False,False,False,0.006671779862841599,0.006671779862841599
A,mean_pbrs,6,ongoing,False,False,False,False,0.005346323083132743,0.005346323083132743
B,mean_pbrs,6,ongoing,False,False,False,False,0.005957170644765131,0.005957170644765131
A,mean_pbrs,7,ongoing,False,False,False,False,0.005593739259240372,0.005593739259240372
B,mean_pbrs,7,ongoing,False,False,False,False,0.006204496978224206,0.006204496978224206
A,mean_pbrs,8,ongoing,False,False,False,False,0.005812835887541223,0.005812835887541223
B,mean_pbrs,8,ongoing,False,False,False,False,0.006423503763876503,0.006423503763876503
A,mean_pbrs,9,ongoing,False,False,False,False,0.0060101990011167455,0.0060101990011167455
B,mean_pbrs,9,ongoing,False,False,False,False,0.00662077703480345,0.00662077703480345
A,mean_pbrs,10,ongoing,False,False,False,False,0.006190448615336153,0.006190448615336153
B,mean_pbrs,10,ongoing,False,False,False,False,0.006800936806374347,0.006800936806374347
A,mean_pbrs,11,ongoing,False,False,False,False,0.00536193062278163,0.00536193062278163
B,mean_pbrs,11,ongoing,False,False,False,False,0.0059723289711712145,0.0059723289711712145
A,mean_pbrs,12,ongoing,False,False,False,False,0.005522136973941084,0.005522136973941084
B,mean_pbrs,12,ongoing,False,False,False,False,0.0061324454796821025,0.0061324454796821025
A,mean_pbrs,13,ongoing,False,False,False,False,0.005672971042723175,0.005672971042723175
B,mean_pbrs,13,ongoing,False,False,False,False,0.006283189705815651,0.006283189705815651
A,mean_pbrs,14,ongoing,False,False,False,False,0.0058159210053232435,0.0058159210053232435
B,mean_pbrs,14,ongoing,False,False,False,False,0.006426049825767178,0.006426049825767178
A,mean_pbrs,15,ongoing,False,False,False,False,0.005952176529116837,0.005952176529116837
B,mean_pbrs,15,ongoing,False,False,False,False,0.006562215506912184,0.006562215506912184
A,mean_pbrs,16,ongoing,False,False,False,False,0.006082709362956762,0.006082709362956762
B,mean_pbrs,16,ongoing,False,False,False,False,0.006692658498103566,0.006692658498103566
A,mean_pbrs,17,ongoing,False,False,False,False,0.006208330236695758,0.006208330236695758
B,mean_pbrs,17,ongoing,False,False,False,False,0.006818189529194019,0.006818189529194019
A,mean_pbrs,18,ongoing,False,False,False,False,0.006329729759096981,0.006329729759096981
B,mean_pbrs,18,ongoing,False,False,False,False,0.0069394992089466985,0.0069394992089466985
A,mean_pbrs,19,ongoing,False,False,False,False,0.006447291211019813,0.006447291211019813
B,mean_pbrs,19,ongoing,False,False,False,False,0.0070569708182209425,0.0070569708182209425
A,mean_pbrs,20,controller_terminal,True,False,True,True,-1.1939501588106611,-1.1939501588106611
B,mean_pbrs,20,controller_terminal,True,False,True,True,-1.1937977529467747,-1.1937977529467747
A,min_pbrs,1,ongoing,False,False,False,False,0.008164615384615437,0.008164615384615437
B,min_pbrs,1,ongoing,False,False,False,False,0.008775912159490617,0.008775912159490617
A,min_pbrs,2,ongoing,False,False,False,False,0.008267692307692365,0.008267692307692365
B,min_pbrs,2,ongoing,False,False,False,False,0.008878899239918992,0.008878899239918992
A,min_pbrs,3,ongoing,False,False,False,False,0.008370769230769315,0.008370769230769315
B,min_pbrs,3,ongoing,False,False,False,False,0.008981886320347377,0.008981886320347377
A,min_pbrs,4,ongoing,False,False,False,False,0.00847384615384622,0.00847384615384622
B,min_pbrs,4,ongoing,False,False,False,False,0.009084873400775729,0.009084873400775729
A,min_pbrs,5,ongoing,False,False,False,False,0.006400855196027634,0.006400855196027634
B,min_pbrs,5,ongoing,False,False,False,False,0.007011792600308597,0.007011792600308597
A,min_pbrs,6,ongoing,False,False,False,False,0.0035052923325309404,0.0035052923325309404
B,min_pbrs,6,ongoing,False,False,False,False,0.004116139894163329,0.004116139894163329
A,min_pbrs,7,ongoing,False,False,False,False,0.004145726267730543,0.004145726267730543
B,min_pbrs,7,ongoing,False,False,False,False,0.0047564839867143775,0.0047564839867143775
A,min_pbrs,8,ongoing,False,False,False,False,0.004672882011703284,0.004672882011703284
B,min_pbrs,8,ongoing,False,False,False,False,0.005283549888038563,0.005283549888038563
A,min_pbrs,9,ongoing,False,False,False,False,0.005113103696774468,0.005113103696774468
B,min_pbrs,9,ongoing,False,False,False,False,0.005723681730461172,0.005723681730461172
A,min_pbrs,10,ongoing,False,False,False,False,0.00548487138442213,0.00548487138442213
B,min_pbrs,10,ongoing,False,False,False,False,0.006095359575460324,0.006095359575460324
A,min_pbrs,11,ongoing,False,False,False,False,0.005801568644972633,0.005801568644972633
B,min_pbrs,11,ongoing,False,False,False,False,0.006411966993362217,0.006411966993362217
A,min_pbrs,12,ongoing,False,False,False,False,0.006073163280379635,0.006073163280379635
B,min_pbrs,12,ongoing,False,False,False,False,0.006683471786120654,0.006683471786120654
A,min_pbrs,13,ongoing,False,False,False,False,0.0063072687862772096,0.0063072687862772096
B,min_pbrs,13,ongoing,False,False,False,False,0.006917487449369686,0.006917487449369686
A,min_pbrs,14,ongoing,False,False,False,False,0.0065098378674467,0.0065098378674467
B,min_pbrs,14,ongoing,False,False,False,False,0.0071199666878906335,0.0071199666878906335
A,min_pbrs,15,ongoing,False,False,False,False,0.0066856291933902415,0.0066856291933902415
B,min_pbrs,15,ongoing,False,False,False,False,0.007295668171185588,0.007295668171185588
A,min_pbrs,16,ongoing,False,False,False,False,0.006838529759519352,0.006838529759519352
B,min_pbrs,16,ongoing,False,False,False,False,0.007448478894666156,0.007448478894666156
A,min_pbrs,17,ongoing,False,False,False,False,0.0069717824852445045,0.0069717824852445045
B,min_pbrs,17,ongoing,False,False,False,False,0.007581641777742764,0.007581641777742764
A,min_pbrs,18,ongoing,False,False,False,False,0.007088149805618671,0.007088149805618671
B,min_pbrs,18,ongoing,False,False,False,False,0.007697919255468389,0.007697919255468389
A,min_pbrs,19,ongoing,False,False,False,False,0.007189164844079211,0.007189164844079211
B,min_pbrs,19,ongoing,False,False,False,False,0.0077988444512803404,0.0077988444512803404
A,min_pbrs,20,controller_terminal,True,False,True,True,-1.1812583275503363,-1.1812583275503363
B,min_pbrs,20,controller_terminal,True,False,True,True,-1.18110592168645,-1.18110592168645
A,mean_pbrs,1,ongoing,False,False,False,False,0.003051968213547607,0.003051968213547607
B,mean_pbrs,1,ongoing,False,False,False,False,0.0036017714482085962,0.0036017714482085962
A,mean_pbrs,2,ongoing,False,False,False,False,0.0037934341026473308,0.0037934341026473308
B,mean_pbrs,2,ongoing,False,False,False,False,0.004220160414231406,0.004220160414231406
A,mean_pbrs,3,ongoing,False,False,False,False,0.00433081642262827,0.00433081642262827
B,mean_pbrs,3,ongoing,False,False,False,False,0.004634465811135403,0.004634465811135403
A,mean_pbrs,4,ongoing,False,False,False,False,0.004747220898694715,0.004747220898694715
B,mean_pbrs,4,ongoing,False,False,False,False,0.004927793364124933,0.004927793364124933
A,mean_pbrs,5,ongoing,False,False,False,False,0.005085842458560708,0.005085842458560708
B,mean_pbrs,5,ongoing,False,False,False,False,0.005143338000914011,0.005143338000914011
A,mean_pbrs,6,ongoing,False,False,False,False,0.005371323083132751,0.005371323083132751
B,mean_pbrs,6,ongoing,False,False,False,False,0.005305741702409128,0.005305741702409128
A,mean_pbrs,7,ongoing,False,False,False,False,0.005618739259240358,0.005618739259240358
B,mean_pbrs,7,ongoing,False,False,False,False,0.005430080955439809,0.005430080955439809
A,mean_pbrs,8,ongoing,False,False,False,False,0.00583783588754121,0.00583783588754121
B,mean_pbrs,8,ongoing,False,False,False,False,0.005526100660663736,0.005526100660663736
A,mean_pbrs,9,ongoing,False,False,False,False,0.0060351990011167315,0.0060351990011167315
B,mean_pbrs,9,ongoing,False,False,False,False,0.005600386851162321,0.005600386851162321
A,mean_pbrs,10,ongoing,False,False,False,False,0.0062154486153361615,0.0062154486153361615
B,mean_pbrs,10,ongoing,False,False,False,False,0.005657559542304847,0.005657559542304847
A,mean_pbrs,11,ongoing,False,False,False,False,0.005386930622781661,0.005386930622781661
B,mean_pbrs,11,ongoing,False,False,False,False,0.00470596462667342,0.00470596462667342
A,mean_pbrs,12,ongoing,False,False,False,False,0.0055471369739410695,0.0055471369739410695
B,mean_pbrs,12,ongoing,False,False,False,False,0.004743094054755948,0.004743094054755948
A,mean_pbrs,13,ongoing,False,False,False,False,0.005697971042723182,0.005697971042723182
B,mean_pbrs,13,ongoing,False,False,False,False,0.004770851200461102,0.004770851200461102
A,mean_pbrs,14,ongoing,False,False,False,False,0.005840921005323208,0.005840921005323208
B,mean_pbrs,14,ongoing,False,False,False,False,0.004790724239984234,0.004790724239984234
A,mean_pbrs,15,ongoing,False,False,False,False,0.005977176529116846,0.005977176529116846
B,mean_pbrs,15,ongoing,False,False,False,False,0.004803902840700914,0.004803902840700914
A,mean_pbrs,16,ongoing,False,False,False,False,0.00610770936295677,0.00610770936295677
B,mean_pbrs,16,ongoing,False,False,False,False,0.004811358751463924,0.004811358751463924
A,mean_pbrs,17,ongoing,False,False,False,False,0.006233330236695767,0.006233330236695767
B,mean_pbrs,17,ongoing,False,False,False,False,0.004813902702126028,0.004813902702126028
A,mean_pbrs,18,ongoing,False,False,False,False,0.006354729759096988,0.006354729759096988
B,mean_pbrs,18,ongoing,False,False,False,False,0.0048122253014503125,0.0048122253014503125
A,mean_pbrs,19,ongoing,False,False,False,False,0.00647245906015872,0.00647245906015872
B,mean_pbrs,19,ongoing,False,False,False,False,0.0048068776794351065,0.0048068776794351065
A,mean_pbrs,20,ongoing,False,False,False,False,0.006585713358546341,0.006585713358546341
B,mean_pbrs,20,ongoing,False,False,False,False,0.004797055054745836,0.004797055054745836
A,mean_pbrs,21,ongoing,False,False,False,False,0.006697898586124906,0.006697898586124906
B,mean_pbrs,21,ongoing,False,False,False,False,0.004786163359247442,0.004786163359247442
A,mean_pbrs,22,ongoing,False,False,False,False,0.006810451253275463,0.006810451253275463
B,mean_pbrs,22,ongoing,False,False,False,False,0.004775639103321106,0.004775639103321106
A,mean_pbrs,23,ongoing,False,False,False,False,0.005334447177624125,0.005334447177624125
B,mean_pbrs,23,ongoing,False,False,False,False,0.003176558104592875,0.003176558104592875
A,mean_pbrs,24,ongoing,False,False,False,False,0.005505127122253905,0.005505127122253905
B,mean_pbrs,24,ongoing,False,False,False,False,0.0032241611261456305,0.0032241611261456305
A,mean_pbrs,25,ongoing,False,False,False,False,0.006041149532393719,0.006041149532393719
B,mean_pbrs,25,ongoing,False,False,False,False,0.0036371066132085744,0.0036371066132085744
A,mean_pbrs,26,ongoing,False,False,False,False,0.0064309966729473094,0.0064309966729473094
B,mean_pbrs,26,ongoing,False,False,False,False,0.0039038768306852495,0.0039038768306852495
A,mean_pbrs,27,ongoing,False,False,False,False,0.006737625335867059,0.006737625335867059
B,mean_pbrs,27,ongoing,False,False,False,False,0.00408742857052804,0.00408742857052804
A,mean_pbrs,28,ongoing,False,False,False,False,0.00699273362776529,0.00699273362776529
B,mean_pbrs,28,ongoing,False,False,False,False,0.004219459939349357,0.004219459939349357
A,mean_pbrs,29,ongoing,False,False,False,False,0.007213895128650295,0.007213895128650295
B,mean_pbrs,29,ongoing,False,False,False,False,0.0043175445171574015,0.0043175445171574015
A,mean_pbrs,30,ongoing,False,False,False,False,0.007411584065724108,0.007411584065724108
B,mean_pbrs,30,ongoing,False,False,False,False,0.0043921565311543015,0.0043921565311543015
A,mean_pbrs,31,ongoing,False,False,False,False,0.0075924264148136585,0.0075924264148136585
B,mean_pbrs,31,ongoing,False,False,False,False,0.004449921957166958,0.004449921957166958
A,mean_pbrs,32,ongoing,False,False,False,False,0.0077608388534759825,0.0077608388534759825
B,mean_pbrs,32,ongoing,False,False,False,False,0.004495257472752346,0.004495257472752346
A,mean_pbrs,33,ongoing,False,False,False,False,0.007919894322991962,0.007919894322991962
B,mean_pbrs,33,ongoing,False,False,False,False,0.004531236019191387,0.004531236019191387
A,mean_pbrs,34,ongoing,False,False,False,False,0.008071784034655806,0.008071784034655806
B,mean_pbrs,34,ongoing,False,False,False,False,0.004560048807778339,0.004560048807778339
A,mean_pbrs,35,ongoing,False,False,False,False,0.008218094358587048,0.008218094358587048
B,mean_pbrs,35,ongoing,False,False,False,False,0.004583282208632644,0.004583282208632644
A,mean_pbrs,36,ongoing,False,False,False,False,0.008298458482402094,0.008298458482402094
B,mean_pbrs,36,ongoing,False,False,False,False,0.004602107870909311,0.004602107870909311
A,mean_pbrs,37,ongoing,False,False,False,False,0.008313758637223768,0.008313758637223768
B,mean_pbrs,37,ongoing,False,False,False,False,0.004617408025730985,0.004617408025730985
A,mean_pbrs,38,ongoing,False,False,False,False,0.008326208926065415,0.008326208926065415
B,mean_pbrs,38,ongoing,False,False,False,False,0.004629858314572588,0.004629858314572588
A,mean_pbrs,39,ongoing,False,False,False,False,0.008336334542019453,0.008336334542019453
B,mean_pbrs,39,ongoing,False,False,False,False,0.004639983930526626,0.004639983930526626
A,mean_pbrs,40,ongoing,False,False,False,False,0.008344549146832936,0.008344549146832936
B,mean_pbrs,40,ongoing,False,False,False,False,0.004648198535340153,0.004648198535340153
A,mean_pbrs,41,ongoing,False,False,False,False,0.008351182392821243,0.008351182392821243
B,mean_pbrs,41,ongoing,False,False,False,False,0.004654831781328461,0.004654831781328461
A,mean_pbrs,42,ongoing,False,False,False,False,0.008356499738348821,0.008356499738348821
B,mean_pbrs,42,ongoing,False,False,False,False,0.004660149126855995,0.004660149126855995
A,mean_pbrs,43,ongoing,False,False,False,False,0.008360716947710123,0.008360716947710123
B,mean_pbrs,43,ongoing,False,False,False,False,0.004664366336217297,0.004664366336217297
A,mean_pbrs,44,ongoing,False,False,False,False,0.008364010858681815,0.008364010858681815
B,mean_pbrs,44,ongoing,False,False,False,False,0.004667660247189032,0.004667660247189032
A,mean_pbrs,45,ongoing,False,False,False,False,0.008366527486746688,0.008366527486746688
B,mean_pbrs,45,ongoing,False,False,False,False,0.004670176875253862,0.004670176875253862
A,mean_pbrs,46,controller_terminal,False,False,True,True,0.6000606958928676,0.6000606958928676
B,mean_pbrs,46,ongoing,False,False,False,False,0.004672037589068201,0.004672037589068201
B,mean_pbrs,47,ongoing,False,False,False,False,0.004673343870102143,0.004673343870102143
B,mean_pbrs,48,ongoing,False,False,False,False,0.004674181019914259,0.004674181019914259
B,mean_pbrs,49,ongoing,False,False,False,False,0.004674621076118046,0.004674621076118046
B,mean_pbrs,50,ongoing,False,False,False,False,0.004674725126905721,0.004674725126905721
B,mean_pbrs,51,ongoing,False,False,False,False,0.004674545163826283,0.004674545163826283
B,mean_pbrs,52,ongoing,False,False,False,False,0.004674125576721378,0.004674125576721378
B,mean_pbrs,53,ongoing,False,False,False,False,0.004673504368883763,0.004673504368883763
B,mean_pbrs,54,ongoing,False,False,False,False,0.004672714151647117,0.004672714151647117
B,mean_pbrs,55,ongoing,False,False,False,False,0.0046717829637188185,0.0046717829637188185
B,mean_pbrs,56,ongoing,False,False,False,False,0.004670734950223143,0.004670734950223143
B,mean_pbrs,57,ongoing,False,False,False,False,0.0046695909286547325,0.0046695909286547325
B,mean_pbrs,58,ongoing,False,False,False,False,0.004668368863063677,0.004668368863063677
B,mean_pbrs,59,ongoing,False,False,False,False,0.0046670842633001145,0.0046670842633001145
B,mean_pbrs,60,ongoing,False,False,False,False,0.0046657505226984424,0.0046657505226984424
B,mean_pbrs,61,ongoing,False,False,False,False,0.004664379204902347,0.004664379204902347
B,mean_pbrs,62,ongoing,False,False,False,False,0.004662980288448093,0.004662980288448093
B,mean_pbrs,63,ongoing,False,False,False,False,0.004661562376085038,0.004661562376085038
B,mean_pbrs,64,ongoing,False,False,False,False,0.004660132874516477,0.004660132874516477
B,mean_pbrs,65,ongoing,False,False,False,False,0.004658698149218177,0.004658698149218177
B,mean_pbrs,66,controller_terminal,True,False,True,True,0.413458295620564,0.413458295620564
A,min_pbrs,1,ongoing,False,False,False,False,0.008164615384615437,0.008164615384615437
B,min_pbrs,1,ongoing,False,False,False,False,0.008775912159490617,0.008775912159490617
A,min_pbrs,2,ongoing,False,False,False,False,0.008267692307692365,0.008267692307692365
B,min_pbrs,2,ongoing,False,False,False,False,0.008878899239918992,0.008878899239918992
A,min_pbrs,3,ongoing,False,False,False,False,0.008370769230769315,0.008370769230769315
B,min_pbrs,3,ongoing,False,False,False,False,0.008981886320347377,0.008981886320347377
A,min_pbrs,4,truncation,False,True,False,False,0.00847384615384622,0.00847384615384622
B,min_pbrs,4,truncation,False,True,False,False,0.009084873400775729,0.009084873400775729
