condition,seed,checkpoint,n_swap_pairs_total,n_swap_pairs_role_valid,n_swap_pairs_eligible,n_swap_pairs_changed,D_swap,swap_eligibility
double_dqn,63001,0,8,8,0,0,,0.0
double_dqn,63001,10000,8,8,2,1,0.5,0.25
double_dqn,63001,25000,8,8,4,1,0.25,0.5
double_dqn,63001,50000,8,8,8,4,0.5,1.0
double_dqn,63001,75000,8,8,8,1,0.125,1.0
double_dqn,63001,100000,8,8,5,1,0.2,0.625
double_dqn,63001,150000,8,8,7,0,0.0,0.875
double_dqn,63001,200000,8,8,7,2,0.2857142857142857,0.875
double_dqn,63001,250000,8,8,5,3,0.6,0.625
double_dqn,63001,300000,8,8,6,2,0.3333333333333333,0.75
double_dqn,63002,0,8,8,0,0,,0.0
double_dqn,63002,10000,8,8,6,5,0.8333333333333334,0.75
double_dqn,63002,25000,8,8,0,0,,0.0
double_dqn,63002,50000,8,8,3,0,0.0,0.375
double_dqn,63002,75000,8,8,2,1,0.5,0.25
double_dqn,63002,100000,8,8,1,1,1.0,0.125
double_dqn,63002,150000,8,8,0,0,,0.0
double_dqn,63002,200000,8,8,1,1,1.0,0.125
double_dqn,63002,250000,8,8,0,0,,0.0
double_dqn,63002,300000,8,8,7,4,0.5714285714285714,0.875
double_dqn,63003,0,8,8,0,0,,0.0
double_dqn,63003,10000,8,8,3,3,1.0,0.375
double_dqn,63003,25000,8,8,5,1,0.2,0.625
double_dqn,63003,50000,8,8,1,0,0.0,0.125
double_dqn,63003,75000,8,8,7,5,0.7142857142857143,0.875
double_dqn,63003,100000,8,8,6,1,0.16666666666666666,0.75
double_dqn,63003,150000,8,8,6,3,0.5,0.75
double_dqn,63003,200000,8,8,7,2,0.2857142857142857,0.875
double_dqn,63003,250000,8,8,8,4,0.5,1.0
double_dqn,63003,300000,8,8,7,4,0.5714285714285714,0.875
double_dqn,63004,0,8,8,1,1,1.0,0.125
double_dqn,63004,10000,8,8,6,1,0.16666666666666666,0.75
double_dqn,63004,25000,8,8,8,3,0.375,1.0
double_dqn,63004,50000,8,8,3,1,0.3333333333333333,0.375
double_dqn,63004,75000,8,8,6,2,0.3333333333333333,0.75
double_dqn,63004,100000,8,8,8,4,0.5,1.0
double_dqn,63004,150000,8,8,8,0,0.0,1.0
double_dqn,63004,200000,8,8,7,6,0.8571428571428571,0.875
double_dqn,63004,250000,8,8,5,2,0.4,0.625
double_dqn,63004,300000,8,8,8,7,0.875,1.0
double_dqn,63005,0,8,8,8,8,1.0,1.0
double_dqn,63005,10000,8,8,2,2,1.0,0.25
double_dqn,63005,25000,8,8,2,0,0.0,0.25
double_dqn,63005,50000,8,8,2,0,0.0,0.25
double_dqn,63005,75000,8,8,8,2,0.25,1.0
double_dqn,63005,100000,8,8,7,6,0.8571428571428571,0.875
double_dqn,63005,150000,8,8,8,0,0.0,1.0
double_dqn,63005,200000,8,8,7,3,0.42857142857142855,0.875
double_dqn,63005,250000,8,8,7,1,0.14285714285714285,0.875
double_dqn,63005,300000,8,8,7,2,0.2857142857142857,0.875
double_dqn,63006,0,8,8,2,0,0.0,0.25
double_dqn,63006,10000,8,8,0,0,,0.0
double_dqn,63006,25000,8,8,8,1,0.125,1.0
double_dqn,63006,50000,8,8,8,7,0.875,1.0
double_dqn,63006,75000,8,8,2,0,0.0,0.25
double_dqn,63006,100000,8,8,7,1,0.14285714285714285,0.875
double_dqn,63006,150000,8,8,5,0,0.0,0.625
double_dqn,63006,200000,8,8,6,1,0.16666666666666666,0.75
double_dqn,63006,250000,8,8,8,3,0.375,1.0
double_dqn,63006,300000,8,8,8,2,0.25,1.0
double_dqn,63007,0,8,8,1,0,0.0,0.125
double_dqn,63007,10000,8,8,6,6,1.0,0.75
double_dqn,63007,25000,8,8,6,2,0.3333333333333333,0.75
double_dqn,63007,50000,8,8,8,1,0.125,1.0
double_dqn,63007,75000,8,8,7,3,0.42857142857142855,0.875
double_dqn,63007,100000,8,8,1,0,0.0,0.125
double_dqn,63007,150000,8,8,3,3,1.0,0.375
double_dqn,63007,200000,8,8,4,2,0.5,0.5
double_dqn,63007,250000,8,8,8,3,0.375,1.0
double_dqn,63007,300000,8,8,0,0,,0.0
double_dqn,63008,0,8,8,0,0,,0.0
double_dqn,63008,10000,8,8,0,0,,0.0
double_dqn,63008,25000,8,8,1,0,0.0,0.125
double_dqn,63008,50000,8,8,1,1,1.0,0.125
double_dqn,63008,75000,8,8,5,1,0.2,0.625
double_dqn,63008,100000,8,8,6,5,0.8333333333333334,0.75
double_dqn,63008,150000,8,8,8,5,0.625,1.0
double_dqn,63008,200000,8,8,8,5,0.625,1.0
double_dqn,63008,250000,8,8,6,4,0.6666666666666666,0.75
double_dqn,63008,300000,8,8,4,0,0.0,0.5
double_dqn,63009,0,8,8,0,0,,0.0
double_dqn,63009,10000,8,8,3,3,1.0,0.375
double_dqn,63009,25000,8,8,7,1,0.14285714285714285,0.875
double_dqn,63009,50000,8,8,6,2,0.3333333333333333,0.75
double_dqn,63009,75000,8,8,8,3,0.375,1.0
double_dqn,63009,100000,8,8,6,1,0.16666666666666666,0.75
double_dqn,63009,150000,8,8,5,1,0.2,0.625
double_dqn,63009,200000,8,8,8,0,0.0,1.0
double_dqn,63009,250000,8,8,8,3,0.375,1.0
double_dqn,63009,300000,8,8,1,0,0.0,0.125
double_dqn,63010,0,8,8,0,0,,0.0
double_dqn,63010,10000,8,8,2,0,0.0,0.25
double_dqn,63010,25000,8,8,5,1,0.2,0.625
double_dqn,63010,50000,8,8,4,1,0.25,0.5
double_dqn,63010,75000,8,8,1,0,0.0,0.125
double_dqn,63010,100000,8,8,8,4,0.5,1.0
double_dqn,63010,150000,8,8,5,1,0.2,0.625
double_dqn,63010,200000,8,8,6,2,0.3333333333333333,0.75
double_dqn,63010,250000,8,8,8,5,0.625,1.0
double_dqn,63010,300000,8,8,0,0,,0.0
double_dqn,63011,0,8,8,0,0,,0.0
double_dqn,63011,10000,8,8,6,6,1.0,0.75
double_dqn,63011,25000,8,8,4,0,0.0,0.5
double_dqn,63011,50000,8,8,0,0,,0.0
double_dqn,63011,75000,8,8,5,1,0.2,0.625
double_dqn,63011,100000,8,8,7,2,0.2857142857142857,0.875
double_dqn,63011,150000,8,8,7,1,0.14285714285714285,0.875
double_dqn,63011,200000,8,8,8,3,0.375,1.0
double_dqn,63011,250000,8,8,8,6,0.75,1.0
double_dqn,63011,300000,8,8,8,3,0.375,1.0
double_dqn,63012,0,8,8,0,0,,0.0
double_dqn,63012,10000,8,8,0,0,,0.0
double_dqn,63012,25000,8,8,7,2,0.2857142857142857,0.875
double_dqn,63012,50000,8,8,4,1,0.25,0.5
double_dqn,63012,75000,8,8,7,3,0.42857142857142855,0.875
double_dqn,63012,100000,8,8,2,0,0.0,0.25
double_dqn,63012,150000,8,8,5,2,0.4,0.625
double_dqn,63012,200000,8,8,7,1,0.14285714285714285,0.875
double_dqn,63012,250000,8,8,2,0,0.0,0.25
double_dqn,63012,300000,8,8,8,3,0.375,1.0
double_dqn,63013,0,8,8,0,0,,0.0
double_dqn,63013,10000,8,8,4,0,0.0,0.5
double_dqn,63013,25000,8,8,8,0,0.0,1.0
double_dqn,63013,50000,8,8,0,0,,0.0
double_dqn,63013,75000,8,8,0,0,,0.0
double_dqn,63013,100000,8,8,7,7,1.0,0.875
double_dqn,63013,150000,8,8,4,4,1.0,0.5
double_dqn,63013,200000,8,8,0,0,,0.0
double_dqn,63013,250000,8,8,7,4,0.5714285714285714,0.875
double_dqn,63013,300000,8,8,5,2,0.4,0.625
double_dqn,63014,0,8,8,0,0,,0.0
double_dqn,63014,10000,8,8,0,0,,0.0
double_dqn,63014,25000,8,8,1,0,0.0,0.125
double_dqn,63014,50000,8,8,0,0,,0.0
double_dqn,63014,75000,8,8,0,0,,0.0
double_dqn,63014,100000,8,8,0,0,,0.0
double_dqn,63014,150000,8,8,5,0,0.0,0.625
double_dqn,63014,200000,8,8,6,0,0.0,0.75
double_dqn,63014,250000,8,8,8,3,0.375,1.0
double_dqn,63014,300000,8,8,8,6,0.75,1.0
double_dqn,63015,0,8,8,3,0,0.0,0.375
double_dqn,63015,10000,8,8,3,0,0.0,0.375
double_dqn,63015,25000,8,8,1,1,1.0,0.125
double_dqn,63015,50000,8,8,8,8,1.0,1.0
double_dqn,63015,75000,8,8,2,0,0.0,0.25
double_dqn,63015,100000,8,8,3,0,0.0,0.375
double_dqn,63015,150000,8,8,8,0,0.0,1.0
double_dqn,63015,200000,8,8,8,0,0.0,1.0
double_dqn,63015,250000,8,8,7,0,0.0,0.875
double_dqn,63015,300000,8,8,8,0,0.0,1.0
double_dqn,63016,0,8,8,0,0,,0.0
double_dqn,63016,10000,8,8,3,2,0.6666666666666666,0.375
double_dqn,63016,25000,8,8,0,0,,0.0
double_dqn,63016,50000,8,8,0,0,,0.0
double_dqn,63016,75000,8,8,0,0,,0.0
double_dqn,63016,100000,8,8,0,0,,0.0
double_dqn,63016,150000,8,8,0,0,,0.0
double_dqn,63016,200000,8,8,7,2,0.2857142857142857,0.875
double_dqn,63016,250000,8,8,7,3,0.42857142857142855,0.875
double_dqn,63016,300000,8,8,2,0,0.0,0.25
double_dqn,63017,0,8,8,6,6,1.0,0.75
double_dqn,63017,10000,8,8,5,0,0.0,0.625
double_dqn,63017,25000,8,8,6,1,0.16666666666666666,0.75
double_dqn,63017,50000,8,8,8,4,0.5,1.0
double_dqn,63017,75000,8,8,6,2,0.3333333333333333,0.75
double_dqn,63017,100000,8,8,8,3,0.375,1.0
double_dqn,63017,150000,8,8,5,0,0.0,0.625
double_dqn,63017,200000,8,8,4,2,0.5,0.5
double_dqn,63017,250000,8,8,0,0,,0.0
double_dqn,63017,300000,8,8,0,0,,0.0
double_dqn,63018,0,8,8,0,0,,0.0
double_dqn,63018,10000,8,8,2,0,0.0,0.25
double_dqn,63018,25000,8,8,3,1,0.3333333333333333,0.375
double_dqn,63018,50000,8,8,8,4,0.5,1.0
double_dqn,63018,75000,8,8,8,1,0.125,1.0
double_dqn,63018,100000,8,8,8,6,0.75,1.0
double_dqn,63018,150000,8,8,5,1,0.2,0.625
double_dqn,63018,200000,8,8,6,1,0.16666666666666666,0.75
double_dqn,63018,250000,8,8,1,1,1.0,0.125
double_dqn,63018,300000,8,8,2,0,0.0,0.25
double_dqn,63019,0,8,8,1,0,0.0,0.125
double_dqn,63019,10000,8,8,6,5,0.8333333333333334,0.75
double_dqn,63019,25000,8,8,0,0,,0.0
double_dqn,63019,50000,8,8,0,0,,0.0
double_dqn,63019,75000,8,8,5,0,0.0,0.625
double_dqn,63019,100000,8,8,7,1,0.14285714285714285,0.875
double_dqn,63019,150000,8,8,3,3,1.0,0.375
double_dqn,63019,200000,8,8,8,2,0.25,1.0
double_dqn,63019,250000,8,8,0,0,,0.0
double_dqn,63019,300000,8,8,6,4,0.6666666666666666,0.75
double_dqn,63020,0,8,8,8,8,1.0,1.0
double_dqn,63020,10000,8,8,3,0,0.0,0.375
double_dqn,63020,25000,8,8,4,3,0.75,0.5
double_dqn,63020,50000,8,8,0,0,,0.0
double_dqn,63020,75000,8,8,0,0,,0.0
double_dqn,63020,100000,8,8,0,0,,0.0
double_dqn,63020,150000,8,8,2,2,1.0,0.25
double_dqn,63020,200000,8,8,5,3,0.6,0.625
double_dqn,63020,250000,8,8,1,0,0.0,0.125
double_dqn,63020,300000,8,8,8,2,0.25,1.0
vanilla_dqn,63001,0,8,8,0,0,,0.0
vanilla_dqn,63001,10000,8,8,1,0,0.0,0.125
vanilla_dqn,63001,25000,8,8,0,0,,0.0
vanilla_dqn,63001,50000,8,8,0,0,,0.0
vanilla_dqn,63001,75000,8,8,0,0,,0.0
vanilla_dqn,63001,100000,8,8,0,0,,0.0
vanilla_dqn,63001,150000,8,8,4,2,0.5,0.5
vanilla_dqn,63001,200000,8,8,6,3,0.5,0.75
vanilla_dqn,63001,250000,8,8,8,3,0.375,1.0
vanilla_dqn,63001,300000,8,8,2,0,0.0,0.25
vanilla_dqn,63002,0,8,8,0,0,,0.0
vanilla_dqn,63002,10000,8,8,2,0,0.0,0.25
vanilla_dqn,63002,25000,8,8,0,0,,0.0
vanilla_dqn,63002,50000,8,8,0,0,,0.0
vanilla_dqn,63002,75000,8,8,0,0,,0.0
vanilla_dqn,63002,100000,8,8,0,0,,0.0
vanilla_dqn,63002,150000,8,8,0,0,,0.0
vanilla_dqn,63002,200000,8,8,0,0,,0.0
vanilla_dqn,63002,250000,8,8,0,0,,0.0
vanilla_dqn,63002,300000,8,8,0,0,,0.0
vanilla_dqn,63003,0,8,8,0,0,,0.0
vanilla_dqn,63003,10000,8,8,0,0,,0.0
vanilla_dqn,63003,25000,8,8,5,2,0.4,0.625
vanilla_dqn,63003,50000,8,8,1,1,1.0,0.125
vanilla_dqn,63003,75000,8,8,0,0,,0.0
vanilla_dqn,63003,100000,8,8,0,0,,0.0
vanilla_dqn,63003,150000,8,8,4,0,0.0,0.5
vanilla_dqn,63003,200000,8,8,4,2,0.5,0.5
vanilla_dqn,63003,250000,8,8,8,2,0.25,1.0
vanilla_dqn,63003,300000,8,8,1,1,1.0,0.125
vanilla_dqn,63004,0,8,8,1,1,1.0,0.125
vanilla_dqn,63004,10000,8,8,0,0,,0.0
vanilla_dqn,63004,25000,8,8,7,0,0.0,0.875
vanilla_dqn,63004,50000,8,8,0,0,,0.0
vanilla_dqn,63004,75000,8,8,0,0,,0.0
vanilla_dqn,63004,100000,8,8,0,0,,0.0
vanilla_dqn,63004,150000,8,8,0,0,,0.0
vanilla_dqn,63004,200000,8,8,6,2,0.3333333333333333,0.75
vanilla_dqn,63004,250000,8,8,8,4,0.5,1.0
vanilla_dqn,63004,300000,8,8,3,0,0.0,0.375
vanilla_dqn,63005,0,8,8,8,8,1.0,1.0
vanilla_dqn,63005,10000,8,8,1,0,0.0,0.125
vanilla_dqn,63005,25000,8,8,1,0,0.0,0.125
vanilla_dqn,63005,50000,8,8,0,0,,0.0
vanilla_dqn,63005,75000,8,8,0,0,,0.0
vanilla_dqn,63005,100000,8,8,0,0,,0.0
vanilla_dqn,63005,150000,8,8,0,0,,0.0
vanilla_dqn,63005,200000,8,8,2,2,1.0,0.25
vanilla_dqn,63005,250000,8,8,0,0,,0.0
vanilla_dqn,63005,300000,8,8,5,0,0.0,0.625
vanilla_dqn,63006,0,8,8,2,0,0.0,0.25
vanilla_dqn,63006,10000,8,8,1,0,0.0,0.125
vanilla_dqn,63006,25000,8,8,0,0,,0.0
vanilla_dqn,63006,50000,8,8,0,0,,0.0
vanilla_dqn,63006,75000,8,8,0,0,,0.0
vanilla_dqn,63006,100000,8,8,0,0,,0.0
vanilla_dqn,63006,150000,8,8,7,7,1.0,0.875
vanilla_dqn,63006,200000,8,8,0,0,,0.0
vanilla_dqn,63006,250000,8,8,0,0,,0.0
vanilla_dqn,63006,300000,8,8,4,2,0.5,0.5
vanilla_dqn,63007,0,8,8,1,0,0.0,0.125
vanilla_dqn,63007,10000,8,8,0,0,,0.0
vanilla_dqn,63007,25000,8,8,0,0,,0.0
vanilla_dqn,63007,50000,8,8,1,1,1.0,0.125
vanilla_dqn,63007,75000,8,8,0,0,,0.0
vanilla_dqn,63007,100000,8,8,1,1,1.0,0.125
vanilla_dqn,63007,150000,8,8,1,0,0.0,0.125
vanilla_dqn,63007,200000,8,8,6,1,0.16666666666666666,0.75
vanilla_dqn,63007,250000,8,8,4,4,1.0,0.5
vanilla_dqn,63007,300000,8,8,8,8,1.0,1.0
vanilla_dqn,63008,0,8,8,0,0,,0.0
vanilla_dqn,63008,10000,8,8,3,2,0.6666666666666666,0.375
vanilla_dqn,63008,25000,8,8,0,0,,0.0
vanilla_dqn,63008,50000,8,8,0,0,,0.0
vanilla_dqn,63008,75000,8,8,0,0,,0.0
vanilla_dqn,63008,100000,8,8,0,0,,0.0
vanilla_dqn,63008,150000,8,8,4,1,0.25,0.5
vanilla_dqn,63008,200000,8,8,8,6,0.75,1.0
vanilla_dqn,63008,250000,8,8,8,7,0.875,1.0
vanilla_dqn,63008,300000,8,8,6,1,0.16666666666666666,0.75
vanilla_dqn,63009,0,8,8,0,0,,0.0
vanilla_dqn,63009,10000,8,8,6,6,1.0,0.75
vanilla_dqn,63009,25000,8,8,7,1,0.14285714285714285,0.875
vanilla_dqn,63009,50000,8,8,0,0,,0.0
vanilla_dqn,63009,75000,8,8,0,0,,0.0
vanilla_dqn,63009,100000,8,8,1,1,1.0,0.125
vanilla_dqn,63009,150000,8,8,6,3,0.5,0.75
vanilla_dqn,63009,200000,8,8,1,0,0.0,0.125
vanilla_dqn,63009,250000,8,8,7,1,0.14285714285714285,0.875
vanilla_dqn,63009,300000,8,8,6,2,0.3333333333333333,0.75
vanilla_dqn,63010,0,8,8,0,0,,0.0
vanilla_dqn,63010,10000,8,8,1,0,0.0,0.125
vanilla_dqn,63010,25000,8,8,1,1,1.0,0.125
vanilla_dqn,63010,50000,8,8,1,0,0.0,0.125
vanilla_dqn,63010,75000,8,8,1,1,1.0,0.125
vanilla_dqn,63010,100000,8,8,2,0,0.0,0.25
vanilla_dqn,63010,150000,8,8,0,0,,0.0
vanilla_dqn,63010,200000,8,8,0,0,,0.0
vanilla_dqn,63010,250000,8,8,4,4,1.0,0.5
vanilla_dqn,63010,300000,8,8,8,5,0.625,1.0
vanilla_dqn,63011,0,8,8,0,0,,0.0
vanilla_dqn,63011,10000,8,8,7,4,0.5714285714285714,0.875
vanilla_dqn,63011,25000,8,8,1,0,0.0,0.125
vanilla_dqn,63011,50000,8,8,0,0,,0.0
vanilla_dqn,63011,75000,8,8,0,0,,0.0
vanilla_dqn,63011,100000,8,8,0,0,,0.0
vanilla_dqn,63011,150000,8,8,1,0,0.0,0.125
vanilla_dqn,63011,200000,8,8,0,0,,0.0
vanilla_dqn,63011,250000,8,8,1,1,1.0,0.125
vanilla_dqn,63011,300000,8,8,0,0,,0.0
vanilla_dqn,63012,0,8,8,0,0,,0.0
vanilla_dqn,63012,10000,8,8,0,0,,0.0
vanilla_dqn,63012,25000,8,8,0,0,,0.0
vanilla_dqn,63012,50000,8,8,0,0,,0.0
vanilla_dqn,63012,75000,8,8,0,0,,0.0
vanilla_dqn,63012,100000,8,8,0,0,,0.0
vanilla_dqn,63012,150000,8,8,0,0,,0.0
vanilla_dqn,63012,200000,8,8,0,0,,0.0
vanilla_dqn,63012,250000,8,8,0,0,,0.0
vanilla_dqn,63012,300000,8,8,1,1,1.0,0.125
vanilla_dqn,63013,0,8,8,0,0,,0.0
vanilla_dqn,63013,10000,8,8,8,4,0.5,1.0
vanilla_dqn,63013,25000,8,8,0,0,,0.0
vanilla_dqn,63013,50000,8,8,0,0,,0.0
vanilla_dqn,63013,75000,8,8,0,0,,0.0
vanilla_dqn,63013,100000,8,8,0,0,,0.0
vanilla_dqn,63013,150000,8,8,0,0,,0.0
vanilla_dqn,63013,200000,8,8,0,0,,0.0
vanilla_dqn,63013,250000,8,8,0,0,,0.0
vanilla_dqn,63013,300000,8,8,0,0,,0.0
vanilla_dqn,63014,0,8,8,0,0,,0.0
vanilla_dqn,63014,10000,8,8,0,0,,0.0
vanilla_dqn,63014,25000,8,8,0,0,,0.0
vanilla_dqn,63014,50000,8,8,0,0,,0.0
vanilla_dqn,63014,75000,8,8,0,0,,0.0
vanilla_dqn,63014,100000,8,8,0,0,,0.0
vanilla_dqn,63014,150000,8,8,0,0,,0.0
vanilla_dqn,63014,200000,8,8,0,0,,0.0
vanilla_dqn,63014,250000,8,8,0,0,,0.0
vanilla_dqn,63014,300000,8,8,0,0,,0.0
vanilla_dqn,63015,0,8,8,3,0,0.0,0.375
vanilla_dqn,63015,10000,8,8,1,0,0.0,0.125
vanilla_dqn,63015,25000,8,8,8,2,0.25,1.0
vanilla_dqn,63015,50000,8,8,0,0,,0.0
vanilla_dqn,63015,75000,8,8,0,0,,0.0
vanilla_dqn,63015,100000,8,8,0,0,,0.0
vanilla_dqn,63015,150000,8,8,5,0,0.0,0.625
vanilla_dqn,63015,200000,8,8,7,1,0.14285714285714285,0.875
vanilla_dqn,63015,250000,8,8,8,2,0.25,1.0
vanilla_dqn,63015,300000,8,8,8,1,0.125,1.0
vanilla_dqn,63016,0,8,8,0,0,,0.0
vanilla_dqn,63016,10000,8,8,3,2,0.6666666666666666,0.375
vanilla_dqn,63016,25000,8,8,2,1,0.5,0.25
vanilla_dqn,63016,50000,8,8,0,0,,0.0
vanilla_dqn,63016,75000,8,8,0,0,,0.0
vanilla_dqn,63016,100000,8,8,0,0,,0.0
vanilla_dqn,63016,150000,8,8,4,0,0.0,0.5
vanilla_dqn,63016,200000,8,8,8,2,0.25,1.0
vanilla_dqn,63016,250000,8,8,4,4,1.0,0.5
vanilla_dqn,63016,300000,8,8,4,3,0.75,0.5
vanilla_dqn,63017,0,8,8,6,6,1.0,0.75
vanilla_dqn,63017,10000,8,8,1,0,0.0,0.125
vanilla_dqn,63017,25000,8,8,1,1,1.0,0.125
vanilla_dqn,63017,50000,8,8,0,0,,0.0
vanilla_dqn,63017,75000,8,8,0,0,,0.0
vanilla_dqn,63017,100000,8,8,0,0,,0.0
vanilla_dqn,63017,150000,8,8,0,0,,0.0
vanilla_dqn,63017,200000,8,8,0,0,,0.0
vanilla_dqn,63017,250000,8,8,0,0,,0.0
vanilla_dqn,63017,300000,8,8,0,0,,0.0
vanilla_dqn,63018,0,8,8,0,0,,0.0
vanilla_dqn,63018,10000,8,8,0,0,,0.0
vanilla_dqn,63018,25000,8,8,8,3,0.375,1.0
vanilla_dqn,63018,50000,8,8,0,0,,0.0
vanilla_dqn,63018,75000,8,8,0,0,,0.0
vanilla_dqn,63018,100000,8,8,3,2,0.6666666666666666,0.375
vanilla_dqn,63018,150000,8,8,0,0,,0.0
vanilla_dqn,63018,200000,8,8,0,0,,0.0
vanilla_dqn,63018,250000,8,8,0,0,,0.0
vanilla_dqn,63018,300000,8,8,5,5,1.0,0.625
vanilla_dqn,63019,0,8,8,1,0,0.0,0.125
vanilla_dqn,63019,10000,8,8,4,2,0.5,0.5
vanilla_dqn,63019,25000,8,8,0,0,,0.0
vanilla_dqn,63019,50000,8,8,2,1,0.5,0.25
vanilla_dqn,63019,75000,8,8,0,0,,0.0
vanilla_dqn,63019,100000,8,8,0,0,,0.0
vanilla_dqn,63019,150000,8,8,0,0,,0.0
vanilla_dqn,63019,200000,8,8,0,0,,0.0
vanilla_dqn,63019,250000,8,8,7,7,1.0,0.875
vanilla_dqn,63019,300000,8,8,5,5,1.0,0.625
vanilla_dqn,63020,0,8,8,8,8,1.0,1.0
vanilla_dqn,63020,10000,8,8,0,0,,0.0
vanilla_dqn,63020,25000,8,8,6,1,0.16666666666666666,0.75
vanilla_dqn,63020,50000,8,8,0,0,,0.0
vanilla_dqn,63020,75000,8,8,0,0,,0.0
vanilla_dqn,63020,100000,8,8,0,0,,0.0
vanilla_dqn,63020,150000,8,8,0,0,,0.0
vanilla_dqn,63020,200000,8,8,0,0,,0.0
vanilla_dqn,63020,250000,8,8,4,4,1.0,0.5
vanilla_dqn,63020,300000,8,8,0,0,,0.0
