run_id,mode,seed,phase,episode,episode_objective_reward,mean_step_reward,min_step_reward,max_step_reward,collision_penalty_triggered,mean_ttc,min_ttc,mean_waiting_time,final_waiting_time
diag_egoistic_seed0,egoistic,0,train,0,0.1274,0.003,-0.015,0.0354,0,,,8.2857,15.0
diag_egoistic_seed0,egoistic,0,train,1,0.774,0.0387,0.013,0.063,0,2.7398943638891144,2.7398943638891144,0.0,0.0
diag_egoistic_seed0,egoistic,0,train,2,0.5121,0.0341,0.0244,0.0478,0,28.492019027069418,15.268486804424734,0.0,0.0
diag_egoistic_seed0,egoistic,0,train,3,0.4196,0.0175,0.0001,0.0301,0,,,3.0417,5.0
diag_egoistic_seed0,egoistic,0,train,4,-0.9983,-0.1664,-1.2182,0.0571,1,1.2706479756563063,0.36220978263372183,0.0,0.0
diag_egoistic_seed0,egoistic,0,train,5,-0.2883,-0.0222,-0.9485,0.0692,1,5.651299956736317,5.651299956736317,0.0,0.0
diag_egoistic_seed0,egoistic,0,train,6,0.4759,0.0297,0.0204,0.0404,0,123.9895110107294,123.9895110107294,0.0,0.0
diag_egoistic_seed0,egoistic,0,train,7,0.3095,0.0103,-0.01,0.0372,0,,,5.9667,10.0
diag_egoistic_seed0,egoistic,0,train,8,0.3468,0.0315,-0.0563,0.0653,0,0.8211349866303107,0.8211349866303107,0.0,0.0
diag_egoistic_seed0,egoistic,0,train,9,-0.0716,-0.0042,-1.0187,0.075,1,,,0.0,0.0
diag_egoistic_seed0,egoistic,0,train,10,0.7314,0.0563,0.0375,0.075,0,3.2280790687361947,3.2280790687361947,0.0,0.0
diag_egoistic_seed0,egoistic,0,train,11,0.4894,0.035,0.0172,0.0472,0,47.38727639764393,47.38727639764393,0.0,0.0
diag_egoistic_seed0,egoistic,0,train,12,0.4603,0.0384,0.0253,0.0453,0,20.837459608139056,3.02131660750193,0.0,0.0
diag_egoistic_seed0,egoistic,0,train,13,0.4552,0.0253,-0.003,0.0497,0,,,1.1667,3.0
diag_egoistic_seed0,egoistic,0,train,14,0.5195,0.0371,0.0201,0.0601,0,8.605330293939053,8.605330293939053,0.0,0.0
diag_egoistic_seed0,egoistic,0,train,15,0.7641,0.0364,-0.1612,0.075,0,1.1590104638917125,1.1590104638917125,0.0,0.0
diag_egoistic_seed0,egoistic,0,train,16,0.4854,0.0303,0.0105,0.0405,0,160.4018295102379,158.92417374023316,0.0,0.0
diag_egoistic_seed0,egoistic,0,train,17,0.4985,0.0383,0.0207,0.0607,0,8.43913623987772,4.941781095893465,0.0,0.0
diag_egoistic_seed0,egoistic,0,train,18,-1.1543,-0.1154,-1.6539,0.075,1,0.136195780672628,0.136195780672628,0.0,0.0
diag_egoistic_seed0,egoistic,0,train,19,0.4958,0.0354,0.0214,0.0414,0,30.95493236151286,16.79860572322478,0.0,0.0
diag_egoistic_seed0,egoistic,0,train,20,0.4733,0.0394,0.0182,0.0482,0,21.543612383214178,21.543612383214178,0.0,0.0
diag_egoistic_seed0,egoistic,0,train,21,0.462,0.033,0.0286,0.0402,0,48.503280000727464,12.481637446294926,0.0,0.0
diag_egoistic_seed0,egoistic,0,train,22,-0.8448,-0.1207,-1.1664,0.0686,1,0.4245568869291356,0.4245568869291356,0.0,0.0
diag_egoistic_seed0,egoistic,0,train,23,0.4835,0.0345,0.0228,0.0428,0,49.545259099353444,9.296510974542654,0.0,0.0
diag_egoistic_seed0,egoistic,0,train,24,0.2602,0.0084,-0.055,0.075,0,,,0.0,0.0
diag_egoistic_seed0,egoistic,0,eval,0,0.459,0.0306,0.0259,0.0359,0,,,0.0,0.0
diag_egoistic_seed0,egoistic,0,eval,1,0.4797,0.03,0.02,0.04,0,503.79294000138646,503.79294000138646,0.0,0.0
diag_egoistic_seed0,egoistic,0,eval,2,0.4913,0.0223,0.0141,0.0341,0,,,0.0,0.0
diag_egoistic_seed0,egoistic,0,eval,3,0.4885,0.0305,0.0299,0.0306,0,145.56094487848665,145.56094487848665,0.0,0.0
diag_egoistic_seed0,egoistic,0,eval,4,0.4922,0.0308,0.0258,0.0358,0,,,0.0,0.0
diag_egoistic_seed0,egoistic,0,eval,5,0.0835,0.0014,-0.041,0.075,0,,,14.35,41.0
diag_egoistic_seed0,egoistic,0,eval,6,0.4915,0.0273,0.0223,0.0323,0,,,0.0,0.0
diag_egoistic_seed0,egoistic,0,eval,7,0.5008,0.0278,0.0217,0.0317,0,,,0.0,0.0
diag_egoistic_seed0,egoistic,0,eval,8,-0.0063,-0.0001,-0.043,0.075,0,,,15.7667,43.0
diag_egoistic_seed0,egoistic,0,eval,9,0.1345,0.0022,-0.04,0.075,0,,,13.6667,40.0
diag_rawlsian_seed0,rawlsian,0,train,0,-213.7836,-5.0901,-14.0,8.0898,0,,,8.2857,15.0
diag_rawlsian_seed0,rawlsian,0,train,1,144.4531,7.2227,3.6047,9.4406,0,2.7398943638891144,2.7398943638891144,0.0,0.0
diag_rawlsian_seed0,rawlsian,0,train,2,114.2681,7.6179,5.8706,9.8118,0,28.492019027069418,15.268486804424734,0.0,0.0
diag_rawlsian_seed0,rawlsian,0,train,3,18.2059,0.7586,-7.4163,6.0217,0,,,3.0417,5.0
diag_rawlsian_seed0,rawlsian,0,train,4,52.5668,8.7611,7.0945,9.0945,1,1.2706479756563063,0.36220978263372183,0.0,0.0
diag_rawlsian_seed0,rawlsian,0,train,5,124.8306,9.6024,8.8372,9.7415,0,1.9919749839718446,1.9919749839718446,0.0,0.0
diag_rawlsian_seed0,rawlsian,0,train,6,106.0345,8.1565,6.664,10.3218,0,1.6435755218991708,1.6435755218991708,0.0,0.0
diag_rawlsian_seed0,rawlsian,0,train,7,-47.9938,-1.4998,-9.0,8.4469,0,,,5.2812,10.0
diag_rawlsian_seed0,rawlsian,0,train,8,95.5773,6.8269,4.0617,9.7176,0,6.4059461116590315,5.40594611165903,0.0,0.0
diag_rawlsian_seed0,rawlsian,0,train,9,129.848,8.6565,7.2677,9.0037,0,1.6682862488433994,1.6682862488433994,0.0,0.0
diag_rawlsian_seed0,rawlsian,0,train,10,108.5119,8.3471,6.0415,9.9334,0,3.2280790687361947,3.2280790687361947,0.0,0.0
diag_rawlsian_seed0,rawlsian,0,train,11,88.2142,9.8016,8.039,10.039,0,4.893914077238336,4.893914077238336,0.0,0.0
diag_rawlsian_seed0,rawlsian,0,train,12,123.2413,9.4801,9.4801,9.4801,0,1.2185378300057736,1.2185378300057736,0.0,0.0
diag_rawlsian_seed0,rawlsian,0,train,13,62.8509,8.9787,6.4751,10.2647,1,0.6541461589015591,0.6541461589015591,0.0,0.0
diag_rawlsian_seed0,rawlsian,0,train,14,95.8604,7.3739,3.0161,9.5463,0,3.309809056185021,3.309809056185021,0.0,0.0
diag_rawlsian_seed0,rawlsian,0,train,15,86.2472,8.6247,6.3578,10.2258,0,3.7905620880326953,3.7905620880326953,0.0,0.0
diag_rawlsian_seed0,rawlsian,0,train,16,68.4604,8.5575,7.0912,9.0463,1,0.06069246285921809,0.06069246285921809,0.0,0.0
diag_rawlsian_seed0,rawlsian,0,train,17,98.1383,4.6733,-14.0,9.0612,0,,,0.0,0.0
diag_rawlsian_seed0,rawlsian,0,train,18,81.5202,8.152,5.3637,9.0109,0,0.9743760701340767,0.9743760701340767,0.0,0.0
diag_rawlsian_seed0,rawlsian,0,train,19,75.9338,9.4917,9.2763,9.5225,1,0.44420618293550357,0.44420618293550357,0.0,0.0
diag_rawlsian_seed0,rawlsian,0,train,20,91.9309,8.3574,6.6317,9.7954,0,3.9437326902564975,3.443732690256499,0.0,0.0
diag_rawlsian_seed0,rawlsian,0,train,21,88.4434,8.8443,6.5782,10.2536,0,3.508391035868411,3.508391035868411,0.0,0.0
diag_rawlsian_seed0,rawlsian,0,train,22,105.0612,8.7551,6.7184,10.6138,0,8.671592683460634,3.4139004373518795,0.0,0.0
diag_rawlsian_seed0,rawlsian,0,train,23,125.7506,7.8594,-14.0,9.8939,0,,,0.0,0.0
diag_rawlsian_seed0,rawlsian,0,train,24,54.3941,9.0657,7.399,9.399,1,0.3352635641200289,0.3352635641200289,0.0,0.0
diag_rawlsian_seed0,rawlsian,0,eval,0,-519.2891,-8.6548,-14.0,9.7013,0,,,0.0,0.0
diag_rawlsian_seed0,rawlsian,0,eval,1,-515.5446,-8.5924,-14.0,9.9934,0,,,0.0,0.0
diag_rawlsian_seed0,rawlsian,0,eval,2,-512.048,-8.5341,-14.0,9.7109,0,,,0.0,0.0
diag_rawlsian_seed0,rawlsian,0,eval,3,-510.509,-8.5085,-14.0,10.6012,0,,,0.0,0.0
diag_rawlsian_seed0,rawlsian,0,eval,4,-511.5794,-8.5263,-14.0,9.711,0,,,0.0,0.0
diag_rawlsian_seed0,rawlsian,0,eval,5,-527.5011,-8.7917,-14.0,10.3113,0,,,0.0,0.0
diag_rawlsian_seed0,rawlsian,0,eval,6,-519.0447,-8.6507,-14.0,9.5105,0,,,0.0,0.0
diag_rawlsian_seed0,rawlsian,0,eval,7,-508.2708,-8.4712,-14.0,9.9632,0,,,0.0,0.0
diag_rawlsian_seed0,rawlsian,0,eval,8,-525.2227,-8.7537,-14.0,10.1578,0,,,0.0,0.0
diag_rawlsian_seed0,rawlsian,0,eval,9,-512.5176,-8.542,-14.0,10.6054,0,,,0.0,0.0
diag_egoistic_seed0,egoistic,0,train,0,1.1274,0.0268,-0.015,1.005,0,,,8.2857,15.0
diag_egoistic_seed0,egoistic,0,train,1,1.774,0.0887,0.013,1.0265,0,2.7398943638891144,2.7398943638891144,0.0,0.0
diag_egoistic_seed0,egoistic,0,train,2,1.4687,0.1049,0.0244,1.0441,0,29.169224768599303,9.793732832536046,0.0,0.0
diag_egoistic_seed0,egoistic,0,train,3,1.5071,0.0793,0.0151,1.0351,0,,,0.0,0.0
diag_egoistic_seed0,egoistic,0,train,4,-0.7049,-0.0881,-1.045,0.0571,1,0.9780962693092173,0.9780962693092173,0.0,0.0
diag_egoistic_seed0,egoistic,0,train,5,1.4646,0.1221,0.0292,1.0477,0,14.766141144050543,8.722794437669814,0.0,0.0
diag_egoistic_seed0,egoistic,0,train,6,-0.9881,-0.1412,-1.1872,0.0604,1,0.6843002956807036,0.4028287202662946,0.0,0.0
diag_egoistic_seed0,egoistic,0,train,7,1.4659,0.1222,0.0272,1.0426,0,14.475029256972057,6.835207209872235,0.0,0.0
diag_egoistic_seed0,egoistic,0,train,8,1.1773,0.031,-0.012,1.008,0,170.90553316070918,170.90553316070918,7.7368,12.0
diag_egoistic_seed0,egoistic,0,train,9,0.3583,0.0326,-0.002,0.0413,1,12.777520423760109,1.8741912154378841,0.0,0.0
diag_egoistic_seed0,egoistic,0,train,10,1.3836,0.1153,0.0275,0.9822,0,8.56812870100804,1.171163202772787,0.0,0.0
diag_egoistic_seed0,egoistic,0,train,11,-0.7637,-0.0849,-1.117,0.0672,1,1.3911160510755511,0.5416159719078133,0.0,0.0
diag_egoistic_seed0,egoistic,0,train,12,1.5209,0.0724,0.0153,1.0353,0,83.49752440968277,83.49752440968277,0.0,0.0
diag_egoistic_seed0,egoistic,0,train,13,-0.8125,-0.1161,-1.1305,0.0597,1,0.5249346358373931,0.5249346358373931,0.0,0.0
diag_egoistic_seed0,egoistic,0,train,14,-0.8836,-0.1262,-1.1841,0.0701,1,0.3924867894583932,0.3924867894583932,0.0,0.0
diag_egoistic_seed0,egoistic,0,train,15,1.4293,0.0572,-0.008,1.0572,0,20.978793853955157,20.978793853955157,5.36,8.0
diag_egoistic_seed0,egoistic,0,train,16,1.5041,0.1074,0.0305,1.0426,0,94.83897356783893,12.762436276534077,0.0,0.0
diag_egoistic_seed0,egoistic,0,train,17,1.8598,0.124,0.0407,1.0303,0,2.476313580277137,2.476313580277137,0.0,0.0
diag_egoistic_seed0,egoistic,0,train,18,1.4785,0.0739,0.0008,1.0404,0,218.81283520105058,214.64347838266525,0.85,1.0
diag_egoistic_seed0,egoistic,0,train,19,1.4956,0.0997,0.0214,1.051,0,30.5623963587396,9.64351987097236,0.0,0.0
diag_egoistic_seed0,egoistic,0,train,20,-0.6047,-0.0756,-0.9618,0.0582,1,,,0.0,0.0
diag_egoistic_seed0,egoistic,0,train,21,1.4928,0.0878,0.0202,1.0393,0,110.47506491670056,110.47506491670056,0.0,0.0
diag_egoistic_seed0,egoistic,0,train,22,-0.8064,-0.1008,-1.1452,0.0586,1,1.8386922111701798,0.4898026936521686,0.0,0.0
diag_egoistic_seed0,egoistic,0,train,23,1.4507,0.0967,0.0228,1.0489,0,61.176515757755176,14.199985425758976,0.0,0.0
diag_egoistic_seed0,egoistic,0,train,24,0.5059,0.046,0.0239,0.0622,1,2.6103973946495276,2.6103973946495276,0.0,0.0
diag_egoistic_seed0,egoistic,0,eval,0,-2.6632,-0.0444,-1.058,0.0259,0,,,28.5167,58.0
diag_egoistic_seed0,egoistic,0,eval,1,-2.651,-0.0442,-1.058,0.03,0,,,28.5167,58.0
diag_egoistic_seed0,egoistic,0,eval,2,-2.6686,-0.0445,-1.058,0.0241,0,,,28.5167,58.0
diag_egoistic_seed0,egoistic,0,eval,3,-2.6793,-0.0447,-1.058,0.0206,0,,,28.5167,58.0
diag_egoistic_seed0,egoistic,0,eval,4,-2.6637,-0.0444,-1.058,0.0258,0,,,28.5167,58.0
diag_egoistic_seed0,egoistic,0,eval,5,-2.6578,-0.0443,-1.058,0.0277,0,,,28.5167,58.0
diag_egoistic_seed0,egoistic,0,eval,6,-2.6741,-0.0446,-1.058,0.0223,0,,,28.5167,58.0
diag_egoistic_seed0,egoistic,0,eval,7,-2.6759,-0.0446,-1.058,0.0217,0,,,28.5167,58.0
diag_egoistic_seed0,egoistic,0,eval,8,-2.6569,-0.0443,-1.058,0.028,0,,,28.5167,58.0
diag_egoistic_seed0,egoistic,0,eval,9,-2.6661,-0.0444,-1.058,0.025,0,,,28.5167,58.0
diag_rawlsian_seed0,rawlsian,0,train,0,-212.7836,-5.0663,-14.0,8.0898,0,,,8.2857,15.0
diag_rawlsian_seed0,rawlsian,0,train,1,145.4531,7.2727,3.6047,9.4406,0,2.7398943638891144,2.7398943638891144,0.0,0.0
diag_rawlsian_seed0,rawlsian,0,train,2,115.2681,7.6845,5.8706,10.7755,0,28.492019027069418,15.268486804424734,0.0,0.0
diag_rawlsian_seed0,rawlsian,0,train,3,19.2059,0.8002,-7.4163,6.0217,0,,,3.0417,5.0
diag_rawlsian_seed0,rawlsian,0,train,4,52.5668,8.7611,7.0945,9.0945,1,1.2706479756563063,0.36220978263372183,0.0,0.0
diag_rawlsian_seed0,rawlsian,0,train,5,125.8306,9.6793,8.8372,10.7415,0,1.9919749839718446,1.9919749839718446,0.0,0.0
diag_rawlsian_seed0,rawlsian,0,train,6,107.0345,8.2334,6.664,11.3218,0,1.6435755218991708,1.6435755218991708,0.0,0.0
diag_rawlsian_seed0,rawlsian,0,train,7,-46.9938,-1.4686,-9.0,8.4469,0,,,5.2812,10.0
diag_rawlsian_seed0,rawlsian,0,train,8,96.5773,6.8984,4.0617,10.6176,0,6.4059461116590315,5.40594611165903,0.0,0.0
diag_rawlsian_seed0,rawlsian,0,train,9,130.848,8.7232,7.2677,10.0037,0,1.6682862488433994,1.6682862488433994,0.0,0.0
diag_rawlsian_seed0,rawlsian,0,train,10,109.5119,8.424,6.0415,9.9334,0,3.2280790687361947,3.2280790687361947,0.0,0.0
diag_rawlsian_seed0,rawlsian,0,train,11,89.2142,9.9127,9.039,10.039,0,4.893914077238336,4.893914077238336,0.0,0.0
diag_rawlsian_seed0,rawlsian,0,train,12,124.2413,9.557,9.4801,10.4801,0,1.2185378300057736,1.2185378300057736,0.0,0.0
diag_rawlsian_seed0,rawlsian,0,train,13,62.8509,8.9787,6.4751,10.2647,1,0.6541461589015591,0.6541461589015591,0.0,0.0
diag_rawlsian_seed0,rawlsian,0,train,14,96.8604,7.4508,3.0161,10.5463,0,3.309809056185021,3.309809056185021,0.0,0.0
diag_rawlsian_seed0,rawlsian,0,train,15,87.2472,8.7247,6.3578,10.2258,0,3.7905620880326953,3.7905620880326953,0.0,0.0
diag_rawlsian_seed0,rawlsian,0,train,16,68.4604,8.5575,7.0912,9.0463,1,0.06069246285921809,0.06069246285921809,0.0,0.0
diag_rawlsian_seed0,rawlsian,0,train,17,99.1383,4.7209,-14.0,9.0612,0,,,0.0,0.0
diag_rawlsian_seed0,rawlsian,0,train,18,82.5202,8.252,5.3637,10.0109,0,0.9743760701340767,0.9743760701340767,0.0,0.0
diag_rawlsian_seed0,rawlsian,0,train,19,75.9338,9.4917,9.2763,9.5225,1,0.44420618293550357,0.44420618293550357,0.0,0.0
diag_rawlsian_seed0,rawlsian,0,train,20,92.9309,8.4483,6.6317,10.7954,0,3.9437326902564975,3.443732690256499,0.0,0.0
diag_rawlsian_seed0,rawlsian,0,train,21,89.4434,8.9443,6.5782,10.2536,0,3.508391035868411,3.508391035868411,0.0,0.0
diag_rawlsian_seed0,rawlsian,0,train,22,106.0612,8.8384,6.7184,10.6138,0,8.671592683460634,3.4139004373518795,0.0,0.0
diag_rawlsian_seed0,rawlsian,0,train,23,126.7506,7.9219,-13.0,9.8939,0,,,0.0,0.0
diag_rawlsian_seed0,rawlsian,0,train,24,54.3941,9.0657,7.399,9.399,1,0.3352635641200289,0.3352635641200289,0.0,0.0
diag_rawlsian_seed0,rawlsian,0,eval,0,-520.2891,-8.6715,-15.0,9.7013,0,,,0.0,0.0
diag_rawlsian_seed0,rawlsian,0,eval,1,-516.5446,-8.6091,-15.0,9.9934,0,,,0.0,0.0
diag_rawlsian_seed0,rawlsian,0,eval,2,-513.048,-8.5508,-15.0,9.7109,0,,,0.0,0.0
diag_rawlsian_seed0,rawlsian,0,eval,3,-511.509,-8.5251,-15.0,10.6012,0,,,0.0,0.0
diag_rawlsian_seed0,rawlsian,0,eval,4,-512.5794,-8.543,-15.0,9.711,0,,,0.0,0.0
diag_rawlsian_seed0,rawlsian,0,eval,5,-528.5011,-8.8084,-15.0,10.3113,0,,,0.0,0.0
diag_rawlsian_seed0,rawlsian,0,eval,6,-520.0447,-8.6674,-15.0,9.5105,0,,,0.0,0.0
diag_rawlsian_seed0,rawlsian,0,eval,7,-509.2708,-8.4878,-15.0,9.9632,0,,,0.0,0.0
diag_rawlsian_seed0,rawlsian,0,eval,8,-526.2227,-8.7704,-15.0,10.1578,0,,,0.0,0.0
diag_rawlsian_seed0,rawlsian,0,eval,9,-513.5176,-8.5586,-15.0,10.6054,0,,,0.0,0.0
