master_seed,checkpoint_step,checkpoint_sha256,validation_block_id,assignment,block_index,evaluation_seed,controller_A_role,controller_B_role,success,collision,terminated,truncated,termination_reason,episode_length,passing_order,first_exit_controller,first_exit_step,second_exit_step,merge_entry_step_A,merge_entry_step_B,final_progress_A,final_progress_B,final_speed_A,final_speed_B,minimum_TTC,minimum_bumper_gap,mean_stakeholder_utility,minimum_stakeholder_utility,utility_A,utility_B,roles0_A,roles0_B,evaluation_guard,condition
61001,100000,e9628546d2aca735c119844c0c1bd18a01fffc3179f44b7ce903408b03f36b63,validation_001,0,0,566001,mainline,ramp,False,False,False,True,truncation,400,,B,47.0,,,,94.66666666666676,260.6500000000006,0.0,0.0,,19.30623100240119,0.5229346571016071,0.042925000000000074,0.042925000000000074,0.9927659574468087,mainline,ramp,"{'optimizer_steps': 0, 'replay_writes': 0, 'target_syncs': 0, 'epsilon_updates': 0, 'network_updates': 0}",baseline
61001,100000,e9628546d2aca735c119844c0c1bd18a01fffc3179f44b7ce903408b03f36b63,validation_001,1,0,566002,ramp,mainline,False,False,False,True,truncation,400,,B,68.0,,,,91.7866666666667,260.25000000000057,0.0,0.0,,,0.652615928098518,0.046125000000000096,0.046125000000000096,0.8023529411764712,ramp,mainline,"{'optimizer_steps': 0, 'replay_writes': 0, 'target_syncs': 0, 'epsilon_updates': 0, 'network_updates': 0}",baseline
61001,100000,e9628546d2aca735c119844c0c1bd18a01fffc3179f44b7ce903408b03f36b63,validation_002,0,1,566003,mainline,ramp,False,False,False,True,truncation,400,,B,45.0,,,,87.19999999999999,261.3000000000007,0.0,0.0,,25.734173914945885,0.5136417903802778,0.03487500000000001,0.03487500000000001,0.9755555555555558,mainline,ramp,"{'optimizer_steps': 0, 'replay_writes': 0, 'target_syncs': 0, 'epsilon_updates': 0, 'network_updates': 0}",baseline
61001,100000,e9628546d2aca735c119844c0c1bd18a01fffc3179f44b7ce903408b03f36b63,validation_002,1,1,566004,ramp,mainline,False,False,False,True,truncation,400,,B,67.0,,,,87.46666666666657,260.93000000000035,0.0,0.0,,,0.6389588179459724,0.02767499999999994,0.02767499999999994,0.793731343283582,ramp,mainline,"{'optimizer_steps': 0, 'replay_writes': 0, 'target_syncs': 0, 'epsilon_updates': 0, 'network_updates': 0}",baseline
61001,100000,e9628546d2aca735c119844c0c1bd18a01fffc3179f44b7ce903408b03f36b63,validation_003,0,2,566005,mainline,ramp,False,True,True,False,collision,30,,,,,,,164.01000000000053,107.79999999999986,28.800000000000168,14.599999999999959,,49.86655102397745,0.49716666666666676,0.0,0.988666666666667,0.0,mainline,ramp,"{'optimizer_steps': 0, 'replay_writes': 0, 'target_syncs': 0, 'epsilon_updates': 0, 'network_updates': 0}",baseline
61001,100000,e9628546d2aca735c119844c0c1bd18a01fffc3179f44b7ce903408b03f36b63,validation_003,1,2,566006,ramp,mainline,False,False,False,True,truncation,400,,B,60.0,,,,81.06666666666655,260.61000000000087,0.0,0.0,,,0.6838493496367019,0.02767499999999994,0.02767499999999994,0.8775000000000008,ramp,mainline,"{'optimizer_steps': 0, 'replay_writes': 0, 'target_syncs': 0, 'epsilon_updates': 0, 'network_updates': 0}",baseline
61001,100000,e9628546d2aca735c119844c0c1bd18a01fffc3179f44b7ce903408b03f36b63,validation_004,0,3,566007,mainline,ramp,False,False,False,True,truncation,400,,B,44.0,,,,87.19999999999999,261.50000000000034,0.0,0.0,,25.313782465714723,0.5215643607928416,0.03487500000000001,0.03487500000000001,1.0,mainline,ramp,"{'optimizer_steps': 0, 'replay_writes': 0, 'target_syncs': 0, 'epsilon_updates': 0, 'network_updates': 0}",baseline
61001,100000,e9628546d2aca735c119844c0c1bd18a01fffc3179f44b7ce903408b03f36b63,validation_004,1,3,566008,ramp,mainline,False,False,False,True,truncation,400,,,,,,,239.90666666666837,87.19999999999999,0.0,0.0,,24.608546632195797,0.3025018607928418,0.03487500000000001,0.12375000000000075,0.03487500000000001,ramp,mainline,"{'optimizer_steps': 0, 'replay_writes': 0, 'target_syncs': 0, 'epsilon_updates': 0, 'network_updates': 0}",baseline
61001,100000,e9628546d2aca735c119844c0c1bd18a01fffc3179f44b7ce903408b03f36b63,validation_005,0,4,566009,mainline,ramp,False,False,False,True,truncation,400,,B,43.0,,,,81.06666666666655,260.5000000000004,0.0,0.0,,26.934173914945944,0.5168071088872258,0.02767499999999994,0.02767499999999994,1.0,mainline,ramp,"{'optimizer_steps': 0, 'replay_writes': 0, 'target_syncs': 0, 'epsilon_updates': 0, 'network_updates': 0}",baseline
61001,100000,e9628546d2aca735c119844c0c1bd18a01fffc3179f44b7ce903408b03f36b63,validation_005,1,4,566010,ramp,mainline,False,False,False,True,truncation,400,,,,,,,225.76000000000158,81.06666666666655,0.0,0.0,,29.44576770690169,0.294825858887226,0.02767499999999994,0.1120750000000007,0.02767499999999994,ramp,mainline,"{'optimizer_steps': 0, 'replay_writes': 0, 'target_syncs': 0, 'epsilon_updates': 0, 'network_updates': 0}",baseline
61001,100000,e9628546d2aca735c119844c0c1bd18a01fffc3179f44b7ce903408b03f36b63,validation_006,0,5,566011,mainline,ramp,False,False,False,True,truncation,400,,B,44.0,,,,81.06666666666655,261.2000000000005,0.0,0.0,,29.298361680540495,0.5149151189062103,0.02767499999999994,0.02767499999999994,0.9931818181818183,mainline,ramp,"{'optimizer_steps': 0, 'replay_writes': 0, 'target_syncs': 0, 'epsilon_updates': 0, 'network_updates': 0}",baseline
61001,100000,e9628546d2aca735c119844c0c1bd18a01fffc3179f44b7ce903408b03f36b63,validation_006,1,5,566012,ramp,mainline,False,False,False,True,truncation,400,,,,,,,216.00000000000153,81.06666666666655,0.0,0.0,,28.901444447076983,0.29382591436075584,0.02767499999999994,0.10882500000000073,0.02767499999999994,ramp,mainline,"{'optimizer_steps': 0, 'replay_writes': 0, 'target_syncs': 0, 'epsilon_updates': 0, 'network_updates': 0}",baseline
61001,100000,e9628546d2aca735c119844c0c1bd18a01fffc3179f44b7ce903408b03f36b63,validation_007,0,6,566013,mainline,ramp,False,False,False,True,truncation,400,,B,43.0,,,,102.66666666666681,260.90000000000055,0.0,0.0,,22.91928781615721,0.5254989904250005,0.047925000000000086,0.047925000000000086,0.9930232558139536,mainline,ramp,"{'optimizer_steps': 0, 'replay_writes': 0, 'target_syncs': 0, 'epsilon_updates': 0, 'network_updates': 0}",baseline
61001,100000,e9628546d2aca735c119844c0c1bd18a01fffc3179f44b7ce903408b03f36b63,validation_007,1,6,566014,ramp,mainline,False,False,False,True,truncation,400,,B,69.0,,,,94.40000000000002,260.6625000000005,0.0,0.0,,,0.6467363812497652,0.03487500000000001,0.03487500000000001,0.795652173913044,ramp,mainline,"{'optimizer_steps': 0, 'replay_writes': 0, 'target_syncs': 0, 'epsilon_updates': 0, 'network_updates': 0}",baseline
61001,100000,e9628546d2aca735c119844c0c1bd18a01fffc3179f44b7ce903408b03f36b63,validation_008,0,7,566015,mainline,ramp,False,False,False,True,truncation,400,,B,45.0,,,,81.06666666666655,260.6000000000005,0.0,0.0,,25.72592794157771,0.5162654925183038,0.02767499999999994,0.02767499999999994,0.9933333333333334,mainline,ramp,"{'optimizer_steps': 0, 'replay_writes': 0, 'target_syncs': 0, 'epsilon_updates': 0, 'network_updates': 0}",baseline
61001,100000,e9628546d2aca735c119844c0c1bd18a01fffc3179f44b7ce903408b03f36b63,validation_008,1,7,566016,ramp,mainline,False,False,False,True,truncation,400,,,,,,,221.66666666666836,81.06666666666655,0.0,0.0,,25.72592794157771,0.2961821591849706,0.02767499999999994,0.11300000000000075,0.02767499999999994,ramp,mainline,"{'optimizer_steps': 0, 'replay_writes': 0, 'target_syncs': 0, 'epsilon_updates': 0, 'network_updates': 0}",baseline
61002,100000,3440b62063dddb4cf8cfcf965776613cc631d684f38754e9c4f6a122e6e7e63a,validation_001,0,0,566002,mainline,ramp,False,False,False,True,truncation,400,,B,49.0,,,,94.66666666666676,260.43000000000126,0.0,0.0,,22.36731185532004,0.524743167739905,0.042925000000000074,0.042925000000000074,1.0,mainline,ramp,"{'optimizer_steps': 0, 'replay_writes': 0, 'target_syncs': 0, 'epsilon_updates': 0, 'network_updates': 0}",baseline
61002,100000,3440b62063dddb4cf8cfcf965776613cc631d684f38754e9c4f6a122e6e7e63a,validation_001,1,0,566003,ramp,mainline,False,False,False,True,truncation,400,,,,,,,122.26666666666677,94.66666666666676,0.0,0.0,,6.527362455096636,0.29103691773990503,0.042925000000000074,0.06517500000000004,0.042925000000000074,ramp,mainline,"{'optimizer_steps': 0, 'replay_writes': 0, 'target_syncs': 0, 'epsilon_updates': 0, 'network_updates': 0}",baseline
61002,100000,3440b62063dddb4cf8cfcf965776613cc631d684f38754e9c4f6a122e6e7e63a,validation_002,0,1,566004,mainline,ramp,False,False,False,True,truncation,400,,B,56.0,,,,87.19999999999999,260.7300000000011,0.0,0.0,,25.575328685128653,0.4989939729199613,0.03487500000000001,0.03487500000000001,0.9169642857142896,mainline,ramp,"{'optimizer_steps': 0, 'replay_writes': 0, 'target_syncs': 0, 'epsilon_updates': 0, 'network_updates': 0}",baseline
61002,100000,3440b62063dddb4cf8cfcf965776613cc631d684f38754e9c4f6a122e6e7e63a,validation_002,1,1,566005,ramp,mainline,False,False,False,True,truncation,400,,A,51.0,,,,261.16000000000025,87.19999999999999,0.0,0.0,,26.416847395672505,0.5138705485502125,0.03487500000000001,0.9764705882352946,0.03487500000000001,ramp,mainline,"{'optimizer_steps': 0, 'replay_writes': 0, 'target_syncs': 0, 'epsilon_updates': 0, 'network_updates': 0}",baseline
61002,100000,3440b62063dddb4cf8cfcf965776613cc631d684f38754e9c4f6a122e6e7e63a,validation_003,0,2,566006,mainline,ramp,False,False,False,True,truncation,400,,B,51.0,,,,94.66666666666676,261.12,0.0,0.0,,23.274089571964552,0.51935101087716,0.042925000000000074,0.042925000000000074,0.9784313725490199,mainline,ramp,"{'optimizer_steps': 0, 'replay_writes': 0, 'target_syncs': 0, 'epsilon_updates': 0, 'network_updates': 0}",baseline
61002,100000,3440b62063dddb4cf8cfcf965776613cc631d684f38754e9c4f6a122e6e7e63a,validation_003,1,2,566007,ramp,mainline,False,False,False,True,truncation,400,,B,108.0,,,,125.54666666667346,260.35666666666634,0.7999999999999999,0.0,,,0.5327218908861013,0.055424999999999926,0.055424999999999926,0.5423148148148145,ramp,mainline,"{'optimizer_steps': 0, 'replay_writes': 0, 'target_syncs': 0, 'epsilon_updates': 0, 'network_updates': 0}",baseline
61002,100000,3440b62063dddb4cf8cfcf965776613cc631d684f38754e9c4f6a122e6e7e63a,validation_004,0,3,566008,mainline,ramp,False,False,False,True,truncation,400,,B,52.0,,,,87.79999999999998,261.00000000000153,0.0,0.0,,24.261866963179045,0.5205018629754276,0.035250000000000004,0.035250000000000004,0.9950000000000023,mainline,ramp,"{'optimizer_steps': 0, 'replay_writes': 0, 'target_syncs': 0, 'epsilon_updates': 0, 'network_updates': 0}",baseline
61002,100000,3440b62063dddb4cf8cfcf965776613cc631d684f38754e9c4f6a122e6e7e63a,validation_004,1,3,566009,ramp,mainline,False,False,False,True,truncation,400,,A,56.0,,,,260.62000000000177,87.19999999999999,0.0,0.0,,22.40700307148755,0.519912575078556,0.03487500000000001,0.9933928571428579,0.03487500000000001,ramp,mainline,"{'optimizer_steps': 0, 'replay_writes': 0, 'target_syncs': 0, 'epsilon_updates': 0, 'network_updates': 0}",baseline
61002,100000,3440b62063dddb4cf8cfcf965776613cc631d684f38754e9c4f6a122e6e7e63a,validation_005,0,4,566010,mainline,ramp,False,False,False,True,truncation,400,,B,58.0,,,,81.06666666666655,260.560000000002,0.0,0.0,,28.45347523860582,0.4945657295768818,0.02767499999999994,0.02767499999999994,0.9110344827586239,mainline,ramp,"{'optimizer_steps': 0, 'replay_writes': 0, 'target_syncs': 0, 'epsilon_updates': 0, 'network_updates': 0}",baseline
61002,100000,3440b62063dddb4cf8cfcf965776613cc631d684f38754e9c4f6a122e6e7e63a,validation_005,1,4,566011,ramp,mainline,False,False,False,True,truncation,400,,A,57.0,,,,261.2700000000007,81.06666666666655,0.0,0.0,,25.811167611886148,0.5090878106416123,0.02767499999999994,0.9691228070175462,0.02767499999999994,ramp,mainline,"{'optimizer_steps': 0, 'replay_writes': 0, 'target_syncs': 0, 'epsilon_updates': 0, 'network_updates': 0}",baseline
61002,100000,3440b62063dddb4cf8cfcf965776613cc631d684f38754e9c4f6a122e6e7e63a,validation_006,0,5,566012,mainline,ramp,False,False,False,True,truncation,400,,B,58.0,,,,81.06666666666655,260.76000000000033,0.0,0.0,,27.35347523860571,0.5004558712573082,0.02767499999999994,0.02767499999999994,0.9353448275862098,mainline,ramp,"{'optimizer_steps': 0, 'replay_writes': 0, 'target_syncs': 0, 'epsilon_updates': 0, 'network_updates': 0}",baseline
61002,100000,3440b62063dddb4cf8cfcf965776613cc631d684f38754e9c4f6a122e6e7e63a,validation_006,1,5,566013,ramp,mainline,False,False,False,True,truncation,400,,A,57.0,,,,261.20000000000067,81.06666666666655,0.0,0.0,,24.620351678469945,0.507584576641458,0.02767499999999994,0.9638596491228092,0.02767499999999994,ramp,mainline,"{'optimizer_steps': 0, 'replay_writes': 0, 'target_syncs': 0, 'epsilon_updates': 0, 'network_updates': 0}",baseline
61002,100000,3440b62063dddb4cf8cfcf965776613cc631d684f38754e9c4f6a122e6e7e63a,validation_007,0,6,566014,mainline,ramp,False,False,False,True,truncation,400,,B,49.0,,,,94.66666666666676,261.20000000000095,0.0,0.0,,24.732721637572453,0.5230084738623539,0.042925000000000074,0.042925000000000074,0.9930612244897962,mainline,ramp,"{'optimizer_steps': 0, 'replay_writes': 0, 'target_syncs': 0, 'epsilon_updates': 0, 'network_updates': 0}",baseline
61002,100000,3440b62063dddb4cf8cfcf965776613cc631d684f38754e9c4f6a122e6e7e63a,validation_007,1,6,566015,ramp,mainline,False,False,False,True,truncation,400,,A,45.0,,,,260.9800000000011,110.50666666666682,0.0,0.0,,22.986077409858837,0.5280265260432163,0.052825000000000094,0.9933333333333334,0.052825000000000094,ramp,mainline,"{'optimizer_steps': 0, 'replay_writes': 0, 'target_syncs': 0, 'epsilon_updates': 0, 'network_updates': 0}",baseline
61002,100000,3440b62063dddb4cf8cfcf965776613cc631d684f38754e9c4f6a122e6e7e63a,validation_008,0,7,566016,mainline,ramp,False,False,False,True,truncation,400,,B,56.0,,,,81.06666666666655,260.20000000000033,0.0,0.0,,24.733303698942365,0.5066821591849711,0.02767499999999994,0.02767499999999994,0.9550000000000028,mainline,ramp,"{'optimizer_steps': 0, 'replay_writes': 0, 'target_syncs': 0, 'epsilon_updates': 0, 'network_updates': 0}",baseline
61002,100000,3440b62063dddb4cf8cfcf965776613cc631d684f38754e9c4f6a122e6e7e63a,validation_008,1,7,566017,ramp,mainline,False,False,False,True,truncation,400,,A,57.0,,,,261.02000000000004,81.06666666666655,0.0,0.0,,24.317000248991278,0.5101690012902341,0.02767499999999994,0.9689473684210551,0.02767499999999994,ramp,mainline,"{'optimizer_steps': 0, 'replay_writes': 0, 'target_syncs': 0, 'epsilon_updates': 0, 'network_updates': 0}",baseline
61003,100000,cc41f916c31e5c28b10305f0b7ea9c2e7600a3bc2fc4ace025524984870e71eb,validation_001,0,0,566003,mainline,ramp,True,False,True,False,success,66,mainline_first,A,48.0,66.0,,,260.6399999999993,260.59999999999934,0.0,0.0,,25.50932717368869,0.947596466659638,0.8681131393658245,1.0,0.922272727272728,mainline,ramp,"{'optimizer_steps': 0, 'replay_writes': 0, 'target_syncs': 0, 'epsilon_updates': 0, 'network_updates': 0}",baseline
61003,100000,cc41f916c31e5c28b10305f0b7ea9c2e7600a3bc2fc4ace025524984870e71eb,validation_001,1,0,566004,ramp,mainline,False,False,False,True,truncation,400,,A,62.0,,,,260.5899999999987,99.98666666666686,0.0,0.0,,16.949317990373416,0.5182605127667945,0.04625000000000009,0.9674193548387107,0.04625000000000009,ramp,mainline,"{'optimizer_steps': 0, 'replay_writes': 0, 'target_syncs': 0, 'epsilon_updates': 0, 'network_updates': 0}",baseline
61003,100000,cc41f916c31e5c28b10305f0b7ea9c2e7600a3bc2fc4ace025524984870e71eb,validation_002,0,1,566005,mainline,ramp,True,False,True,False,success,72,ramp_first,B,54.0,72.0,,,260.11000000000155,260.51625000000143,0.0,0.0,18.00839063377195,7.334173914945765,0.8831283983219457,0.7822821118062956,0.7959722222222241,0.9542592592592629,mainline,ramp,"{'optimizer_steps': 0, 'replay_writes': 0, 'target_syncs': 0, 'epsilon_updates': 0, 'network_updates': 0}",baseline
61003,100000,cc41f916c31e5c28b10305f0b7ea9c2e7600a3bc2fc4ace025524984870e71eb,validation_002,1,1,566006,ramp,mainline,False,False,False,True,truncation,400,,A,57.0,,,,261.1399999999989,214.31999999999886,0.0,0.0,,13.531629576261054,0.5475821446928669,0.11555000000000006,0.9515789473684231,0.11555000000000006,ramp,mainline,"{'optimizer_steps': 0, 'replay_writes': 0, 'target_syncs': 0, 'epsilon_updates': 0, 'network_updates': 0}",baseline
61003,100000,cc41f916c31e5c28b10305f0b7ea9c2e7600a3bc2fc4ace025524984870e71eb,validation_003,0,2,566007,mainline,ramp,True,False,True,False,success,84,mainline_first,A,47.0,84.0,,,260.80000000000035,260.4800000000008,0.0,0.0,,32.02467131487161,0.8442861915314714,0.6622619047619038,1.0,0.6622619047619038,mainline,ramp,"{'optimizer_steps': 0, 'replay_writes': 0, 'target_syncs': 0, 'epsilon_updates': 0, 'network_updates': 0}",baseline
61003,100000,cc41f916c31e5c28b10305f0b7ea9c2e7600a3bc2fc4ace025524984870e71eb,validation_003,1,2,566008,ramp,mainline,False,False,False,True,truncation,400,,A,59.0,,,,260.6199999999989,216.40000000000077,0.0,0.799999999999999,,12.210378717192782,0.5510407790491136,0.12007500000000025,0.952542372881358,0.12007500000000025,ramp,mainline,"{'optimizer_steps': 0, 'replay_writes': 0, 'target_syncs': 0, 'epsilon_updates': 0, 'network_updates': 0}",baseline
61003,100000,cc41f916c31e5c28b10305f0b7ea9c2e7600a3bc2fc4ace025524984870e71eb,validation_004,0,3,566009,mainline,ramp,True,False,True,False,success,111,ramp_first,B,89.0,111.0,,,260.0000000000007,260.3125000000026,0.0,0.0,0.0,-0.36591042803540574,0.666222313360493,0.5148648648648666,0.5148648648648666,0.6046067415730398,mainline,ramp,"{'optimizer_steps': 0, 'replay_writes': 0, 'target_syncs': 0, 'epsilon_updates': 0, 'network_updates': 0}",baseline
61003,100000,cc41f916c31e5c28b10305f0b7ea9c2e7600a3bc2fc4ace025524984870e71eb,validation_004,1,3,566010,ramp,mainline,True,False,True,False,success,291,ramp_first,A,53.0,291.0,,,260.5599999999996,260.33583333333337,0.0,0.0,,9.447620607413455,0.6023626215008896,0.1976288659793815,1.0,0.1976288659793815,ramp,mainline,"{'optimizer_steps': 0, 'replay_writes': 0, 'target_syncs': 0, 'epsilon_updates': 0, 'network_updates': 0}",baseline
61003,100000,cc41f916c31e5c28b10305f0b7ea9c2e7600a3bc2fc4ace025524984870e71eb,validation_005,0,4,566011,mainline,ramp,True,False,True,False,success,83,ramp_first,B,50.0,83.0,,,260.04000000000076,260.74500000000126,0.0,0.0,,5.334173914945808,0.83379680775127,0.6724096385542192,0.6724096385542192,0.9898000000000015,mainline,ramp,"{'optimizer_steps': 0, 'replay_writes': 0, 'target_syncs': 0, 'epsilon_updates': 0, 'network_updates': 0}",baseline
61003,100000,cc41f916c31e5c28b10305f0b7ea9c2e7600a3bc2fc4ace025524984870e71eb,validation_005,1,4,566012,ramp,mainline,False,False,False,True,truncation,400,,,,,,,236.4666666666574,86.86666666666639,0.0,0.0,,20.172284107902072,0.3008821175878337,0.031299999999999925,0.12905000000000053,0.031299999999999925,ramp,mainline,"{'optimizer_steps': 0, 'replay_writes': 0, 'target_syncs': 0, 'epsilon_updates': 0, 'network_updates': 0}",baseline
61003,100000,cc41f916c31e5c28b10305f0b7ea9c2e7600a3bc2fc4ace025524984870e71eb,validation_006,0,5,566013,mainline,ramp,True,False,True,False,success,91,ramp_first,B,51.0,91.0,,,260.2399999999982,260.5450000000012,0.0,0.0,,3.658361680540196,0.8055302433600178,0.6138461538461556,0.6138461538461556,0.9890196078431381,mainline,ramp,"{'optimizer_steps': 0, 'replay_writes': 0, 'target_syncs': 0, 'epsilon_updates': 0, 'network_updates': 0}",baseline
61003,100000,cc41f916c31e5c28b10305f0b7ea9c2e7600a3bc2fc4ace025524984870e71eb,validation_006,1,5,566014,ramp,mainline,False,False,False,True,truncation,400,,,,,,,203.78000000000281,81.06666666666655,0.5999999999999918,0.0,,20.266346190127877,0.29354466436075555,0.02767499999999994,0.10769999999999964,0.02767499999999994,ramp,mainline,"{'optimizer_steps': 0, 'replay_writes': 0, 'target_syncs': 0, 'epsilon_updates': 0, 'network_updates': 0}",baseline
61003,100000,cc41f916c31e5c28b10305f0b7ea9c2e7600a3bc2fc4ace025524984870e71eb,validation_007,0,6,566015,mainline,ramp,True,False,True,False,success,70,ramp_first,B,52.0,70.0,,,260.48,261.0000000000011,0.0,0.0,27.91258595066006,10.679287816157185,0.9136929642814302,0.8355714285714301,0.8355714285714301,0.9821153846153869,mainline,ramp,"{'optimizer_steps': 0, 'replay_writes': 0, 'target_syncs': 0, 'epsilon_updates': 0, 'network_updates': 0}",baseline
61003,100000,cc41f916c31e5c28b10305f0b7ea9c2e7600a3bc2fc4ace025524984870e71eb,validation_007,1,6,566016,ramp,mainline,True,False,True,False,success,364,ramp_first,A,52.0,364.0,,,260.2999999999998,260.0558333333339,0.0,0.0,,15.888855215775166,0.5803429872673057,0.16184065934065955,0.9903846153846154,0.16184065934065955,ramp,mainline,"{'optimizer_steps': 0, 'replay_writes': 0, 'target_syncs': 0, 'epsilon_updates': 0, 'network_updates': 0}",baseline
61003,100000,cc41f916c31e5c28b10305f0b7ea9c2e7600a3bc2fc4ace025524984870e71eb,validation_008,0,7,566017,mainline,ramp,True,False,True,False,success,104,ramp_first,B,54.0,104.0,,,260.3499999999996,260.8362500000016,0.0,0.0,0.0,-0.9140720584224482,0.7706285942112746,0.5383653846153865,0.5383653846153865,0.9727777777777799,mainline,ramp,"{'optimizer_steps': 0, 'replay_writes': 0, 'target_syncs': 0, 'epsilon_updates': 0, 'network_updates': 0}",baseline
61003,100000,cc41f916c31e5c28b10305f0b7ea9c2e7600a3bc2fc4ace025524984870e71eb,validation_008,1,7,566018,ramp,mainline,False,False,False,True,truncation,400,,,,,,,203.66000000000284,81.06666666666655,0.5999999999999918,0.0,,20.266346190127862,0.2954009091849703,0.02767499999999994,0.10987499999999965,0.02767499999999994,ramp,mainline,"{'optimizer_steps': 0, 'replay_writes': 0, 'target_syncs': 0, 'epsilon_updates': 0, 'network_updates': 0}",baseline
61004,100000,a52ed6d4bd69dfffdc07d6236d70fedaff01f555cd6e54ad45acbffe30216f7a,validation_001,0,0,566004,mainline,ramp,False,False,False,True,truncation,400,,A,86.0,,,,260.8125000000003,233.98666666666935,0.0,0.0,,39.36582608505422,0.6110190713377694,0.13499999999999984,0.669418604651163,0.13499999999999984,mainline,ramp,"{'optimizer_steps': 0, 'replay_writes': 0, 'target_syncs': 0, 'epsilon_updates': 0, 'network_updates': 0}",baseline
61004,100000,a52ed6d4bd69dfffdc07d6236d70fedaff01f555cd6e54ad45acbffe30216f7a,validation_001,1,0,566005,ramp,mainline,True,False,True,False,success,64,mainline_first,B,53.0,64.0,,,261.14000000000027,260.4525000000005,0.0,0.0,,12.345450004667327,0.9517957530913643,0.8704966916107373,0.9368750000000029,0.9998113207547171,ramp,mainline,"{'optimizer_steps': 0, 'replay_writes': 0, 'target_syncs': 0, 'epsilon_updates': 0, 'network_updates': 0}",baseline
61004,100000,a52ed6d4bd69dfffdc07d6236d70fedaff01f555cd6e54ad45acbffe30216f7a,validation_002,0,1,566006,mainline,ramp,True,False,True,False,success,71,mainline_first,A,61.0,71.0,,,260.4200000000013,260.9300000000009,0.0,0.0,,3.8629997510095535,0.8662425678996377,0.759154062870775,0.9422950819672139,0.7635211267605619,mainline,ramp,"{'optimizer_steps': 0, 'replay_writes': 0, 'target_syncs': 0, 'epsilon_updates': 0, 'network_updates': 0}",baseline
61004,100000,a52ed6d4bd69dfffdc07d6236d70fedaff01f555cd6e54ad45acbffe30216f7a,validation_002,1,1,566007,ramp,mainline,True,False,True,False,success,60,ramp_first,A,45.0,60.0,,,261.3000000000007,260.20000000000016,0.0,0.0,,7.974173914946022,0.9438474266061851,0.8545008175358506,0.9755555555555558,0.945333333333334,ramp,mainline,"{'optimizer_steps': 0, 'replay_writes': 0, 'target_syncs': 0, 'epsilon_updates': 0, 'network_updates': 0}",baseline
61004,100000,a52ed6d4bd69dfffdc07d6236d70fedaff01f555cd6e54ad45acbffe30216f7a,validation_003,0,2,566008,mainline,ramp,True,False,True,False,success,121,mainline_first,A,85.0,121.0,,,261.0500000000003,260.4399999999994,0.0,0.0,,37.010063091907895,0.6928881837680594,0.4620661157024772,0.6698823529411769,0.4620661157024772,mainline,ramp,"{'optimizer_steps': 0, 'replay_writes': 0, 'target_syncs': 0, 'epsilon_updates': 0, 'network_updates': 0}",baseline
61004,100000,a52ed6d4bd69dfffdc07d6236d70fedaff01f555cd6e54ad45acbffe30216f7a,validation_003,1,2,566009,ramp,mainline,True,False,True,False,success,61,mainline_first,B,49.0,61.0,,,260.9800000000006,260.01000000000056,0.0,0.0,,9.680864364507087,0.938686244787204,0.8765047650303809,0.8888524590163939,0.989387755102041,ramp,mainline,"{'optimizer_steps': 0, 'replay_writes': 0, 'target_syncs': 0, 'epsilon_updates': 0, 'network_updates': 0}",baseline
61004,100000,a52ed6d4bd69dfffdc07d6236d70fedaff01f555cd6e54ad45acbffe30216f7a,validation_004,0,3,566010,mainline,ramp,True,False,True,False,success,125,mainline_first,A,88.0,125.0,,,260.67999999999995,260.4799999999997,0.0,0.0,,41.33065335161302,0.6816106315880196,0.4769599999999998,0.629318181818181,0.4769599999999998,mainline,ramp,"{'optimizer_steps': 0, 'replay_writes': 0, 'target_syncs': 0, 'epsilon_updates': 0, 'network_updates': 0}",baseline
61004,100000,a52ed6d4bd69dfffdc07d6236d70fedaff01f555cd6e54ad45acbffe30216f7a,validation_004,1,3,566011,ramp,mainline,True,False,True,False,success,60,ramp_first,A,44.0,60.0,,,261.50000000000034,260.3600000000015,0.0,0.0,,1.9137824657144193,0.9636860727430325,0.8967442909721295,1.0,0.9580000000000007,ramp,mainline,"{'optimizer_steps': 0, 'replay_writes': 0, 'target_syncs': 0, 'epsilon_updates': 0, 'network_updates': 0}",baseline
61004,100000,a52ed6d4bd69dfffdc07d6236d70fedaff01f555cd6e54ad45acbffe30216f7a,validation_005,0,4,566012,mainline,ramp,True,False,True,False,success,48,ramp_first,B,43.0,48.0,,,261.320000000001,261.48000000000036,0.0,0.0,,5.789780631650956,0.9576042018152459,0.8733334739276496,0.9570833333333337,1.0,mainline,ramp,"{'optimizer_steps': 0, 'replay_writes': 0, 'target_syncs': 0, 'epsilon_updates': 0, 'network_updates': 0}",baseline
61004,100000,a52ed6d4bd69dfffdc07d6236d70fedaff01f555cd6e54ad45acbffe30216f7a,validation_005,1,4,566013,ramp,mainline,True,False,True,False,success,62,ramp_first,A,43.0,62.0,,,261.5000000000004,260.305,0.0,0.0,,7.54391444096791,0.9327176431352087,0.8295802499601881,1.0,0.9012903225806465,ramp,mainline,"{'optimizer_steps': 0, 'replay_writes': 0, 'target_syncs': 0, 'epsilon_updates': 0, 'network_updates': 0}",baseline
61004,100000,a52ed6d4bd69dfffdc07d6236d70fedaff01f555cd6e54ad45acbffe30216f7a,validation_006,0,5,566014,mainline,ramp,True,False,True,False,success,127,mainline_first,A,89.0,127.0,,,260.4924999999997,260.7299999999992,0.0,0.0,,41.33021053036401,0.6601009569435479,0.44999999999999885,0.6086516853932575,0.44999999999999885,mainline,ramp,"{'optimizer_steps': 0, 'replay_writes': 0, 'target_syncs': 0, 'epsilon_updates': 0, 'network_updates': 0}",baseline
61004,100000,a52ed6d4bd69dfffdc07d6236d70fedaff01f555cd6e54ad45acbffe30216f7a,validation_006,1,5,566015,ramp,mainline,True,False,True,False,success,62,ramp_first,A,44.0,62.0,,,261.2000000000005,260.14500000000004,0.0,0.0,,4.738361680540592,0.9298429387552744,0.8255447755489551,0.9931818181818183,0.9006451612903239,ramp,mainline,"{'optimizer_steps': 0, 'replay_writes': 0, 'target_syncs': 0, 'epsilon_updates': 0, 'network_updates': 0}",baseline
61004,100000,a52ed6d4bd69dfffdc07d6236d70fedaff01f555cd6e54ad45acbffe30216f7a,validation_007,0,6,566016,mainline,ramp,True,False,True,False,success,57,mainline_first,A,48.0,57.0,,,260.1225000000011,261.12000000000194,0.0,0.0,,0.5314533678042892,0.9700518993452794,0.9284532114162045,1.0,0.9517543859649132,mainline,ramp,"{'optimizer_steps': 0, 'replay_writes': 0, 'target_syncs': 0, 'epsilon_updates': 0, 'network_updates': 0}",baseline
61004,100000,a52ed6d4bd69dfffdc07d6236d70fedaff01f555cd6e54ad45acbffe30216f7a,validation_007,1,6,566017,ramp,mainline,True,False,True,False,success,58,ramp_first,A,43.0,58.0,,,260.90000000000055,260.7000000000007,0.0,0.0,,11.159287816157303,0.9759418899742888,0.9107443040832016,0.9930232558139536,1.0,ramp,mainline,"{'optimizer_steps': 0, 'replay_writes': 0, 'target_syncs': 0, 'epsilon_updates': 0, 'network_updates': 0}",baseline
61004,100000,a52ed6d4bd69dfffdc07d6236d70fedaff01f555cd6e54ad45acbffe30216f7a,validation_008,0,7,566018,mainline,ramp,True,False,True,False,success,128,mainline_first,A,91.0,128.0,,,260.60999999999916,260.4799999999996,0.0,0.0,,43.76727836242708,0.6597654678921219,0.45304687499999874,0.5962637362637341,0.45304687499999874,mainline,ramp,"{'optimizer_steps': 0, 'replay_writes': 0, 'target_syncs': 0, 'epsilon_updates': 0, 'network_updates': 0}",baseline
61004,100000,a52ed6d4bd69dfffdc07d6236d70fedaff01f555cd6e54ad45acbffe30216f7a,validation_008,1,7,566019,ramp,mainline,True,False,True,False,success,62,ramp_first,A,45.0,62.0,,,260.6000000000005,260.5449999999999,0.0,0.0,,1.1659279415778059,0.9368441554424617,0.8517852239203827,0.9933333333333334,0.9022580645161304,ramp,mainline,"{'optimizer_steps': 0, 'replay_writes': 0, 'target_syncs': 0, 'epsilon_updates': 0, 'network_updates': 0}",baseline
61005,100000,37cca9b1c1253db4ca4befd9eb67e83d587383f2b369c05bf988af2d0bf7fd51,validation_001,0,0,566005,mainline,ramp,True,False,True,False,success,48,mainline_first,A,46.0,48.0,,,260.3100000000008,261.2800000000004,0.0,0.0,8.016552065796423,1.4683704237391026,0.9902388914631169,0.9609555658524679,1.0,1.0,mainline,ramp,"{'optimizer_steps': 0, 'replay_writes': 0, 'target_syncs': 0, 'epsilon_updates': 0, 'network_updates': 0}",baseline
61005,100000,37cca9b1c1253db4ca4befd9eb67e83d587383f2b369c05bf988af2d0bf7fd51,validation_001,1,0,566006,ramp,mainline,False,True,True,False,collision,33,,,,,,,107.81250000000011,112.13625000000023,5.500000000000009,4.250000000000037,0.0,-0.5987781140611474,0.43177999340914264,0.0,0.0,0.0,ramp,mainline,"{'optimizer_steps': 0, 'replay_writes': 0, 'target_syncs': 0, 'epsilon_updates': 0, 'network_updates': 0}",baseline
61005,100000,37cca9b1c1253db4ca4befd9eb67e83d587383f2b369c05bf988af2d0bf7fd51,validation_002,0,1,566007,mainline,ramp,False,False,False,True,truncation,400,,B,54.0,,,,95.24000000000004,260.79999999999984,0.0,0.0,,23.17959202980866,0.5164322950333802,0.03990000000000001,0.03990000000000001,0.9766666666666673,mainline,ramp,"{'optimizer_steps': 0, 'replay_writes': 0, 'target_syncs': 0, 'epsilon_updates': 0, 'network_updates': 0}",baseline
61005,100000,37cca9b1c1253db4ca4befd9eb67e83d587383f2b369c05bf988af2d0bf7fd51,validation_002,1,1,566008,ramp,mainline,False,False,False,True,truncation,400,,,,,,,124.03999999999984,87.19999999999999,0.0,0.0,,14.914318610977077,0.2823841514913888,0.03487500000000001,0.050524999999999765,0.03487500000000001,ramp,mainline,"{'optimizer_steps': 0, 'replay_writes': 0, 'target_syncs': 0, 'epsilon_updates': 0, 'network_updates': 0}",baseline
61005,100000,37cca9b1c1253db4ca4befd9eb67e83d587383f2b369c05bf988af2d0bf7fd51,validation_003,0,2,566009,mainline,ramp,False,True,True,False,collision,20,,,,,,,108.38500000000015,112.98500000000035,21.300000000000082,19.50000000000007,0.0,-0.517016165569018,0.48098380423164716,0.0,0.0,0.0,mainline,ramp,"{'optimizer_steps': 0, 'replay_writes': 0, 'target_syncs': 0, 'epsilon_updates': 0, 'network_updates': 0}",baseline
61005,100000,37cca9b1c1253db4ca4befd9eb67e83d587383f2b369c05bf988af2d0bf7fd51,validation_003,1,2,566010,ramp,mainline,False,True,True,False,collision,307,,B,289.0,,,,255.6399999999991,260.66666666666634,19.60000000000001,0.0,,47.138059700739035,0.30087370242214534,0.0,0.0,0.20349480968858133,ramp,mainline,"{'optimizer_steps': 0, 'replay_writes': 0, 'target_syncs': 0, 'epsilon_updates': 0, 'network_updates': 0}",baseline
61005,100000,37cca9b1c1253db4ca4befd9eb67e83d587383f2b369c05bf988af2d0bf7fd51,validation_004,0,3,566011,mainline,ramp,True,False,True,False,success,69,ramp_first,B,50.0,69.0,,,260.3450000000009,260.58500000000134,0.0,0.0,,14.933782465714728,0.9115605044373433,0.8166768003580659,0.8295652173913071,1.0,mainline,ramp,"{'optimizer_steps': 0, 'replay_writes': 0, 'target_syncs': 0, 'epsilon_updates': 0, 'network_updates': 0}",baseline
61005,100000,37cca9b1c1253db4ca4befd9eb67e83d587383f2b369c05bf988af2d0bf7fd51,validation_004,1,3,566012,ramp,mainline,False,False,False,True,truncation,400,,A,61.0,,,,260.73999999999984,140.9600000000002,0.0,0.0,,8.670243125235103,0.5309873532435151,0.06847500000000016,0.9704918032786888,0.06847500000000016,ramp,mainline,"{'optimizer_steps': 0, 'replay_writes': 0, 'target_syncs': 0, 'epsilon_updates': 0, 'network_updates': 0}",baseline
61005,100000,37cca9b1c1253db4ca4befd9eb67e83d587383f2b369c05bf988af2d0bf7fd51,validation_005,0,4,566013,mainline,ramp,True,False,True,False,success,62,ramp_first,B,43.0,62.0,,,260.48,260.5000000000004,0.0,0.0,,13.854173914945918,0.9269195241641024,0.8057426127854417,0.9019354838709679,1.0,mainline,ramp,"{'optimizer_steps': 0, 'replay_writes': 0, 'target_syncs': 0, 'epsilon_updates': 0, 'network_updates': 0}",baseline
61005,100000,37cca9b1c1253db4ca4befd9eb67e83d587383f2b369c05bf988af2d0bf7fd51,validation_005,1,4,566014,ramp,mainline,False,False,False,True,truncation,400,,A,97.0,,,,260.2062500000014,122.59999999999994,0.0,0.0,,12.865329360787413,0.4279544866254487,0.05362500000000004,0.5926804123711349,0.05362500000000004,ramp,mainline,"{'optimizer_steps': 0, 'replay_writes': 0, 'target_syncs': 0, 'epsilon_updates': 0, 'network_updates': 0}",baseline
61005,100000,37cca9b1c1253db4ca4befd9eb67e83d587383f2b369c05bf988af2d0bf7fd51,validation_006,0,5,566015,mainline,ramp,True,False,True,False,success,158,ramp_first,B,51.0,158.0,,,260.13249999999664,261.1600000000011,0.0,0.0,,16.19806904189801,0.6774414433964171,0.3541772151898723,0.3541772151898723,0.9941176470588236,mainline,ramp,"{'optimizer_steps': 0, 'replay_writes': 0, 'target_syncs': 0, 'epsilon_updates': 0, 'network_updates': 0}",baseline
61005,100000,37cca9b1c1253db4ca4befd9eb67e83d587383f2b369c05bf988af2d0bf7fd51,validation_006,1,5,566016,ramp,mainline,False,False,False,True,truncation,400,,A,82.0,,,,260.50999999999925,128.9866666666665,0.0,0.0,,10.37344897602334,0.4566555465630758,0.05762500000000004,0.7002439024390247,0.05762500000000004,ramp,mainline,"{'optimizer_steps': 0, 'replay_writes': 0, 'target_syncs': 0, 'epsilon_updates': 0, 'network_updates': 0}",baseline
61005,100000,37cca9b1c1253db4ca4befd9eb67e83d587383f2b369c05bf988af2d0bf7fd51,validation_007,0,6,566017,mainline,ramp,True,False,True,False,success,154,ramp_first,B,45.0,154.0,,,260.38250000000005,261.500000000001,0.0,0.0,,26.519287816157245,0.6923376935896981,0.381298701298702,0.381298701298702,0.9933333333333334,mainline,ramp,"{'optimizer_steps': 0, 'replay_writes': 0, 'target_syncs': 0, 'epsilon_updates': 0, 'network_updates': 0}",baseline
61005,100000,37cca9b1c1253db4ca4befd9eb67e83d587383f2b369c05bf988af2d0bf7fd51,validation_007,1,6,566018,ramp,mainline,False,False,False,True,truncation,400,,A,89.0,,,,260.34499999999855,124.60000000000046,0.0,0.0,,19.767270525824443,0.4398256298678064,0.06162500000000014,0.6229213483146069,0.06162500000000014,ramp,mainline,"{'optimizer_steps': 0, 'replay_writes': 0, 'target_syncs': 0, 'epsilon_updates': 0, 'network_updates': 0}",baseline
61005,100000,37cca9b1c1253db4ca4befd9eb67e83d587383f2b369c05bf988af2d0bf7fd51,validation_008,0,7,566019,mainline,ramp,True,False,True,False,success,70,ramp_first,B,52.0,70.0,,,260.10000000000076,261.18500000000125,0.0,0.0,,13.403914440967654,0.8926897760627949,0.7826711921632667,0.7938571428571436,0.9942307692307693,mainline,ramp,"{'optimizer_steps': 0, 'replay_writes': 0, 'target_syncs': 0, 'epsilon_updates': 0, 'network_updates': 0}",baseline
61005,100000,37cca9b1c1253db4ca4befd9eb67e83d587383f2b369c05bf988af2d0bf7fd51,validation_008,1,7,566020,ramp,mainline,False,False,False,True,truncation,400,,A,79.0,,,,260.4499999999996,128.70666666666662,0.0,0.0,,12.234318610977297,0.4673766815175569,0.05744999999999992,0.7382278481012665,0.05744999999999992,ramp,mainline,"{'optimizer_steps': 0, 'replay_writes': 0, 'target_syncs': 0, 'epsilon_updates': 0, 'network_updates': 0}",baseline
61006,100000,1b427c4c02839683d57c1fb7d6108496b99a5c5b79a51a217c003cae5adf9e39,validation_001,0,0,566006,mainline,ramp,False,False,False,True,truncation,400,,B,65.0,,,,111.06666666666696,260.80000000000024,0.0,0.0,,10.115010123182145,0.5113297174285943,0.0531750000000001,0.0531750000000001,0.9258461538461549,mainline,ramp,"{'optimizer_steps': 0, 'replay_writes': 0, 'target_syncs': 0, 'epsilon_updates': 0, 'network_updates': 0}",baseline
61006,100000,1b427c4c02839683d57c1fb7d6108496b99a5c5b79a51a217c003cae5adf9e39,validation_001,1,0,566007,ramp,mainline,True,False,True,False,success,336,ramp_first,A,52.0,336.0,,,261.1000000000007,260.06666666666905,0.0,0.0,,19.147466235529137,0.5883830354732792,0.1738988095238093,0.9986538461538463,0.1738988095238093,ramp,mainline,"{'optimizer_steps': 0, 'replay_writes': 0, 'target_syncs': 0, 'epsilon_updates': 0, 'network_updates': 0}",baseline
61006,100000,1b427c4c02839683d57c1fb7d6108496b99a5c5b79a51a217c003cae5adf9e39,validation_002,0,1,566008,mainline,ramp,False,False,False,True,truncation,400,,,,,,,144.07999999999956,232.26666666666665,0.0,0.0,5.938944341736203,4.578026662088774,0.31707168361012084,0.0704249999999999,0.0704249999999999,0.11817499999999953,mainline,ramp,"{'optimizer_steps': 0, 'replay_writes': 0, 'target_syncs': 0, 'epsilon_updates': 0, 'network_updates': 0}",baseline
61006,100000,1b427c4c02839683d57c1fb7d6108496b99a5c5b79a51a217c003cae5adf9e39,validation_002,1,1,566009,ramp,mainline,True,False,True,False,success,88,ramp_first,A,49.0,88.0,,,260.7625000000007,260.14625,0.0,0.0,,27.60762060741358,0.7832252720145578,0.521713704013705,0.9775510204081636,0.6336363636363631,ramp,mainline,"{'optimizer_steps': 0, 'replay_writes': 0, 'target_syncs': 0, 'epsilon_updates': 0, 'network_updates': 0}",baseline
61006,100000,1b427c4c02839683d57c1fb7d6108496b99a5c5b79a51a217c003cae5adf9e39,validation_003,0,2,566010,mainline,ramp,True,False,True,False,success,79,mainline_first,A,65.0,79.0,,,260.4500000000017,260.2400000000012,0.0,0.0,,2.2731763377189935,0.8282011918437959,0.7087341772151922,0.8478461538461568,0.7087341772151922,mainline,ramp,"{'optimizer_steps': 0, 'replay_writes': 0, 'target_syncs': 0, 'epsilon_updates': 0, 'network_updates': 0}",baseline
61006,100000,1b427c4c02839683d57c1fb7d6108496b99a5c5b79a51a217c003cae5adf9e39,validation_003,1,2,566011,ramp,mainline,True,False,True,False,success,267,ramp_first,A,52.0,267.0,,,260.40000000000094,260.34666666666396,0.0,0.0,,19.040199851823274,0.5978332666175807,0.21981273408239693,0.9444230769230775,0.21981273408239693,ramp,mainline,"{'optimizer_steps': 0, 'replay_writes': 0, 'target_syncs': 0, 'epsilon_updates': 0, 'network_updates': 0}",baseline
61006,100000,1b427c4c02839683d57c1fb7d6108496b99a5c5b79a51a217c003cae5adf9e39,validation_004,0,3,566012,mainline,ramp,False,False,False,True,truncation,400,,B,48.0,,,,120.31999999999991,260.7199999999996,0.0,0.0,,16.563914440967864,0.5319143716429324,0.05557500000000003,0.05557500000000003,1.0,mainline,ramp,"{'optimizer_steps': 0, 'replay_writes': 0, 'target_syncs': 0, 'epsilon_updates': 0, 'network_updates': 0}",baseline
61006,100000,1b427c4c02839683d57c1fb7d6108496b99a5c5b79a51a217c003cae5adf9e39,validation_004,1,3,566013,ramp,mainline,True,False,True,False,success,90,ramp_first,A,50.0,90.0,,,260.4600000000003,260.1462499999998,0.0,0.0,,24.56885521577489,0.7900810566449843,0.5426575599132709,1.0,0.6176666666666661,ramp,mainline,"{'optimizer_steps': 0, 'replay_writes': 0, 'target_syncs': 0, 'epsilon_updates': 0, 'network_updates': 0}",baseline
61006,100000,1b427c4c02839683d57c1fb7d6108496b99a5c5b79a51a217c003cae5adf9e39,validation_005,0,4,566014,mainline,ramp,False,False,False,True,truncation,400,,B,58.0,,,,125.46666666666644,260.6200000000021,0.0,0.0,,15.013014180896121,0.5153373821088363,0.05542499999999993,0.05542499999999993,0.9386206896551769,mainline,ramp,"{'optimizer_steps': 0, 'replay_writes': 0, 'target_syncs': 0, 'epsilon_updates': 0, 'network_updates': 0}",baseline
61006,100000,1b427c4c02839683d57c1fb7d6108496b99a5c5b79a51a217c003cae5adf9e39,validation_005,1,4,566015,ramp,mainline,True,False,True,False,success,96,ramp_first,A,47.0,96.0,,,260.2000000000007,260.0229166666666,0.0,0.0,,27.024429417483603,0.7566656703128068,0.460100181251228,1.0,0.5665624999999995,ramp,mainline,"{'optimizer_steps': 0, 'replay_writes': 0, 'target_syncs': 0, 'epsilon_updates': 0, 'network_updates': 0}",baseline
61006,100000,1b427c4c02839683d57c1fb7d6108496b99a5c5b79a51a217c003cae5adf9e39,validation_006,0,5,566016,mainline,ramp,False,False,False,True,truncation,400,,B,50.0,,,,110.82666666666668,260.87000000000097,0.0,0.0,,19.269163746154575,0.5239196873201566,0.04627499999999993,0.04627499999999993,0.992,mainline,ramp,"{'optimizer_steps': 0, 'replay_writes': 0, 'target_syncs': 0, 'epsilon_updates': 0, 'network_updates': 0}",baseline
61006,100000,1b427c4c02839683d57c1fb7d6108496b99a5c5b79a51a217c003cae5adf9e39,validation_006,1,5,566017,ramp,mainline,True,False,True,False,success,96,ramp_first,A,52.0,96.0,,,260.6900000000005,260.52666666666664,0.0,0.0,,22.39504059405627,0.7540154274350458,0.45641427384274785,0.9942307692307693,0.5654166666666661,ramp,mainline,"{'optimizer_steps': 0, 'replay_writes': 0, 'target_syncs': 0, 'epsilon_updates': 0, 'network_updates': 0}",baseline
61006,100000,1b427c4c02839683d57c1fb7d6108496b99a5c5b79a51a217c003cae5adf9e39,validation_007,0,6,566018,mainline,ramp,False,False,False,True,truncation,400,,,,,,,215.92000000000326,240.34666666666965,1.2,0.4,4.854455605016971,3.7052800716249266,0.34383273495099537,0.11862500000000012,0.11862500000000012,0.12607499999999994,mainline,ramp,"{'optimizer_steps': 0, 'replay_writes': 0, 'target_syncs': 0, 'epsilon_updates': 0, 'network_updates': 0}",baseline
61006,100000,1b427c4c02839683d57c1fb7d6108496b99a5c5b79a51a217c003cae5adf9e39,validation_007,1,6,566019,ramp,mainline,True,False,True,False,success,84,ramp_first,A,45.0,84.0,,,261.17000000000075,260.04,0.0,0.0,,25.24890308299568,0.8137485926436895,0.5893594499398369,0.9911111111111112,0.6745238095238096,ramp,mainline,"{'optimizer_steps': 0, 'replay_writes': 0, 'target_syncs': 0, 'epsilon_updates': 0, 'network_updates': 0}",baseline
61006,100000,1b427c4c02839683d57c1fb7d6108496b99a5c5b79a51a217c003cae5adf9e39,validation_008,0,7,566020,mainline,ramp,False,False,False,True,truncation,400,,B,46.0,,,,88.66666666666646,260.3000000000005,0.0,0.0,,25.429163746154842,0.5175897743437738,0.03242499999999993,0.03242499999999993,0.9891304347826086,mainline,ramp,"{'optimizer_steps': 0, 'replay_writes': 0, 'target_syncs': 0, 'epsilon_updates': 0, 'network_updates': 0}",baseline
61006,100000,1b427c4c02839683d57c1fb7d6108496b99a5c5b79a51a217c003cae5adf9e39,validation_008,1,7,566021,ramp,mainline,True,False,True,False,success,66,ramp_first,A,47.0,66.0,,,261.3600000000014,260.9762500000007,0.0,0.0,,16.27316789530248,0.8842207754562565,0.7409933532757034,0.9936170212765958,0.8022727272727271,ramp,mainline,"{'optimizer_steps': 0, 'replay_writes': 0, 'target_syncs': 0, 'epsilon_updates': 0, 'network_updates': 0}",baseline
61007,100000,d8a23c1923e38e4291ef5f720e3af2a104b41d30b80de8fbdbaa89ba9c3c59b7,validation_001,0,0,566007,mainline,ramp,True,False,True,False,success,54,mainline_first,A,44.0,54.0,,,260.8200000000004,260.9800000000013,0.0,0.0,,16.041321195357654,0.9903948849643932,0.9615795398575728,1.0,1.0,mainline,ramp,"{'optimizer_steps': 0, 'replay_writes': 0, 'target_syncs': 0, 'epsilon_updates': 0, 'network_updates': 0}",baseline
61007,100000,d8a23c1923e38e4291ef5f720e3af2a104b41d30b80de8fbdbaa89ba9c3c59b7,validation_001,1,0,566008,ramp,mainline,True,False,True,False,success,70,mainline_first,B,58.0,70.0,,,260.60000000000105,260.0,0.0,0.0,,19.634670639211976,0.9141122600539437,0.7994490402157732,0.8570000000000016,1.0,ramp,mainline,"{'optimizer_steps': 0, 'replay_writes': 0, 'target_syncs': 0, 'epsilon_updates': 0, 'network_updates': 0}",baseline
61007,100000,d8a23c1923e38e4291ef5f720e3af2a104b41d30b80de8fbdbaa89ba9c3c59b7,validation_002,0,1,566009,mainline,ramp,True,False,True,False,success,89,mainline_first,A,81.0,89.0,,,260.2800000000012,260.35249999999894,0.0,0.0,,3.9252478992351882,0.7357320301614076,0.6121348314606722,0.7064197530864197,0.6121348314606722,mainline,ramp,"{'optimizer_steps': 0, 'replay_writes': 0, 'target_syncs': 0, 'epsilon_updates': 0, 'network_updates': 0}",baseline
61007,100000,d8a23c1923e38e4291ef5f720e3af2a104b41d30b80de8fbdbaa89ba9c3c59b7,validation_002,1,1,566010,ramp,mainline,True,False,True,False,success,63,ramp_first,A,55.0,63.0,,,261.0799999999999,260.2800000000001,0.0,0.0,,6.008310529028407,0.9217571833282703,0.8240734663578089,0.963272727272729,0.8996825396825431,ramp,mainline,"{'optimizer_steps': 0, 'replay_writes': 0, 'target_syncs': 0, 'epsilon_updates': 0, 'network_updates': 0}",baseline
61007,100000,d8a23c1923e38e4291ef5f720e3af2a104b41d30b80de8fbdbaa89ba9c3c59b7,validation_003,0,2,566011,mainline,ramp,True,False,True,False,success,53,mainline_first,A,44.0,53.0,,,261.4400000000005,260.3200000000015,0.0,0.0,,6.945536793630225,0.980136083171343,0.9592452830188682,1.0,0.9592452830188682,mainline,ramp,"{'optimizer_steps': 0, 'replay_writes': 0, 'target_syncs': 0, 'epsilon_updates': 0, 'network_updates': 0}",baseline
61007,100000,d8a23c1923e38e4291ef5f720e3af2a104b41d30b80de8fbdbaa89ba9c3c59b7,validation_003,1,2,566012,ramp,mainline,True,False,True,False,success,65,mainline_first,B,51.0,65.0,,,260.74500000000165,260.4799999999997,0.0,0.0,,12.20498987681799,0.9323736825920327,0.8613846153846165,0.8613846153846165,1.0,ramp,mainline,"{'optimizer_steps': 0, 'replay_writes': 0, 'target_syncs': 0, 'epsilon_updates': 0, 'network_updates': 0}",baseline
61007,100000,d8a23c1923e38e4291ef5f720e3af2a104b41d30b80de8fbdbaa89ba9c3c59b7,validation_004,0,3,566013,mainline,ramp,True,False,True,False,success,54,mainline_first,A,45.0,54.0,,,261.32000000000056,261.0400000000013,0.0,0.0,,12.682541438860412,0.9853743401877693,0.9481640274177439,0.9933333333333334,1.0,mainline,ramp,"{'optimizer_steps': 0, 'replay_writes': 0, 'target_syncs': 0, 'epsilon_updates': 0, 'network_updates': 0}",baseline
61007,100000,d8a23c1923e38e4291ef5f720e3af2a104b41d30b80de8fbdbaa89ba9c3c59b7,validation_004,1,3,566014,ramp,mainline,True,False,True,False,success,73,mainline_first,B,62.0,73.0,,,260.4499999999997,260.9199999999984,0.0,0.0,,14.427293329663954,0.8778447855146281,0.7767392834637243,0.8165753424657552,0.9180645161290325,ramp,mainline,"{'optimizer_steps': 0, 'replay_writes': 0, 'target_syncs': 0, 'epsilon_updates': 0, 'network_updates': 0}",baseline
61007,100000,d8a23c1923e38e4291ef5f720e3af2a104b41d30b80de8fbdbaa89ba9c3c59b7,validation_005,0,4,566015,mainline,ramp,True,False,True,False,success,74,ramp_first,B,56.0,74.0,,,260.5799999999986,260.96000000000186,0.0,0.0,,13.052138078561953,0.8586407187214004,0.7102626818354087,0.7516216216216207,0.9726785714285721,mainline,ramp,"{'optimizer_steps': 0, 'replay_writes': 0, 'target_syncs': 0, 'epsilon_updates': 0, 'network_updates': 0}",baseline
61007,100000,d8a23c1923e38e4291ef5f720e3af2a104b41d30b80de8fbdbaa89ba9c3c59b7,validation_005,1,4,566016,ramp,mainline,True,False,True,False,success,72,ramp_first,A,59.0,72.0,,,261.02500000000157,260.7625000000001,0.0,0.0,22.025034380264145,18.29417391494576,0.8490443987302246,0.7173452032071465,0.9066101694915303,0.7722222222222219,ramp,mainline,"{'optimizer_steps': 0, 'replay_writes': 0, 'target_syncs': 0, 'epsilon_updates': 0, 'network_updates': 0}",baseline
61007,100000,d8a23c1923e38e4291ef5f720e3af2a104b41d30b80de8fbdbaa89ba9c3c59b7,validation_006,0,5,566017,mainline,ramp,True,False,True,False,success,74,mainline_first,A,65.0,74.0,,,260.11,261.1424999999992,0.0,0.0,,8.300712183842805,0.8391856931149462,0.722206389923402,0.8550769230769234,0.7794594594594593,mainline,ramp,"{'optimizer_steps': 0, 'replay_writes': 0, 'target_syncs': 0, 'epsilon_updates': 0, 'network_updates': 0}",baseline
61007,100000,d8a23c1923e38e4291ef5f720e3af2a104b41d30b80de8fbdbaa89ba9c3c59b7,validation_006,1,5,566018,ramp,mainline,True,False,True,False,success,79,mainline_first,B,67.0,79.0,,,260.89249999999964,260.2000000000006,0.0,0.0,,7.2048153102450385,0.8128605503819128,0.6856118595665696,0.7291139240506335,0.8367164179104485,ramp,mainline,"{'optimizer_steps': 0, 'replay_writes': 0, 'target_syncs': 0, 'epsilon_updates': 0, 'network_updates': 0}",baseline
61007,100000,d8a23c1923e38e4291ef5f720e3af2a104b41d30b80de8fbdbaa89ba9c3c59b7,validation_007,0,6,566019,mainline,ramp,True,False,True,False,success,90,mainline_first,A,81.0,90.0,,,260.5600000000017,260.8225000000007,0.0,0.0,,3.706696301058031,0.7485009715713693,0.6194444444444435,0.7239506172839516,0.6194444444444435,mainline,ramp,"{'optimizer_steps': 0, 'replay_writes': 0, 'target_syncs': 0, 'epsilon_updates': 0, 'network_updates': 0}",baseline
61007,100000,d8a23c1923e38e4291ef5f720e3af2a104b41d30b80de8fbdbaa89ba9c3c59b7,validation_007,1,6,566020,ramp,mainline,True,False,True,False,success,64,ramp_first,A,53.0,64.0,,,260.5600000000009,260.09000000000174,0.0,0.0,,5.57301285679452,0.9372634264833548,0.8554009936692648,0.9894339622641513,0.904218750000003,ramp,mainline,"{'optimizer_steps': 0, 'replay_writes': 0, 'target_syncs': 0, 'epsilon_updates': 0, 'network_updates': 0}",baseline
61007,100000,d8a23c1923e38e4291ef5f720e3af2a104b41d30b80de8fbdbaa89ba9c3c59b7,validation_008,0,7,566021,mainline,ramp,True,False,True,False,success,56,mainline_first,A,49.0,56.0,,,261.0400000000009,261.1199999999999,0.0,0.0,,11.308740001538993,0.9648020237603646,0.9137999317761517,0.9775510204081636,0.9678571428571429,mainline,ramp,"{'optimizer_steps': 0, 'replay_writes': 0, 'target_syncs': 0, 'epsilon_updates': 0, 'network_updates': 0}",baseline
61007,100000,d8a23c1923e38e4291ef5f720e3af2a104b41d30b80de8fbdbaa89ba9c3c59b7,validation_008,1,7,566022,ramp,mainline,True,False,True,False,success,81,mainline_first,B,70.0,81.0,,,260.27249999999947,260.00000000000153,0.0,0.0,,10.326551023976577,0.8037226089848256,0.6946435223590552,0.7202469135802475,0.7999999999999997,ramp,mainline,"{'optimizer_steps': 0, 'replay_writes': 0, 'target_syncs': 0, 'epsilon_updates': 0, 'network_updates': 0}",baseline
61008,100000,036db8b02fd5fd487c629aa16d2b7e6df51779df63eb7458c92332112bae328b,validation_001,0,0,566008,mainline,ramp,False,False,False,True,truncation,400,,B,58.0,,,,97.22666666666721,260.1999999999999,0.0,0.0,,15.63417391494572,0.5195517935510923,0.044525000000000106,0.044525000000000106,0.9760344827586217,mainline,ramp,"{'optimizer_steps': 0, 'replay_writes': 0, 'target_syncs': 0, 'epsilon_updates': 0, 'network_updates': 0}",baseline
61008,100000,036db8b02fd5fd487c629aa16d2b7e6df51779df63eb7458c92332112bae328b,validation_001,1,0,566009,ramp,mainline,False,False,False,True,truncation,400,,A,93.0,,,,260.5662500000026,96.6666666666669,0.0,0.0,,13.80756805517072,0.4386745904770845,0.044175000000000096,0.6532258064516142,0.044175000000000096,ramp,mainline,"{'optimizer_steps': 0, 'replay_writes': 0, 'target_syncs': 0, 'epsilon_updates': 0, 'network_updates': 0}",baseline
61008,100000,036db8b02fd5fd487c629aa16d2b7e6df51779df63eb7458c92332112bae328b,validation_002,0,1,566010,mainline,ramp,False,False,False,True,truncation,400,,B,78.0,,,,87.19999999999999,260.22000000000133,0.0,0.0,,25.214549995332746,0.4430862348247235,0.03487500000000001,0.03487500000000001,0.6933333333333385,mainline,ramp,"{'optimizer_steps': 0, 'replay_writes': 0, 'target_syncs': 0, 'epsilon_updates': 0, 'network_updates': 0}",baseline
61008,100000,036db8b02fd5fd487c629aa16d2b7e6df51779df63eb7458c92332112bae328b,validation_002,1,1,566011,ramp,mainline,False,False,False,True,truncation,400,,A,79.0,,,,260.4600000000005,99.30666666666625,0.0,0.0,,22.09822155123541,0.44477246277664373,0.04244999999999993,0.6849367088607591,0.04244999999999993,ramp,mainline,"{'optimizer_steps': 0, 'replay_writes': 0, 'target_syncs': 0, 'epsilon_updates': 0, 'network_updates': 0}",baseline
61008,100000,036db8b02fd5fd487c629aa16d2b7e6df51779df63eb7458c92332112bae328b,validation_003,0,2,566012,mainline,ramp,False,False,False,True,truncation,400,,B,125.0,,,,94.66666666666676,260.20000000000454,0.0,0.0,,17.619287816157268,0.38624316773990575,0.042925000000000074,0.042925000000000074,0.44600000000000284,mainline,ramp,"{'optimizer_steps': 0, 'replay_writes': 0, 'target_syncs': 0, 'epsilon_updates': 0, 'network_updates': 0}",baseline
61008,100000,036db8b02fd5fd487c629aa16d2b7e6df51779df63eb7458c92332112bae328b,validation_003,1,2,566013,ramp,mainline,False,False,False,True,truncation,400,,A,69.0,,,,260.4250000000005,95.30666666666686,0.0,0.0,,17.718526433316654,0.47751563569407285,0.043325000000000086,0.8102898550724644,0.043325000000000086,ramp,mainline,"{'optimizer_steps': 0, 'replay_writes': 0, 'target_syncs': 0, 'epsilon_updates': 0, 'network_updates': 0}",baseline
61008,100000,036db8b02fd5fd487c629aa16d2b7e6df51779df63eb7458c92332112bae328b,validation_004,0,3,566014,mainline,ramp,False,False,False,True,truncation,400,,B,52.0,,,,87.19999999999999,260.3500000000013,0.0,0.0,,21.979135635493293,0.5199297454082263,0.03487500000000001,0.03487500000000001,0.993461538461539,mainline,ramp,"{'optimizer_steps': 0, 'replay_writes': 0, 'target_syncs': 0, 'epsilon_updates': 0, 'network_updates': 0}",baseline
61008,100000,036db8b02fd5fd487c629aa16d2b7e6df51779df63eb7458c92332112bae328b,validation_004,1,3,566015,ramp,mainline,False,False,False,True,truncation,400,,A,77.0,,,,260.53999999999877,103.58000000000659,0.0,0.20000000000000084,,19.77943994835691,0.4696494115708642,0.04510000000000002,0.7720779220779235,0.04510000000000002,ramp,mainline,"{'optimizer_steps': 0, 'replay_writes': 0, 'target_syncs': 0, 'epsilon_updates': 0, 'network_updates': 0}",baseline
61008,100000,036db8b02fd5fd487c629aa16d2b7e6df51779df63eb7458c92332112bae328b,validation_005,0,4,566016,mainline,ramp,False,False,False,True,truncation,400,,B,47.0,,,,81.06666666666655,260.78000000000134,0.0,0.0,,26.230378717193048,0.5168071088872258,0.02767499999999994,0.02767499999999994,1.0,mainline,ramp,"{'optimizer_steps': 0, 'replay_writes': 0, 'target_syncs': 0, 'epsilon_updates': 0, 'network_updates': 0}",baseline
61008,100000,036db8b02fd5fd487c629aa16d2b7e6df51779df63eb7458c92332112bae328b,validation_005,1,4,566017,ramp,mainline,False,False,False,True,truncation,400,,A,78.0,,,,260.2649999999986,95.79999999999924,0.0,0.0,,25.21577630820738,0.45592848858759366,0.03687499999999975,0.7380769230769244,0.03687499999999975,ramp,mainline,"{'optimizer_steps': 0, 'replay_writes': 0, 'target_syncs': 0, 'epsilon_updates': 0, 'network_updates': 0}",baseline
61008,100000,036db8b02fd5fd487c629aa16d2b7e6df51779df63eb7458c92332112bae328b,validation_006,0,5,566018,mainline,ramp,False,False,False,True,truncation,400,,B,49.0,,,,81.06666666666655,261.4900000000011,0.0,0.0,,25.66637612974975,0.5148339500750415,0.02767499999999994,0.02767499999999994,0.992857142857143,mainline,ramp,"{'optimizer_steps': 0, 'replay_writes': 0, 'target_syncs': 0, 'epsilon_updates': 0, 'network_updates': 0}",baseline
61008,100000,036db8b02fd5fd487c629aa16d2b7e6df51779df63eb7458c92332112bae328b,validation_006,1,5,566019,ramp,mainline,False,False,False,True,truncation,400,,A,87.0,,,,260.35999999999893,99.58666666666596,0.0,0.0,,21.89518468975534,0.43645893879016134,0.03924999999999973,0.6562068965517244,0.03924999999999973,ramp,mainline,"{'optimizer_steps': 0, 'replay_writes': 0, 'target_syncs': 0, 'epsilon_updates': 0, 'network_updates': 0}",baseline
61008,100000,036db8b02fd5fd487c629aa16d2b7e6df51779df63eb7458c92332112bae328b,validation_007,0,6,566020,mainline,ramp,False,False,False,True,truncation,400,,B,147.0,,,,94.66666666666676,260.1999999999969,0.0,0.0,,20.59431861097734,0.36896085481473523,0.042925000000000074,0.042925000000000074,0.3768707482993208,mainline,ramp,"{'optimizer_steps': 0, 'replay_writes': 0, 'target_syncs': 0, 'epsilon_updates': 0, 'network_updates': 0}",baseline
61008,100000,036db8b02fd5fd487c629aa16d2b7e6df51779df63eb7458c92332112bae328b,validation_007,1,6,566021,ramp,mainline,False,False,False,True,truncation,400,,A,63.0,,,,260.65625000000097,97.06666666666662,0.0,0.0,,21.375010123182363,0.49656460224819426,0.04442500000000009,0.8842857142857143,0.04442500000000009,ramp,mainline,"{'optimizer_steps': 0, 'replay_writes': 0, 'target_syncs': 0, 'epsilon_updates': 0, 'network_updates': 0}",baseline
61008,100000,036db8b02fd5fd487c629aa16d2b7e6df51779df63eb7458c92332112bae328b,validation_008,0,7,566022,mainline,ramp,False,False,False,True,truncation,400,,B,50.0,,,,81.06666666666655,261.0700000000012,0.0,0.0,,25.2024714884339,0.5161321591849705,0.02767499999999994,0.02767499999999994,0.9928000000000003,mainline,ramp,"{'optimizer_steps': 0, 'replay_writes': 0, 'target_syncs': 0, 'epsilon_updates': 0, 'network_updates': 0}",baseline
61008,100000,036db8b02fd5fd487c629aa16d2b7e6df51779df63eb7458c92332112bae328b,validation_008,1,7,566023,ramp,mainline,False,False,False,True,truncation,400,,A,82.0,,,,260.2250000000002,99.35999999999909,0.0,0.0,50.81564648766438,23.002320445323917,0.45081144668535245,0.03909999999999972,0.7086585365853662,0.03909999999999972,ramp,mainline,"{'optimizer_steps': 0, 'replay_writes': 0, 'target_syncs': 0, 'epsilon_updates': 0, 'network_updates': 0}",baseline
61009,100000,5ea8fa385ae64a753b24a44a9de43968a425e4d490c46988a86edfdbd6c5540c,validation_001,0,0,566009,mainline,ramp,False,False,False,True,truncation,400,,A,47.0,,,,260.0962500000006,98.66666666666681,0.0,0.0,,,0.7562430370385276,0.050425000000000074,0.9974468085106386,0.050425000000000074,mainline,ramp,"{'optimizer_steps': 0, 'replay_writes': 0, 'target_syncs': 0, 'epsilon_updates': 0, 'network_updates': 0}",baseline
61009,100000,5ea8fa385ae64a753b24a44a9de43968a425e4d490c46988a86edfdbd6c5540c,validation_001,1,0,566010,ramp,mainline,False,False,False,True,truncation,400,,,,,,,86.66666666666681,109.66666666666681,0.0,0.0,,,0.2901619353057425,0.042925000000000074,0.042925000000000074,0.052300000000000076,ramp,mainline,"{'optimizer_steps': 0, 'replay_writes': 0, 'target_syncs': 0, 'epsilon_updates': 0, 'network_updates': 0}",baseline
61009,100000,5ea8fa385ae64a753b24a44a9de43968a425e4d490c46988a86edfdbd6c5540c,validation_002,0,1,566011,mainline,ramp,False,False,False,True,truncation,400,,A,131.0,,,,260.2691666666675,225.82666666666591,0.0,0.0,8.88976491357699,60.30993123947755,0.49231772536387397,0.11414999999999974,0.4243511450381689,0.11414999999999974,mainline,ramp,"{'optimizer_steps': 0, 'replay_writes': 0, 'target_syncs': 0, 'epsilon_updates': 0, 'network_updates': 0}",baseline
61009,100000,5ea8fa385ae64a753b24a44a9de43968a425e4d490c46988a86edfdbd6c5540c,validation_002,1,1,566012,ramp,mainline,False,False,False,True,truncation,400,,B,62.0,,,,95.77333333333313,260.29000000000065,0.0,0.0,,,0.6633606194059376,0.03287499999999987,0.03287499999999987,0.8429032258064517,ramp,mainline,"{'optimizer_steps': 0, 'replay_writes': 0, 'target_syncs': 0, 'epsilon_updates': 0, 'network_updates': 0}",baseline
61009,100000,5ea8fa385ae64a753b24a44a9de43968a425e4d490c46988a86edfdbd6c5540c,validation_003,0,2,566013,mainline,ramp,False,False,False,True,truncation,400,,A,60.0,,,,260.396250000001,81.06666666666655,0.0,0.0,,,0.7092933857477304,0.02767499999999994,0.9050000000000012,0.02767499999999994,mainline,ramp,"{'optimizer_steps': 0, 'replay_writes': 0, 'target_syncs': 0, 'epsilon_updates': 0, 'network_updates': 0}",baseline
61009,100000,5ea8fa385ae64a753b24a44a9de43968a425e4d490c46988a86edfdbd6c5540c,validation_003,1,2,566014,ramp,mainline,False,False,False,True,truncation,400,,B,50.0,,,,85.75999999999982,260.1400000000011,0.0,0.0,,,0.7360827689524507,0.030649999999999906,0.030649999999999906,0.9808000000000006,ramp,mainline,"{'optimizer_steps': 0, 'replay_writes': 0, 'target_syncs': 0, 'epsilon_updates': 0, 'network_updates': 0}",baseline
61009,100000,5ea8fa385ae64a753b24a44a9de43968a425e4d490c46988a86edfdbd6c5540c,validation_004,0,3,566015,mainline,ramp,False,False,False,True,truncation,400,,B,51.0,,,,87.19999999999999,261.32000000000016,0.0,0.0,,23.12144444707681,0.5215643607928416,0.03487500000000001,0.03487500000000001,1.0,mainline,ramp,"{'optimizer_steps': 0, 'replay_writes': 0, 'target_syncs': 0, 'epsilon_updates': 0, 'network_updates': 0}",baseline
61009,100000,5ea8fa385ae64a753b24a44a9de43968a425e4d490c46988a86edfdbd6c5540c,validation_004,1,3,566016,ramp,mainline,False,False,False,True,truncation,400,,A,47.0,,,,260.6400000000015,131.36000000000163,0.0,0.0,,23.933782465714685,0.5353643445871411,0.06247500000000002,1.0,0.06247500000000002,ramp,mainline,"{'optimizer_steps': 0, 'replay_writes': 0, 'target_syncs': 0, 'epsilon_updates': 0, 'network_updates': 0}",baseline
61009,100000,5ea8fa385ae64a753b24a44a9de43968a425e4d490c46988a86edfdbd6c5540c,validation_005,0,4,566017,mainline,ramp,False,False,False,True,truncation,400,,B,49.0,,,,86.46666666666663,260.6400000000002,0.0,0.0,,21.4318457482499,0.5184946641217567,0.03104999999999997,0.03104999999999997,1.0,mainline,ramp,"{'optimizer_steps': 0, 'replay_writes': 0, 'target_syncs': 0, 'epsilon_updates': 0, 'network_updates': 0}",baseline
61009,100000,5ea8fa385ae64a753b24a44a9de43968a425e4d490c46988a86edfdbd6c5540c,validation_005,1,4,566018,ramp,mainline,False,False,False,True,truncation,400,,A,58.0,,,,261.2,81.06666666666655,0.0,0.0,,25.381110011306916,0.5168071088872258,0.02767499999999994,1.0,0.02767499999999994,ramp,mainline,"{'optimizer_steps': 0, 'replay_writes': 0, 'target_syncs': 0, 'epsilon_updates': 0, 'network_updates': 0}",baseline
61009,100000,5ea8fa385ae64a753b24a44a9de43968a425e4d490c46988a86edfdbd6c5540c,validation_006,0,5,566019,mainline,ramp,False,False,False,True,truncation,400,,B,53.0,,,,86.46666666666663,260.44000000000034,0.0,0.0,,19.787419328227784,0.5107599379876501,0.03104999999999997,0.03104999999999997,0.969811320754717,mainline,ramp,"{'optimizer_steps': 0, 'replay_writes': 0, 'target_syncs': 0, 'epsilon_updates': 0, 'network_updates': 0}",baseline
61009,100000,5ea8fa385ae64a753b24a44a9de43968a425e4d490c46988a86edfdbd6c5540c,validation_006,1,5,566020,ramp,mainline,False,False,False,True,truncation,400,,A,60.0,,,,260.4425000000013,133.01333333332593,0.0,0.0,,23.76682366228161,0.5203028935502421,0.06027499999999991,0.9496666666666673,0.06027499999999991,ramp,mainline,"{'optimizer_steps': 0, 'replay_writes': 0, 'target_syncs': 0, 'epsilon_updates': 0, 'network_updates': 0}",baseline
61009,100000,5ea8fa385ae64a753b24a44a9de43968a425e4d490c46988a86edfdbd6c5540c,validation_007,0,6,566021,mainline,ramp,False,False,False,True,truncation,400,,A,47.0,,,,260.5450000000007,94.40000000000002,0.0,0.0,,,0.7533744347793402,0.03487500000000001,1.0,0.03487500000000001,mainline,ramp,"{'optimizer_steps': 0, 'replay_writes': 0, 'target_syncs': 0, 'epsilon_updates': 0, 'network_updates': 0}",baseline
61009,100000,5ea8fa385ae64a753b24a44a9de43968a425e4d490c46988a86edfdbd6c5540c,validation_007,1,6,566022,ramp,mainline,False,False,False,True,truncation,400,,B,47.0,,,,95.8533333333334,260.03000000000077,0.0,0.0,,,0.7474328734761526,0.035800000000000005,0.035800000000000005,0.9991489361702128,ramp,mainline,"{'optimizer_steps': 0, 'replay_writes': 0, 'target_syncs': 0, 'epsilon_updates': 0, 'network_updates': 0}",baseline
61009,100000,5ea8fa385ae64a753b24a44a9de43968a425e4d490c46988a86edfdbd6c5540c,validation_008,0,7,566023,mainline,ramp,False,False,False,True,truncation,400,,B,52.0,,,,81.06666666666655,261.2600000000006,0.0,0.0,,22.972721637572477,0.5121629284157396,0.02767499999999994,0.02767499999999994,0.9769230769230769,mainline,ramp,"{'optimizer_steps': 0, 'replay_writes': 0, 'target_syncs': 0, 'epsilon_updates': 0, 'network_updates': 0}",baseline
61009,100000,5ea8fa385ae64a753b24a44a9de43968a425e4d490c46988a86edfdbd6c5540c,validation_008,1,7,566024,ramp,mainline,False,False,False,True,truncation,400,,A,55.0,,,,260.59999999999974,133.19999999999257,0.0,0.0,,25.315010123182432,0.5304409506836532,0.06039999999999991,0.9847272727272728,0.06039999999999991,ramp,mainline,"{'optimizer_steps': 0, 'replay_writes': 0, 'target_syncs': 0, 'epsilon_updates': 0, 'network_updates': 0}",baseline
61010,100000,6c323fa50b01e39ff9c7e207ff6f201451407bba428ea6383ec3a42099fce385,validation_001,0,0,566010,mainline,ramp,False,False,False,True,truncation,400,,A,58.0,,,,260.1400000000011,234.92000000000243,0.0,0.0,,12.375420422633255,0.5503013020489188,0.13382500000000136,0.9237931034482785,0.13382500000000136,mainline,ramp,"{'optimizer_steps': 0, 'replay_writes': 0, 'target_syncs': 0, 'epsilon_updates': 0, 'network_updates': 0}",baseline
61010,100000,6c323fa50b01e39ff9c7e207ff6f201451407bba428ea6383ec3a42099fce385,validation_001,1,0,566011,ramp,mainline,False,False,False,True,truncation,400,,,,,,,106.66666666666681,202.30666666666707,0.0,0.0,,52.52655102397665,0.3220682139712998,0.055425000000000085,0.055425000000000085,0.10952500000000043,ramp,mainline,"{'optimizer_steps': 0, 'replay_writes': 0, 'target_syncs': 0, 'epsilon_updates': 0, 'network_updates': 0}",baseline
61010,100000,6c323fa50b01e39ff9c7e207ff6f201451407bba428ea6383ec3a42099fce385,validation_002,0,1,566012,mainline,ramp,False,True,True,False,collision,19,,,,,,,108.20625000000015,108.7462500000001,22.850000000000087,16.850000000000087,0.0,-4.544577941424876,0.46670450265761576,0.0,0.0,0.0,mainline,ramp,"{'optimizer_steps': 0, 'replay_writes': 0, 'target_syncs': 0, 'epsilon_updates': 0, 'network_updates': 0}",baseline
61010,100000,6c323fa50b01e39ff9c7e207ff6f201451407bba428ea6383ec3a42099fce385,validation_002,1,1,566013,ramp,mainline,False,False,False,True,truncation,400,,,,,,,90.66666666666654,190.10666666666654,0.0,0.0,,,0.30933211825260754,0.02967499999999994,0.02967499999999994,0.09920000000000012,ramp,mainline,"{'optimizer_steps': 0, 'replay_writes': 0, 'target_syncs': 0, 'epsilon_updates': 0, 'network_updates': 0}",baseline
61010,100000,6c323fa50b01e39ff9c7e207ff6f201451407bba428ea6383ec3a42099fce385,validation_003,0,2,566014,mainline,ramp,False,False,False,True,truncation,400,,,,,,,249.34666666666794,166.42666666666685,0.0,0.0,,4.31021053036423,0.3282644587827625,0.08102500000000018,0.13125000000000064,0.08102500000000018,mainline,ramp,"{'optimizer_steps': 0, 'replay_writes': 0, 'target_syncs': 0, 'epsilon_updates': 0, 'network_updates': 0}",baseline
61010,100000,6c323fa50b01e39ff9c7e207ff6f201451407bba428ea6383ec3a42099fce385,validation_003,1,2,566015,ramp,mainline,False,False,False,True,truncation,400,,,,,,,81.06666666666655,185.22666666666683,0.0,0.0,,,0.3099619450850641,0.02767499999999994,0.02767499999999994,0.09952500000000007,ramp,mainline,"{'optimizer_steps': 0, 'replay_writes': 0, 'target_syncs': 0, 'epsilon_updates': 0, 'network_updates': 0}",baseline
61010,100000,6c323fa50b01e39ff9c7e207ff6f201451407bba428ea6383ec3a42099fce385,validation_004,0,3,566016,mainline,ramp,False,False,False,True,truncation,400,,A,63.0,,,,260.24000000000143,234.68000000000458,0.0,0.4000000000001307,,14.150682009626564,0.5312973670441915,0.1326250000000061,0.8495238095238131,0.1326250000000061,mainline,ramp,"{'optimizer_steps': 0, 'replay_writes': 0, 'target_syncs': 0, 'epsilon_updates': 0, 'network_updates': 0}",baseline
61010,100000,6c323fa50b01e39ff9c7e207ff6f201451407bba428ea6383ec3a42099fce385,validation_004,1,3,566017,ramp,mainline,False,False,False,True,truncation,400,,A,70.0,,,,260.5500000000001,239.91999999999874,0.0,0.0,,9.010397254610567,0.523396604913861,0.1303249999999998,0.8164285714285731,0.1303249999999998,ramp,mainline,"{'optimizer_steps': 0, 'replay_writes': 0, 'target_syncs': 0, 'epsilon_updates': 0, 'network_updates': 0}",baseline
61010,100000,6c323fa50b01e39ff9c7e207ff6f201451407bba428ea6383ec3a42099fce385,validation_005,0,4,566018,mainline,ramp,False,True,True,False,collision,19,,,,,,,111.29000000000019,108.2900000000002,23.400000000000105,24.0000000000001,0.0,-1.9189072737617465,0.46444894367622364,0.0,0.0,0.0,mainline,ramp,"{'optimizer_steps': 0, 'replay_writes': 0, 'target_syncs': 0, 'epsilon_updates': 0, 'network_updates': 0}",baseline
61010,100000,6c323fa50b01e39ff9c7e207ff6f201451407bba428ea6383ec3a42099fce385,validation_005,1,4,566019,ramp,mainline,False,False,False,True,truncation,400,,A,54.0,,,,260.24000000000063,239.55999999999887,0.0,0.0,,13.590672826311959,0.5621677075197657,0.12672499999999914,0.9833333333333337,0.12672499999999914,ramp,mainline,"{'optimizer_steps': 0, 'replay_writes': 0, 'target_syncs': 0, 'epsilon_updates': 0, 'network_updates': 0}",baseline
61010,100000,6c323fa50b01e39ff9c7e207ff6f201451407bba428ea6383ec3a42099fce385,validation_006,0,5,566020,mainline,ramp,False,False,False,True,truncation,400,,,,,,,253.4266666666687,181.54666666666756,0.0,0.0,,9.984671314871562,0.33085942690169023,0.09385000000000052,0.1281000000000009,0.09385000000000052,mainline,ramp,"{'optimizer_steps': 0, 'replay_writes': 0, 'target_syncs': 0, 'epsilon_updates': 0, 'network_updates': 0}",baseline
61010,100000,6c323fa50b01e39ff9c7e207ff6f201451407bba428ea6383ec3a42099fce385,validation_006,1,5,566021,ramp,mainline,False,False,False,True,truncation,400,,,,,,,247.16000000000116,140.79999999999964,0.0,0.0,42.55419531688672,25.43408957196489,0.3189968256435131,0.06499999999999971,0.13485000000000022,0.06499999999999971,ramp,mainline,"{'optimizer_steps': 0, 'replay_writes': 0, 'target_syncs': 0, 'epsilon_updates': 0, 'network_updates': 0}",baseline
61010,100000,6c323fa50b01e39ff9c7e207ff6f201451407bba428ea6383ec3a42099fce385,validation_007,0,6,566022,mainline,ramp,False,True,True,False,collision,18,,,,,,,107.60625000000017,108.52250000000015,24.350000000000072,18.30000000000009,0.0,-4.166616037207589,0.48615651376196045,0.0,0.0,0.0,mainline,ramp,"{'optimizer_steps': 0, 'replay_writes': 0, 'target_syncs': 0, 'epsilon_updates': 0, 'network_updates': 0}",baseline
61010,100000,6c323fa50b01e39ff9c7e207ff6f201451407bba428ea6383ec3a42099fce385,validation_007,1,6,566023,ramp,mainline,False,False,False,True,truncation,400,,,,,,,101.59999999999998,205.18666666666707,0.0,0.0,,,0.31831820938458366,0.039375000000000014,0.039375000000000014,0.10877500000000023,ramp,mainline,"{'optimizer_steps': 0, 'replay_writes': 0, 'target_syncs': 0, 'epsilon_updates': 0, 'network_updates': 0}",baseline
61010,100000,6c323fa50b01e39ff9c7e207ff6f201451407bba428ea6383ec3a42099fce385,validation_008,0,7,566024,mainline,ramp,False,False,False,True,truncation,400,,,,,,,250.0266666666685,171.66666666666725,0.0,0.0,,16.156171878818753,0.32950214958565655,0.0899250000000004,0.12752500000000083,0.0899250000000004,mainline,ramp,"{'optimizer_steps': 0, 'replay_writes': 0, 'target_syncs': 0, 'epsilon_updates': 0, 'network_updates': 0}",baseline
61010,100000,6c323fa50b01e39ff9c7e207ff6f201451407bba428ea6383ec3a42099fce385,validation_008,1,7,566025,ramp,mainline,False,False,False,True,truncation,400,,,,,,,212.14666666667006,125.71999999999962,0.0,0.0,,8.733012856794687,0.3106905834299633,0.05557499999999981,0.11522500000000051,0.05557499999999981,ramp,mainline,"{'optimizer_steps': 0, 'replay_writes': 0, 'target_syncs': 0, 'epsilon_updates': 0, 'network_updates': 0}",baseline
